# File exported by Houdini 19.5.605 (www.sidefx.com)
# 4171 points
# 23967 vertices
# 7989 primitives
# Bounds: [0.381583363, 0.128276765, 0.29246819] to [0.617894888, 0.319434434, 0.66028595]
mtllib dragon.mtl 
v 0.38933295 0.222624823 0.293921113
v 0.395074904 0.217601746 0.517493367
v 0.405565083 0.257642061 0.643107533
v 0.457891732 0.258579791 0.652571321
v 0.542486548 0.259345293 0.65253222
v 0.595261574 0.258834243 0.64325428
v 0.604837894 0.219304919 0.516515613
v 0.610721111 0.224652037 0.292473435
v 0.604839563 0.219258249 0.516510725
v 0.59526211 0.258790076 0.643252015
v 0.542485058 0.259079158 0.652415633
v 0.50081259 0.162748173 0.563822389
v 0.457892358 0.258423358 0.652505517
v 0.405565619 0.257604271 0.643105149
v 0.39507395 0.217575759 0.517491341
v 0.38931784 0.222515777 0.29392314
v 0.610726237 0.224555075 0.29246819
v 0.609641552 0.232982337 0.293186665
v 0.60668087 0.240805969 0.293523014
v 0.603250146 0.248459309 0.293854296
v 0.600696385 0.256367147 0.294235468
v 0.596723795 0.263746291 0.294498801
v 0.59125036 0.270060182 0.294600427
v 0.586001396 0.27644673 0.294603586
v 0.580075145 0.282237798 0.294561028
v 0.573809028 0.287616134 0.294512868
v 0.567134142 0.292523593 0.294402242
v 0.560516715 0.297551692 0.294278502
v 0.553395927 0.301822692 0.294386446
v 0.545496643 0.304728299 0.293864965
v 0.537321866 0.306462407 0.293661058
v 0.528968513 0.307955682 0.293344378
v 0.520485818 0.30870229 0.293184519
v 0.51193887 0.308933139 0.293054879
v 0.503362417 0.308846653 0.293129861
v 0.494768649 0.308822542 0.293150783
v 0.486210585 0.308415353 0.293479919
v 0.477714598 0.308015347 0.293798923
v 0.469291866 0.307284713 0.294155955
v 0.46095264 0.305798501 0.294618309
v 0.452767074 0.30431065 0.295082748
v 0.445000321 0.301070869 0.295528293
v 0.43811667 0.296397209 0.295642853
v 0.431674302 0.29120189 0.295737028
v 0.425201446 0.286093146 0.295795381
v 0.419044226 0.280627191 0.29602325
v 0.413127065 0.274846673 0.29604435
v 0.408178061 0.26825425 0.296054363
v 0.403140455 0.261629611 0.295871377
v 0.399414986 0.254177541 0.295705616
v 0.396043867 0.246632427 0.295380652
v 0.392428279 0.239077181 0.295137048
v 0.390430123 0.230928048 0.294652343
v 0.389276356 0.221940011 0.303096414
v 0.389176309 0.221483573 0.312248588
v 0.389190078 0.221008509 0.321361005
v 0.389492899 0.220589161 0.330432355
v 0.389846593 0.220196173 0.339480877
v 0.390361279 0.219789326 0.348500192
v 0.391020626 0.219408393 0.357488751
v 0.391681194 0.219069704 0.366466224
v 0.392392069 0.218742073 0.375428021
v 0.39308551 0.21846123 0.384374201
v 0.393743843 0.218203068 0.393313587
v 0.394372672 0.217982844 0.402241886
v 0.395012259 0.217776299 0.411163867
v 0.395578057 0.217602044 0.420083165
v 0.396084994 0.217447788 0.428997099
v 0.396514714 0.217320248 0.437906563
v 0.396875769 0.217216015 0.446813524
v 0.397158742 0.217137188 0.455716968
v 0.397357106 0.21708627 0.464613318
v 0.39742589 0.217062637 0.473510504
v 0.397326708 0.217090219 0.482384682
v 0.396962911 0.217170939 0.491248727
v 0.396286547 0.217330694 0.500059247
v 0.395549685 0.217519403 0.508726835
v 0.395455122 0.22689262 0.518194675
v 0.395838171 0.236200795 0.518823266
v 0.396216244 0.245519698 0.519505978
v 0.396644503 0.254864216 0.520131111
v 0.397167921 0.264219999 0.520794511
v 0.398970902 0.273381054 0.521852136
v 0.403135955 0.281621099 0.523817539
v 0.409080625 0.288418174 0.526716828
v 0.415557325 0.294396639 0.530393004
v 0.422098994 0.300005764 0.534624934
v 0.428124279 0.305490255 0.539722681
v 0.4333556 0.310151458 0.546382189
v 0.435676515 0.31358248 0.555075645
v 0.436406434 0.315596431 0.564458966
v 0.435638815 0.316247255 0.573899388
v 0.43391338 0.316292793 0.583174944
v 0.431426436 0.315501451 0.592240572
v 0.42821151 0.314309984 0.601006031
v 0.424864322 0.312627912 0.609645844
v 0.421282053 0.309912413 0.6179564
v 0.417902559 0.306021422 0.62584424
v 0.41474551 0.300483525 0.63278687
v 0.41225791 0.293273777 0.63831079
v 0.41009292 0.285021871 0.642195582
v 0.408421218 0.275957823 0.643764019
v 0.406950504 0.266767681 0.643639445
v 0.412980795 0.257931083 0.643072367
v 0.420020908 0.258222699 0.643210649
v 0.426775128 0.258545756 0.643453121
v 0.433466196 0.258806318 0.644085884
v 0.439962864 0.259016395 0.645035386
v 0.446394652 0.259232074 0.646399021
v 0.452728391 0.259402484 0.648338556
v 0.458111167 0.267564148 0.65658164
v 0.458959043 0.276894033 0.659487724
v 0.462057799 0.28617844 0.65990746
v 0.467430145 0.294098198 0.657769442
v 0.47411111 0.300112516 0.653840542
v 0.481563658 0.303830981 0.648756504
v 0.489849299 0.305816948 0.644079924
v 0.499342859 0.30634588 0.642621398
v 0.508568287 0.305325806 0.645102859
v 0.516990244 0.303378761 0.649520755
v 0.524583876 0.299968868 0.654611707
v 0.531622231 0.294255465 0.658306479
v 0.537213922 0.286521494 0.66028595
v 0.540695727 0.27738905 0.659750938
v 0.541993618 0.268159628 0.656755447
v 0.547968864 0.259961545 0.648536563
v 0.554291844 0.25998795 0.64643991
v 0.560814738 0.259808898 0.645415068
v 0.567312241 0.259758472 0.644278049
v 0.574124515 0.2595658 0.643771052
v 0.580948114 0.259375155 0.643356442
v 0.58794564 0.259120256 0.643173695
v 0.593582273 0.268131614 0.643680811
v 0.591743231 0.277472734 0.643606186
v 0.589637041 0.286593199 0.641638279
v 0.586965442 0.294749081 0.637347817
v 0.584017098 0.301895499 0.631597042
v 0.580430925 0.307055295 0.624315023
v 0.576686144 0.310887188 0.616286755
v 0.572787285 0.313233137 0.607759714
v 0.569168985 0.315017045 0.598994613
v 0.565825224 0.316208243 0.590012431
v 0.563639164 0.316817284 0.580605984
v 0.562316179 0.316378683 0.57102108
v 0.56266886 0.315167725 0.561239958
v 0.565845728 0.312408596 0.552358747
v 0.571226656 0.308044195 0.545333505
v 0.577355266 0.302797079 0.539717078
v 0.583628953 0.296900451 0.535098672
v 0.589937031 0.290768951 0.530806065
v 0.596140802 0.284254909 0.527128458
v 0.600675702 0.276153088 0.524359226
v 0.602801442 0.266898245 0.522611737
v 0.603474855 0.257355124 0.521489024
v 0.603879988 0.247830451 0.520372987
v 0.604190409 0.238280222 0.519248486
v 0.604509115 0.228777379 0.51795876
v 0.604537606 0.219301298 0.507823586
v 0.603614151 0.219141275 0.499068737
v 0.602773666 0.219015941 0.490233123
v 0.602409422 0.218972832 0.481341958
v 0.602342784 0.218991786 0.472435057
v 0.602453113 0.219053358 0.463518679
v 0.602685452 0.219153941 0.454595804
v 0.603009939 0.219275266 0.445673823
v 0.603421926 0.219421625 0.436749697
v 0.603924751 0.219593734 0.427823067
v 0.604494929 0.219787151 0.418894947
v 0.605140686 0.220002681 0.409963965
v 0.605838418 0.220244318 0.401026607
v 0.606590331 0.220510364 0.392083466
v 0.607383847 0.220799044 0.383134186
v 0.608101964 0.221100911 0.374168932
v 0.608789504 0.221429288 0.365185916
v 0.60950011 0.221795201 0.356189251
v 0.610017836 0.222137034 0.347167253
v 0.61050123 0.222493678 0.338127255
v 0.610891998 0.222869769 0.329057693
v 0.611085057 0.223272368 0.31995368
v 0.611166775 0.223663032 0.310817361
v 0.610931575 0.224076807 0.301664829
v 0.610931516 0.224077985 0.301669657
v 0.611166894 0.22366339 0.310818076
v 0.611085117 0.223272234 0.319957912
v 0.610892057 0.222869843 0.329060316
v 0.61050117 0.222493634 0.338129163
v 0.610017717 0.222137123 0.34716922
v 0.60950017 0.221794963 0.356190085
v 0.608789384 0.221429303 0.365187824
v 0.608101964 0.221100673 0.374170303
v 0.607383907 0.220798835 0.383134902
v 0.606590271 0.220510066 0.392085075
v 0.605838418 0.22024405 0.401027381
v 0.605140686 0.220002428 0.409964681
v 0.604494989 0.219786704 0.4188959
v 0.603924751 0.219593242 0.427823722
v 0.603421926 0.219421104 0.436750233
v 0.603009999 0.219274402 0.445674479
v 0.60268569 0.219152004 0.454596758
v 0.602453232 0.219052404 0.463518977
v 0.602343321 0.218986869 0.47243464
v 0.60240972 0.218969792 0.48134172
v 0.602774262 0.219008341 0.490231633
v 0.603615522 0.219121769 0.499064684
v 0.604539692 0.219270408 0.507817507
v 0.604866207 0.211370051 0.521336675
v 0.6043576 0.203624606 0.526203394
v 0.603820384 0.196138233 0.531313062
v 0.606850564 0.188901573 0.535831451
v 0.613000989 0.182580918 0.533899903
v 0.617894888 0.175710693 0.537010312
v 0.611716628 0.176793754 0.543527365
v 0.605519474 0.178370491 0.549930692
v 0.60072726 0.17953217 0.557541966
v 0.596380889 0.181644693 0.565282226
v 0.592504382 0.185039103 0.572943091
v 0.589602709 0.189753532 0.580625772
v 0.587838411 0.195460871 0.588176727
v 0.587091744 0.201623976 0.595631123
v 0.587061703 0.207939535 0.603080511
v 0.587698817 0.214294881 0.610463381
v 0.58862865 0.220642969 0.617751479
v 0.589704633 0.22693336 0.625061989
v 0.590902388 0.233433515 0.632095456
v 0.592189252 0.240990967 0.637847304
v 0.59359771 0.249687403 0.641402245
v 0.587947726 0.259082049 0.643167734
v 0.58095324 0.259290427 0.643339276
v 0.574127555 0.259520113 0.643759012
v 0.567315459 0.259717852 0.644266605
v 0.560816884 0.259775609 0.6454041
v 0.554295123 0.259945035 0.646424055
v 0.547969759 0.259952605 0.648532629
v 0.540912807 0.250018537 0.649531484
v 0.539333045 0.241207883 0.64603436
v 0.53674823 0.233364284 0.641168356
v 0.53414768 0.225830361 0.635819674
v 0.531643867 0.218360081 0.630482674
v 0.529266655 0.210969597 0.625122905
v 0.526716113 0.204028487 0.61930728
v 0.523576558 0.198567793 0.612360001
v 0.520453215 0.193180457 0.605410695
v 0.517317414 0.18795608 0.598410964
v 0.514164567 0.182801723 0.591419458
v 0.510935903 0.17776075 0.584429502
v 0.507670879 0.17277059 0.57747066
v 0.504323184 0.16777122 0.570591092
v 0.497407585 0.167788312 0.570714593
v 0.49408406 0.17283465 0.577641845
v 0.49078989 0.177830115 0.58463347
v 0.487524748 0.182912901 0.591611028
v 0.484245211 0.187963918 0.598646641
v 0.480956286 0.193026125 0.605709791
v 0.47767508 0.198241055 0.612701774
v 0.474440306 0.203671649 0.619585752
v 0.471898586 0.210773826 0.625197649
v 0.469345003 0.218053743 0.630639911
v 0.466751754 0.225442454 0.635954142
v 0.463976949 0.232934982 0.641171217
v 0.461319029 0.240728885 0.645996928
v 0.459241003 0.24932164 0.649833798
v 0.452726036 0.259358227 0.648319364
v 0.446392953 0.259208679 0.646390319
v 0.439960301 0.258976787 0.645022511
v 0.433461756 0.258733422 0.644064665
v 0.426772177 0.258491158 0.643439054
v 0.420019448 0.258178264 0.643200636
v 0.412980527 0.257901251 0.643067837
v 0.40763244 0.248657361 0.641095638
v 0.409498125 0.240187824 0.637255311
v 0.411202729 0.232950389 0.631252646
v 0.412673861 0.226550728 0.624227047
v 0.41405043 0.220138744 0.617101312
v 0.415217578 0.213660911 0.60994637
v 0.415984631 0.20715566 0.602743506
v 0.415852159 0.200756058 0.59534514
v 0.414506227 0.194787368 0.587774873
v 0.41184634 0.189596698 0.580275655
v 0.40827316 0.185528964 0.572675228
v 0.404723167 0.183236554 0.564534783
v 0.401808083 0.182586595 0.555951953
v 0.398154855 0.182319716 0.54768455
v 0.391014487 0.179676414 0.542831063
v 0.382999033 0.175678208 0.541761041
v 0.381583363 0.180275589 0.534162998
v 0.386992306 0.187425181 0.533009291
v 0.392334104 0.19470048 0.53202045
v 0.395080268 0.202174902 0.527598023
v 0.395058811 0.209750921 0.52254355
v 0.395547569 0.217488244 0.50872314
v 0.396285713 0.217319801 0.500058055
v 0.396962047 0.217160568 0.491247952
v 0.397325724 0.217079282 0.482384861
v 0.397425711 0.21706064 0.473510742
v 0.397356808 0.217082903 0.464614391
v 0.397158682 0.217136145 0.455717504
v 0.396875709 0.217215359 0.44681406
v 0.396514654 0.217319548 0.437907219
v 0.396084964 0.217447251 0.428997755
v 0.395578027 0.21760124 0.420084357
v 0.395012259 0.21777606 0.411164284
v 0.394372702 0.217982218 0.402243495
v 0.393743813 0.21820268 0.393314362
v 0.393085599 0.218460962 0.38437587
v 0.392392099 0.218741834 0.375429153
v 0.391681194 0.219069451 0.366467178
v 0.391020805 0.219408512 0.357490897
v 0.39036122 0.219789267 0.348500967
v 0.389846474 0.220195875 0.339482665
v 0.389493018 0.220589414 0.330435038
v 0.389189869 0.221008807 0.321362495
v 0.38917619 0.221483737 0.312251806
v 0.389276177 0.221941426 0.303102791
v 0.389359951 0.214369074 0.294822037
v 0.389678359 0.206081644 0.295419335
v 0.391578853 0.198298022 0.29599452
v 0.393316984 0.18992275 0.295915663
v 0.397751868 0.183452129 0.296670616
v 0.40266794 0.176693618 0.295662999
v 0.409204453 0.17192027 0.295813262
v 0.416321874 0.167931408 0.295012712
v 0.423925638 0.164776534 0.294719398
v 0.431405455 0.161223918 0.294223547
v 0.439210325 0.15822728 0.293876827
v 0.447030455 0.155162826 0.293501377
v 0.455233097 0.153276116 0.293361723
v 0.463482052 0.151467934 0.293250203
v 0.471743405 0.149457589 0.292999029
v 0.480158865 0.148243666 0.293293417
v 0.488618374 0.147306874 0.292828321
v 0.497096181 0.147199392 0.29289031
v 0.505548418 0.147226691 0.292925954
v 0.514068604 0.147441804 0.292922795
v 0.522489846 0.148478866 0.293009639
v 0.530891061 0.149675548 0.293108523
v 0.539115191 0.151660264 0.293205619
v 0.547341108 0.153483123 0.293290079
v 0.5554865 0.155372694 0.293443978
v 0.563142836 0.158835769 0.293812692
v 0.570684493 0.162310228 0.29406637
v 0.578199565 0.165755093 0.294425011
v 0.585713804 0.169082925 0.294757426
v 0.592615247 0.17316398 0.295137048
v 0.5990237 0.178373307 0.295503318
v 0.60384047 0.184703842 0.295407772
v 0.607170999 0.192422137 0.295402348
v 0.609320819 0.200033426 0.2947402
v 0.609931886 0.208276078 0.294138193
v 0.611159801 0.216364354 0.29347533
v 0.587446749 0.281123608 0.40465194
v 0.54546088 0.30846256 0.3378025
v 0.538404644 0.315945476 0.516011
v 0.466947794 0.316778719 0.545577526
v 0.495034277 0.312017709 0.389893025
v 0.480156302 0.308557272 0.303468704
v 0.453525543 0.313105524 0.486609668
v 0.427789688 0.292732537 0.354255915
v 0.421336859 0.285289645 0.312505305
v 0.414070338 0.280816376 0.334254861
v 0.40274772 0.264460176 0.50169307
v 0.423969418 0.296272635 0.499445111
v 0.396847039 0.239975721 0.51221323
v 0.526967883 0.317001879 0.541360974
v 0.540060222 0.319434434 0.591078877
v 0.548680425 0.318063259 0.564887702
v 0.477342218 0.318374515 0.592391312
v 0.456690907 0.317249417 0.618236184
v 0.452447385 0.293059051 0.65031755
v 0.420250952 0.270294815 0.645205319
v 0.446488321 0.270050049 0.650408745
v 0.555539787 0.308514535 0.634389579
v 0.577869296 0.292851418 0.641509771
v 0.556449592 0.267750889 0.648822308
v 0.581546783 0.283283651 0.311237365
v 0.607621908 0.228947803 0.341370583
v 0.609027505 0.231225073 0.307537198
v 0.600414753 0.255340546 0.320783079
v 0.601040125 0.232752234 0.438511193
v 0.594576538 0.277057797 0.509906709
v 0.601644039 0.227260008 0.484995782
v 0.442152023 0.311844677 0.5342049
v 0.548078358 0.313058555 0.460013092
v 0.448291779 0.314885914 0.547750652
v 0.512920916 0.309273303 0.302324265
v 0.492209166 0.315731257 0.505467951
v 0.440058649 0.300238103 0.324576706
v 0.434427023 0.29547435 0.321510285
v 0.400705159 0.256893575 0.303396165
v 0.429065973 0.29184109 0.338304907
v 0.396122187 0.246597171 0.313420951
v 0.398634046 0.228080019 0.474536419
v 0.413389206 0.290818989 0.523382604
v 0.440695852 0.309957534 0.505424976
v 0.516942024 0.316685855 0.531435728
v 0.504995644 0.310963839 0.62999779
v 0.520563126 0.317945123 0.570224166
v 0.424203068 0.301731467 0.635034204
v 0.510046184 0.314663798 0.617249012
v 0.556723833 0.292508096 0.647730947
v 0.581473172 0.289922625 0.437676042
v 0.547172487 0.309446782 0.362501442
v 0.59819752 0.260072142 0.501514375
v 0.551024258 0.313956529 0.505845666
v 0.493391484 0.310448289 0.342836529
v 0.535148919 0.307703197 0.304433823
v 0.503136754 0.316824436 0.538672626
v 0.456734747 0.309421927 0.364888161
v 0.462408543 0.306933612 0.305377036
v 0.407328069 0.264309496 0.426768243
v 0.406941682 0.264358014 0.48009634
v 0.403889924 0.263320625 0.343051255
v 0.399213791 0.23235856 0.458760917
v 0.411447823 0.278615862 0.497836798
v 0.518826127 0.315839291 0.503140569
v 0.480061233 0.316685885 0.613631964
v 0.504408062 0.316684335 0.601811767
v 0.590078413 0.273548752 0.4235861
v 0.571984649 0.297154009 0.387781024
v 0.564185143 0.299354851 0.343019158
v 0.531404138 0.310224563 0.341226429
v 0.59375596 0.270332992 0.371080488
v 0.602782786 0.234190077 0.395966381
v 0.540827036 0.314839482 0.479585648
v 0.554906547 0.314249337 0.540963531
v 0.504698157 0.309243947 0.303702265
v 0.465586871 0.308953702 0.33205092
v 0.487951458 0.317585528 0.56490016
v 0.434901178 0.301930249 0.405110002
v 0.410523117 0.270627528 0.455172896
v 0.397557586 0.224584356 0.441917002
v 0.42418772 0.295985609 0.466501325
v 0.591144621 0.274820328 0.385680467
v 0.572929323 0.29414764 0.358254731
v 0.596780956 0.262914568 0.356342673
v 0.488275439 0.316586524 0.533031702
v 0.48743248 0.313039273 0.422319233
v 0.526547492 0.314472377 0.45466727
v 0.46994105 0.311820894 0.391646355
v 0.537686467 0.314690351 0.46731478
v 0.563925266 0.29605785 0.305435628
v 0.458470345 0.317350656 0.558028162
v 0.41666171 0.286510199 0.390914887
v 0.434336454 0.303602993 0.436764449
v 0.597203791 0.255541086 0.393253207
v 0.489892155 0.312380701 0.402145088
v 0.49524039 0.311762065 0.381981432
v 0.580853522 0.295175582 0.523708701
v 0.439962178 0.303427845 0.378739506
v 0.415775031 0.284776628 0.359646827
v 0.450638175 0.310079157 0.419854462
v 0.603236735 0.227109194 0.502473056
v 0.601434529 0.226727396 0.464508235
v 0.603333473 0.228202611 0.409795433
v 0.592158914 0.284046292 0.518628061
v 0.583097279 0.287639081 0.405751914
v 0.560391605 0.309393018 0.475593537
v 0.56854564 0.306710631 0.53207022
v 0.569714308 0.300541401 0.41783908
v 0.503083348 0.315132558 0.484612614
v 0.4573116 0.315257728 0.530035496
v 0.477937549 0.309632331 0.332000434
v 0.417326629 0.285062641 0.472648829
v 0.402280152 0.250196636 0.418646604
v 0.43103826 0.291163862 0.303830326
v 0.403111666 0.253649056 0.410999238
v 0.395249903 0.232013702 0.370779425
v 0.424928188 0.299038082 0.520932853
v 0.458897829 0.312595099 0.443934232
v 0.397863656 0.225959256 0.490305603
v 0.554398358 0.31516701 0.549874425
v 0.454478562 0.319345653 0.586860895
v 0.490965366 0.317781508 0.578220427
v 0.464963824 0.312890321 0.631929398
v 0.437396556 0.315197408 0.607185841
v 0.441135079 0.266511917 0.647558272
v 0.560944498 0.313963205 0.617138624
v 0.537793398 0.297781646 0.651270807
v 0.537027895 0.31717512 0.619560778
v 0.605272055 0.228451446 0.378543943
v 0.570634305 0.291056156 0.305699289
v 0.59506911 0.267036557 0.301966578
v 0.601783156 0.252185673 0.301418334
v 0.599273741 0.241506457 0.477343678
v 0.583973706 0.285800576 0.49742493
v 0.577807009 0.288007647 0.324026495
v 0.578572154 0.294523031 0.502523184
v 0.589678407 0.271679342 0.456683904
v 0.506135345 0.31601283 0.511915982
v 0.478957057 0.313963175 0.451284647
v 0.442157179 0.30037716 0.307940781
v 0.400635183 0.246522591 0.490571916
v 0.445099473 0.311952919 0.51254195
v 0.518359959 0.3176817 0.562624335
v 0.502802551 0.317403734 0.558739066
v 0.438415766 0.316451281 0.598640203
v 0.441002697 0.297483385 0.643853068
v 0.544827998 0.283916831 0.654863417
v 0.568249762 0.279396653 0.647635579
v 0.588436007 0.279644817 0.392562032
v 0.604738414 0.241538033 0.325626969
v 0.568486989 0.30340153 0.454745978
v 0.598604321 0.251196712 0.492221594
v 0.521223247 0.312707394 0.400547266
v 0.603124619 0.238604024 0.510319352
v 0.496047497 0.311256051 0.366252899
v 0.503007472 0.316200882 0.518541813
v 0.474083424 0.311107635 0.372557759
v 0.398414791 0.23389791 0.424107105
v 0.408913672 0.279268324 0.505637586
v 0.420833826 0.287288129 0.330931485
v 0.458468139 0.308114141 0.334158152
v 0.397273004 0.243765444 0.353695363
v 0.419834852 0.287806123 0.344330698
v 0.393947691 0.240128234 0.314216554
v 0.40932259 0.272559047 0.490937263
v 0.440657079 0.308961719 0.483174622
v 0.532409847 0.315400988 0.487408072
v 0.514631212 0.317486852 0.598567069
v 0.471443057 0.316063643 0.622127295
v 0.529546082 0.318269908 0.57168752
v 0.515252233 0.317980945 0.583870232
v 0.539889932 0.31905371 0.606782317
v 0.590342343 0.275697261 0.335665524
v 0.602875412 0.226772904 0.423301607
v 0.542877674 0.311877966 0.399601877
v 0.523163617 0.310277641 0.333243638
v 0.591073155 0.275541782 0.376215458
v 0.444212586 0.311037868 0.498114109
v 0.563795626 0.306143939 0.448806107
v 0.439427912 0.307866991 0.469056547
v 0.521966934 0.309477299 0.313595653
v 0.493658155 0.315488845 0.497576952
v 0.465733618 0.314795315 0.490557581
v 0.51226759 0.317720771 0.568111897
v 0.455608517 0.310911745 0.408403128
v 0.46024397 0.307942688 0.326642066
v 0.419668853 0.290836066 0.411027461
v 0.434001267 0.295517683 0.327711523
v 0.405908942 0.268694311 0.329539329
v 0.402147949 0.247369096 0.471402079
v 0.417121679 0.284991056 0.460426688
v 0.471537054 0.317975014 0.610183835
v 0.49506858 0.317572325 0.588907361
v 0.558821142 0.303626955 0.354120284
v 0.552870333 0.30622071 0.349719226
v 0.563936234 0.301064581 0.36499241
v 0.540404439 0.309826523 0.350396991
v 0.54189992 0.307297677 0.313658059
v 0.588046372 0.279905379 0.355685413
v 0.596680582 0.252376109 0.428462088
v 0.52162075 0.315040916 0.475611985
v 0.463336825 0.310919672 0.379280686
v 0.51843226 0.314669907 0.4648678
v 0.547368944 0.315206319 0.52406317
v 0.539871514 0.316341072 0.532847762
v 0.410231203 0.274443001 0.388825476
v 0.415017813 0.281790316 0.431049764
v 0.425864071 0.297603697 0.432596624
v 0.424369991 0.296541065 0.486651987
v 0.60010469 0.246814281 0.384593815
v 0.573019385 0.295205832 0.370576888
v 0.599746346 0.244018629 0.408698112
v 0.593637228 0.263835907 0.417734891
v 0.481775314 0.316685408 0.537191331
v 0.527405322 0.312597632 0.396340668
v 0.479319483 0.312694311 0.413681328
v 0.533955634 0.313896537 0.437261403
v 0.511611998 0.312940061 0.412613302
v 0.488410592 0.310544282 0.348307669
v 0.554862142 0.312378794 0.493358552
v 0.553253233 0.304116189 0.319597125
v 0.479895353 0.317650884 0.564187109
v 0.439442158 0.303820074 0.393110633
v 0.40729472 0.270594627 0.344504058
v 0.476118207 0.311945021 0.393809557
v 0.534342587 0.310747743 0.356309623
v 0.574862719 0.299453855 0.504857302
v 0.439329386 0.305952698 0.43113336
v 0.454152942 0.311571568 0.438183993
v 0.593486667 0.26073119 0.45994404
v 0.49212271 0.314537227 0.468063056
v 0.501337111 0.309894621 0.323472947
v 0.401312858 0.244554952 0.437341809
v 0.405749559 0.262954473 0.398231208
v 0.415433526 0.284632891 0.382787168
v 0.403412014 0.259131342 0.376334846
v 0.403360069 0.259982169 0.368192166
v 0.398572803 0.249456823 0.343846321
v 0.478234738 0.314711452 0.475373477
v 0.469539493 0.318737596 0.582627714
v 0.592113018 0.265746504 0.478638738
v 0.595651984 0.266913325 0.499539971
v 0.57342273 0.291065216 0.3285954
v 0.595105648 0.256223172 0.443117917
v 0.573231816 0.298963517 0.435575098
v 0.509704649 0.312260866 0.392103046
v 0.494276404 0.31502369 0.482919931
v 0.469218433 0.310423285 0.35794124
v 0.535503387 0.311064333 0.364103407
v 0.556433797 0.308349371 0.415968448
v 0.514347017 0.309527278 0.310202509
v 0.549269855 0.312032431 0.437021047
v 0.437671632 0.306133121 0.450154096
v 0.475540847 0.310828477 0.364413291
v 0.451124698 0.309002936 0.386238605
v 0.580385208 0.291798234 0.454135597
v 0.549821079 0.309384644 0.379999578
v 0.520915747 0.311104894 0.353955686
v 0.578685343 0.294301063 0.481395692
v 0.585417092 0.282003343 0.466079772
v 0.411174357 0.275322527 0.406959176
v 0.40305829 0.26098597 0.348857909
v 0.518411279 0.31140992 0.362239987
v 0.570985436 0.300066859 0.425064981
v 0.561867595 0.303538084 0.383416057
v 0.56820339 0.304565996 0.475439757
v 0.493233472 0.309191555 0.305195093
v 0.571399212 0.298729688 0.409907997
v 0.444677025 0.317171246 0.564374685
v 0.419113159 0.288452297 0.466531962
v 0.397764415 0.23247382 0.416342199
v 0.393918812 0.24138324 0.307585508
v 0.405448914 0.258547574 0.46630013
v 0.442322761 0.317453206 0.571962476
v 0.428420454 0.271995574 0.646361589
v 0.432392418 0.277864248 0.647821903
v 0.55065614 0.296813786 0.646874845
v 0.535549819 0.31207338 0.633572698
v 0.602447867 0.240391195 0.374103725
v 0.56386137 0.297676057 0.320908874
v 0.600426257 0.233378083 0.461249262
v 0.468809873 0.314191997 0.464426488
v 0.415703535 0.281289488 0.31807217
v 0.433134705 0.295581758 0.642717898
v 0.416227669 0.280875891 0.644246697
v 0.523777723 0.31323263 0.628682017
v 0.583902895 0.280259103 0.305798978
v 0.589815497 0.27425465 0.315019071
v 0.537933409 0.312682658 0.406875461
v 0.460526973 0.316169798 0.541817129
v 0.503830135 0.310993373 0.355374306
v 0.570669115 0.294317812 0.642403722
v 0.583886087 0.282357901 0.324962646
v 0.561277866 0.305582702 0.409750193
v 0.580623865 0.289816946 0.385456651
v 0.574652433 0.297988832 0.450038403
v 0.400992602 0.257127047 0.321232945
v 0.531327009 0.315984875 0.506172359
v 0.596169412 0.261201501 0.381022751
v 0.598760247 0.244379595 0.430263788
v 0.49194321 0.31401211 0.451776028
v 0.444705665 0.304005265 0.335116208
v 0.401652128 0.245140567 0.444815457
v 0.436344922 0.307478219 0.498341382
v 0.47404772 0.316443264 0.533367097
v 0.418771714 0.288828939 0.375995249
v 0.590641201 0.26878038 0.470626771
v 0.455898255 0.308377415 0.34707725
v 0.411817074 0.275385588 0.429634392
v 0.395607889 0.223491386 0.406126678
v 0.409545183 0.274577439 0.358125776
v 0.534409463 0.317033648 0.54418242
v 0.602676511 0.241916925 0.361260474
v 0.457203746 0.31854108 0.61087054
v 0.449050605 0.298793256 0.645305991
v 0.552528203 0.281688452 0.65217042
v 0.576314926 0.293991059 0.390556782
v 0.556414485 0.310531169 0.462776214
v 0.53701508 0.31368494 0.430345237
v 0.399803966 0.237840787 0.48267889
v 0.560350358 0.305676848 0.401352018
v 0.500843585 0.314600676 0.468309313
v 0.447553009 0.307176322 0.370131999
v 0.532223284 0.316574663 0.529233873
v 0.427780449 0.299685746 0.448650658
v 0.518606544 0.31428498 0.452395737
v 0.570833266 0.303218544 0.499773234
v 0.42856738 0.296169668 0.381866753
v 0.442877233 0.308313042 0.443543226
v 0.412202448 0.279330581 0.365119815
v 0.594519496 0.259549409 0.429535717
v 0.558606386 0.307774246 0.424068034
v 0.6006639 0.239124432 0.493157417
v 0.600306511 0.267149627 0.513799965
v 0.555543482 0.307483643 0.385728747
v 0.398691773 0.245238781 0.371509731
v 0.393551797 0.234099999 0.334223092
v 0.454930246 0.318607509 0.572173774
v 0.482960314 0.318001747 0.5810287
v 0.4551422 0.285266727 0.654441535
v 0.447607934 0.282881618 0.65207088
v 0.558940351 0.31671229 0.601525247
v 0.586307228 0.280808479 0.448691249
v 0.397636235 0.228376925 0.42898345
v 0.471580178 0.313845873 0.45202145
v 0.480813086 0.316156477 0.520977557
v 0.432488024 0.304024041 0.635474801
v 0.547285497 0.274977595 0.653855383
v 0.453115195 0.314342469 0.523079991
v 0.488018364 0.311259776 0.369578987
v 0.432905525 0.296005696 0.347569168
v 0.533330977 0.316776246 0.53672713
v 0.439962626 0.311926067 0.626395285
v 0.529831886 0.3191365 0.598676264
v 0.57050693 0.298561275 0.394064933
v 0.597447634 0.252441525 0.485135794
v 0.471298575 0.308923513 0.321586013
v 0.438084304 0.300568342 0.351509631
v 0.421145231 0.292659789 0.507400692
v 0.517840743 0.316065311 0.510929227
v 0.591081798 0.268530816 0.445110351
v 0.532741308 0.309203595 0.3221111
v 0.602954924 0.245711118 0.33072409
v 0.482156783 0.313241512 0.428846449
v 0.482862771 0.309380472 0.321133494
v 0.581671298 0.287489623 0.363488466
v 0.573368132 0.292744219 0.345311016
v 0.488581091 0.317086518 0.548577964
v 0.532830298 0.312309772 0.389843643
v 0.551313043 0.311639249 0.445254773
v 0.56267935 0.299235642 0.328310132
v 0.454823643 0.310282469 0.394527853
v 0.466337621 0.311997861 0.402541339
v 0.591418147 0.273424953 0.393104702
v 0.593934655 0.264031559 0.409705997
v 0.484438211 0.311511815 0.378256053
v 0.424066514 0.29439494 0.400556505
v 0.549909592 0.312850356 0.468426913
v 0.539142072 0.314265132 0.457919121
v 0.412193596 0.275004417 0.476634443
v 0.408487588 0.268828899 0.411311001
v 0.485433012 0.314373553 0.463805467
v 0.60248667 0.245310396 0.343031228
v 0.592025459 0.27295813 0.328841329
v 0.604992449 0.242018029 0.319032609
v 0.600938857 0.230231434 0.469762832
v 0.576206863 0.297740459 0.497597605
v 0.398442149 0.235329807 0.49622786
v 0.50554651 0.317717731 0.574487031
v 0.598580182 0.259191185 0.340779722
v 0.601432621 0.249322012 0.506119967
v 0.474704564 0.311613292 0.38567704
v 0.394129694 0.234467208 0.342425823
v 0.60214746 0.232116401 0.41640681
v 0.527448714 0.311276585 0.361194164
v 0.505188167 0.310442388 0.338045895
v 0.449819833 0.312958837 0.505194187
v 0.445423275 0.309696376 0.452486485
v 0.558960974 0.312304854 0.524287045
v 0.530634403 0.31306237 0.411105365
v 0.50044477 0.313576907 0.436628103
v 0.561594307 0.309341639 0.488304287
v 0.554109395 0.303193361 0.313306183
v 0.598335266 0.244322225 0.444649845
v 0.40287751 0.253976017 0.403359443
v 0.594766617 0.257190228 0.466620386
v 0.485583246 0.314885139 0.479789555
v 0.467087418 0.310976058 0.372554451
v 0.538755119 0.313287169 0.42171371
v 0.581196249 0.290076107 0.413370609
v 0.44524169 0.293005019 0.647879601
v 0.449082226 0.304408908 0.309251219
v 0.43059957 0.303001702 0.480034083
v 0.403212488 0.256259501 0.394265711
v 0.57337904 0.299785674 0.466298759
v 0.46866703 0.310067981 0.349205703
v 0.406306446 0.267828256 0.358834863
v 0.393665075 0.228548139 0.358072817
v 0.397341967 0.24925147 0.306232721
v 0.43764028 0.30665189 0.461579025
v 0.474436402 0.307428896 0.642744184
v 0.563074231 0.311233044 0.62533021
v 0.541901886 0.314490974 0.626843095
v 0.600771427 0.255387872 0.308559209
v 0.596835613 0.250397056 0.467187554
v 0.397223443 0.230013147 0.502164662
v 0.450324535 0.318625987 0.599680662
v 0.598470986 0.265453339 0.507279396
v 0.474437296 0.315699399 0.509327173
v 0.495153189 0.316110313 0.516985953
v 0.417759091 0.281603605 0.306400925
v 0.513080776 0.316101968 0.610538125
v 0.510520935 0.312377959 0.626276612
v 0.564427376 0.306489617 0.633450925
v 0.581255853 0.286519021 0.338437676
v 0.518585443 0.310809255 0.345636189
v 0.585905969 0.280886412 0.485690624
v 0.513526201 0.317882657 0.575948954
v 0.47804302 0.308776289 0.310028106
v 0.413042814 0.277234644 0.444036722
v 0.399735957 0.25363338 0.336885065
v 0.517576456 0.316426724 0.522904813
v 0.495545715 0.31650275 0.529400527
v 0.516161263 0.31553793 0.493997186
v 0.524500966 0.314856559 0.468529403
v 0.528952777 0.308822751 0.308413953
v 0.496049523 0.316732675 0.536660731
v 0.433566183 0.302474439 0.425551087
v 0.418797135 0.287775487 0.479783326
v 0.597756028 0.252668619 0.399767101
v 0.512833416 0.313206077 0.42043376
v 0.542558372 0.314940065 0.493849933
v 0.488306016 0.312094718 0.393949598
v 0.501658916 0.312222749 0.394103974
v 0.580146909 0.29158327 0.425973088
v 0.467169881 0.31642127 0.53777796
v 0.422013253 0.293326348 0.492662042
v 0.398925126 0.246660829 0.503118575
v 0.406584263 0.272318572 0.50087744
v 0.444083065 0.31580019 0.612991035
v 0.529744983 0.309635282 0.638239741
v 0.578073621 0.285536796 0.305264622
v 0.604827821 0.244370893 0.30088976
v 0.58320415 0.286302179 0.4801898
v 0.510751903 0.315669268 0.499813259
v 0.461262107 0.31272909 0.436333656
v 0.400327802 0.253354102 0.500208199
v 0.436950743 0.30934149 0.528656423
v 0.456206143 0.308055252 0.638775349
v 0.582868278 0.281937271 0.644179583
v 0.478137136 0.314967841 0.483585358
v 0.509485722 0.316448241 0.525254369
v 0.530804336 0.315625787 0.494549036
v 0.505235374 0.31725201 0.59553802
v 0.598506987 0.246648967 0.421986312
v 0.545668185 0.312395811 0.428209335
v 0.500962019 0.309599042 0.314974695
v 0.464638799 0.315045446 0.502217054
v 0.560723841 0.30811888 0.454672247
v 0.521250844 0.309176892 0.305539012
v 0.450459868 0.309469163 0.402715266
v 0.452711552 0.306793958 0.328039914
v 0.427989483 0.296737403 0.394544661
v 0.413767785 0.278190911 0.457018465
v 0.422323465 0.293380022 0.443567812
v 0.599404156 0.247952789 0.392694145
v 0.466525674 0.31723839 0.55411166
v 0.52456522 0.312354207 0.389218628
v 0.563790262 0.308768421 0.502007663
v 0.552571416 0.305903435 0.341780096
v 0.402938038 0.259737104 0.360229611
v 0.497104079 0.310104042 0.330899864
v 0.519545138 0.309924662 0.322221667
v 0.447733939 0.311029434 0.467412651
v 0.503368855 0.311238915 0.363220513
v 0.535345912 0.312512785 0.398152947
v 0.569062173 0.303241462 0.463134766
v 0.397157282 0.23755613 0.38258341
v 0.408173174 0.265496522 0.466530472
v 0.463712156 0.307951093 0.318871677
v 0.59441787 0.269308239 0.316550165
v 0.444098413 0.31709075 0.603832126
v 0.602366209 0.225801975 0.493648559
v 0.576360404 0.277363718 0.645884812
v 0.399465054 0.23669827 0.436288923
v 0.599214733 0.254886448 0.353677243
v 0.542482734 0.312492728 0.414110959
v 0.596650004 0.250617594 0.454073519
v 0.596443057 0.278220147 0.516616046
v 0.405906737 0.260976821 0.420682579
v 0.391870677 0.229697734 0.32187742
v 0.398071051 0.224216759 0.461764276
v 0.418587655 0.294144541 0.522956669
v 0.398733437 0.229821965 0.482252359
v 0.553557217 0.314275652 0.533670664
v 0.464100331 0.318879932 0.579491377
v 0.5554775 0.316257179 0.558620095
v 0.439768702 0.273909062 0.64903456
v 0.558638811 0.317615479 0.584323168
v 0.548906982 0.266505212 0.650561869
v 0.599479496 0.259892493 0.301816642
v 0.434623063 0.308711529 0.536918402
v 0.575330913 0.300955415 0.528788388
v 0.411226362 0.274360567 0.315184087
v 0.428554773 0.290318757 0.325510472
v 0.42471683 0.294422925 0.641358435
v 0.517925382 0.315955043 0.61625433
v 0.549564481 0.290408432 0.65072155
v 0.569254458 0.312530428 0.615563095
v 0.543909848 0.297454178 0.648619592
v 0.607698977 0.230906978 0.330066442
v 0.400032133 0.241657197 0.420171231
v 0.4201051 0.288627803 0.351944178
v 0.4249219 0.298142135 0.51271826
v 0.5482831 0.316941172 0.556789696
v 0.502089739 0.314871967 0.614137411
v 0.528020501 0.318651557 0.584167898
v 0.492291689 0.314329863 0.618067205
v 0.587523937 0.281264096 0.386805028
v 0.590825915 0.269818127 0.485168576
v 0.485837519 0.315559447 0.501028597
v 0.409898072 0.269687146 0.442838818
v 0.416687667 0.285702616 0.407970637
v 0.400752187 0.240558982 0.469189554
v 0.473222703 0.318774492 0.598808706
v 0.586232543 0.283039451 0.412882328
v 0.591337085 0.274867088 0.344605267
v 0.597913682 0.254101723 0.386796862
v 0.575136721 0.297773004 0.459292382
v 0.530807137 0.314757735 0.462330729
v 0.403145522 0.250760585 0.441859454
v 0.576237381 0.292447358 0.36411497
v 0.597176254 0.259138435 0.372342795
v 0.591838479 0.269865423 0.413351566
v 0.474466473 0.312862277 0.420152396
v 0.475851297 0.31033352 0.351388484
v 0.548164845 0.30583483 0.316415966
v 0.49459359 0.312253237 0.397192955
v 0.494374275 0.313065678 0.42216441
v 0.42090866 0.291188359 0.3848598
v 0.554169536 0.312359214 0.485828191
v 0.567489862 0.308523744 0.538904607
v 0.486212343 0.317360371 0.556903541
v 0.544811845 0.316971898 0.618368685
v 0.604414165 0.228283748 0.391512573
v 0.579839647 0.29421109 0.516694427
v 0.497987121 0.317663848 0.572491407
v 0.560128093 0.280379117 0.64972651
v 0.577419877 0.293898851 0.407448441
v 0.599155486 0.245059863 0.486379892
v 0.422014445 0.286860824 0.320973963
v 0.408735693 0.273414493 0.336440474
v 0.49816972 0.317092776 0.597028971
v 0.541225731 0.318363756 0.568263531
v 0.533188581 0.31837216 0.612033308
v 0.50080055 0.310566127 0.343761027
v 0.486760587 0.310269803 0.341802031
v 0.496322304 0.314765781 0.474515438
v 0.438130319 0.299627632 0.337094098
v 0.399917573 0.254856169 0.312343597
v 0.564393282 0.299729317 0.350687057
v 0.566249073 0.302196771 0.40536505
v 0.595185459 0.258207738 0.422479808
v 0.582230985 0.288165063 0.488819093
v 0.418587536 0.288058758 0.433060199
v 0.421085835 0.291706502 0.473844409
v 0.601539195 0.240583137 0.389906317
v 0.482808381 0.312466532 0.406260669
v 0.556329131 0.301413298 0.305245072
v 0.448711723 0.309159845 0.411670208
v 0.496871084 0.31438145 0.462429404
v 0.400216937 0.24114278 0.42898339
v 0.400926709 0.252766311 0.370466143
v 0.411746025 0.278184444 0.380651742
v 0.462374717 0.319423616 0.585296512
v 0.503338397 0.311504871 0.371426255
v 0.498488337 0.315311462 0.491229266
v 0.535851717 0.311797142 0.380956411
v 0.4590168 0.310658395 0.386867791
v 0.583117306 0.287194073 0.448719054
v 0.54787159 0.309613883 0.371257067
v 0.552443922 0.313778639 0.512949109
v 0.402988225 0.261676908 0.329240203
v 0.482495487 0.309092671 0.314227968
v 0.403867483 0.253109068 0.460099101
v 0.433854789 0.265976936 0.646211267
v 0.531656682 0.314846754 0.626167655
v 0.560636282 0.299146831 0.312545449
v 0.592197776 0.270777434 0.309050888
v 0.554541051 0.308897048 0.407995135
v 0.426043898 0.29819876 0.474893302
v 0.421972394 0.290566355 0.360815734
v 0.547943473 0.315959692 0.54457289
v 0.455743581 0.309836328 0.378840238
v 0.565548956 0.303756237 0.425007582
v 0.473913819 0.314137906 0.458826691
v 0.428249538 0.306920081 0.629240572
v 0.432426393 0.305980325 0.514980733
v 0.435245782 0.313593626 0.61509186
v 0.597759128 0.24946551 0.479217321
v 0.49466458 0.317371517 0.558126092
v 0.470544726 0.312326103 0.407375515
v 0.511130333 0.310393482 0.333847433
v 0.595448256 0.257887185 0.480056882
v 0.48494786 0.314619303 0.47156778
v 0.574855626 0.298448771 0.473202318
v 0.408818036 0.272631288 0.368831068
v 0.597649157 0.261103362 0.348760366
v 0.393428534 0.235614792 0.326197386
v 0.489610583 0.317484826 0.594815254
v 0.509321034 0.316687137 0.533024371
v 0.50399065 0.3101919 0.331130594
v 0.442725837 0.311435461 0.518311501
v 0.447838485 0.313992739 0.539551675
v 0.441871315 0.305711627 0.40172717
v 0.555189431 0.306824118 0.374070942
v 0.600439429 0.236441001 0.485004604
v 0.600457788 0.245656997 0.498933673
v 0.603586078 0.225337341 0.415789127
v 0.586365104 0.291640341 0.525458992
v 0.541595936 0.306218982 0.300735176
v 0.498395175 0.309087217 0.299829751
v 0.563729942 0.30310145 0.394326985
v 0.448956013 0.316564173 0.556470275
v 0.525790036 0.315320045 0.482613444
v 0.420852035 0.291389018 0.459572107
v 0.443114609 0.305727094 0.386014998
v 0.396205425 0.224347636 0.414126217
v 0.394384235 0.226849809 0.376845628
v 0.395149648 0.235810056 0.35390982
v 0.393447846 0.224827752 0.369854033
v 0.392454743 0.228291422 0.339194745
v 0.391738623 0.228002876 0.327805996
v 0.398213089 0.226493955 0.454221338
v 0.43242842 0.303418398 0.45636332
v 0.452688456 0.318077654 0.564823151
v 0.488097757 0.317802995 0.586481631
v 0.471644282 0.311144739 0.634719849
v 0.427051216 0.264825284 0.645101607
v 0.452884316 0.265667856 0.651029885
v 0.558790863 0.317364067 0.592778325
v 0.441051245 0.312299907 0.543790042
v 0.507335544 0.315405846 0.492260158
v 0.447130531 0.302933216 0.302229434
v 0.487797976 0.316342175 0.52542001
v 0.530109882 0.31699124 0.618717909
v 0.563790798 0.314747661 0.609191775
v 0.5763098 0.265649974 0.644849241
v 0.585483849 0.279883206 0.31702736
v 0.564555049 0.307336569 0.481323212
v 0.525623083 0.312884718 0.404581338
v 0.602237701 0.237103283 0.502279401
v 0.480648398 0.311168969 0.370589554
v 0.401101619 0.255662709 0.352089703
v 0.426952243 0.291305661 0.345184803
v 0.391050875 0.228160784 0.315096617
v 0.534446359 0.317729622 0.559308112
v 0.437321097 0.290130049 0.646902919
v 0.538411856 0.319427371 0.598493397
v 0.460174978 0.315055579 0.516554713
v 0.446909428 0.311359793 0.484911084
v 0.456542313 0.311381876 0.414868593
v 0.465442836 0.307712734 0.311088115
v 0.405728161 0.260275751 0.474049449
v 0.420102209 0.293214381 0.51618284
v 0.531839132 0.316372603 0.521308064
v 0.543884575 0.315104157 0.504648983
v 0.593016922 0.263148069 0.440324366
v 0.565350175 0.299557805 0.358028114
v 0.546679497 0.30860272 0.345441192
v 0.600631475 0.236253381 0.431340396
v 0.474642992 0.31591481 0.5164783
v 0.522916079 0.314593136 0.46036613
v 0.402481079 0.255384713 0.385109067
v 0.406196326 0.260072261 0.460925698
v 0.593855262 0.268939018 0.37935403
v 0.569352567 0.294953734 0.340055078
v 0.592145205 0.269960225 0.406257361
v 0.526727617 0.312161982 0.3833597
v 0.446741015 0.307785839 0.394007027
v 0.505748987 0.31301567 0.417361319
v 0.489029109 0.311819017 0.385655373
v 0.603654265 0.231834516 0.509745896
v 0.601618469 0.236073792 0.409588993
v 0.588124573 0.277922302 0.428462714
v 0.465358466 0.313783854 0.456869364
v 0.498535186 0.315936506 0.510910809
v 0.414035439 0.281094104 0.40288648
v 0.396977812 0.238641202 0.374011993
v 0.477242261 0.314437717 0.466867656
v 0.398790896 0.233154565 0.489359885
v 0.483532518 0.317838937 0.572383642
v 0.469106883 0.319164813 0.591217339
v 0.47598958 0.313381702 0.628431916
v 0.449074239 0.315727323 0.619758904
v 0.523059785 0.306876451 0.643286586
v 0.601117492 0.245971084 0.368108749
v 0.590009511 0.274857432 0.32248199
v 0.574645877 0.288734883 0.311847836
v 0.595710218 0.253839761 0.460090369
v 0.48557964 0.313843369 0.447254539
v 0.4656699 0.313524097 0.448259771
v 0.440175682 0.299734682 0.316173524
v 0.52632159 0.317834288 0.563313484
v 0.598446488 0.262629062 0.31836918
v 0.606398821 0.239855662 0.307514578
v 0.602809727 0.245086208 0.512616515
v 0.50802052 0.314745605 0.471153736
v 0.510100126 0.311456919 0.366433144
v 0.511603415 0.316196024 0.516667366
v 0.415665567 0.288512588 0.51277566
v 0.405712008 0.263764352 0.487442166
v 0.445165366 0.310493171 0.476454079
v 0.463284045 0.315544307 0.624138594
v 0.520478487 0.318155557 0.578956544
v 0.53326726 0.319191337 0.59123832
v 0.594972432 0.269345403 0.332501739
v 0.602327824 0.227289334 0.432447582
v 0.523195684 0.311642736 0.368563503
v 0.553347886 0.311295688 0.453764468
v 0.451091647 0.310993761 0.445833057
v 0.53690362 0.315355033 0.492298692
v 0.528378129 0.308497906 0.301167518
v 0.457257926 0.306632698 0.312256902
v 0.446985006 0.304329574 0.321191281
v 0.570277512 0.29537037 0.351748765
v 0.538859725 0.309609175 0.342611969
v 0.590705752 0.271062315 0.430771172
v 0.447576106 0.307474434 0.377652109
v 0.525221467 0.314240843 0.447431982
v 0.507660389 0.314489245 0.463106573
v 0.540007651 0.316072077 0.524657965
v 0.558054209 0.311669677 0.507811427
v 0.415157199 0.281899422 0.438810021
v 0.421993732 0.292974174 0.451812416
v 0.600947201 0.241519362 0.396919698
v 0.576066315 0.29341954 0.377861023
v 0.59274745 0.265605897 0.425350428
v 0.473884404 0.312166542 0.400890857
v 0.45897451 0.311247766 0.402287275
v 0.517949581 0.313735127 0.434913516
v 0.435296893 0.300584316 0.385739714
v 0.428324193 0.297795892 0.405974388
v 0.424180061 0.293188214 0.377758473
v 0.417574883 0.287917495 0.399385244
v 0.405517817 0.261331618 0.40696913
v 0.469189316 0.314806312 0.484304816
v 0.578379333 0.293768138 0.433256179
v 0.408507019 0.268176764 0.419481725
v 0.560105443 0.311360329 0.51629746
v 0.401349187 0.257126749 0.343604803
v 0.551645517 0.309563786 0.399217665
v 0.518702388 0.312139452 0.383860439
v 0.547347128 0.301987499 0.643774748
v 0.596785784 0.250371665 0.4469603
v 0.415800095 0.28216359 0.325876236
v 0.536248922 0.313120544 0.414440542
v 0.56436038 0.288287699 0.64725709
v 0.579171419 0.290169924 0.370269507
v 0.485916346 0.314101964 0.455254406
v 0.399305254 0.233832523 0.45010221
v 0.474366605 0.316754699 0.541607141
v 0.417257249 0.286830276 0.367590368
v 0.591090739 0.267405152 0.461709023
v 0.588302374 0.274945229 0.46351105
v 0.456109107 0.308752477 0.353358865
v 0.396061778 0.229852319 0.393797994
v 0.601418018 0.246877208 0.355967253
v 0.600123227 0.250353992 0.362254024
v 0.569254994 0.304900438 0.507780135
v 0.563067615 0.304886043 0.417588025
v 0.400723249 0.251037419 0.377594501
v 0.584313035 0.285290867 0.442401618
v 0.40240401 0.260640144 0.315515339
v 0.51954627 0.316952467 0.539612055
v 0.452304006 0.313763499 0.513581276
v 0.495101988 0.311489999 0.373762339
v 0.483097315 0.310926288 0.362366706
v 0.525364041 0.318622679 0.591888249
v 0.533638656 0.318910748 0.604440987
v 0.48484233 0.309762567 0.329251736
v 0.557902098 0.30903551 0.44730559
v 0.551894724 0.305620551 0.332781047
v 0.463254124 0.312018901 0.409478575
v 0.596126378 0.260345519 0.388179809
v 0.533339977 0.314385742 0.450002044
v 0.409287333 0.270264626 0.482502729
v 0.595753372 0.267921895 0.324705809
v 0.602570355 0.24780114 0.322949082
v 0.578503609 0.28931123 0.343575716
v 0.39586693 0.241722405 0.339450389
v 0.510449588 0.310680628 0.342683017
v 0.561570704 0.311489046 0.535566926
v 0.517657816 0.312875628 0.407156318
v 0.532238185 0.313307285 0.418664873
v 0.599392056 0.240859509 0.437516689
v 0.598496854 0.24381043 0.46837312
v 0.460683554 0.314160496 0.484963626
v 0.47061798 0.314504236 0.47214067
v 0.440126806 0.309166849 0.490488321
v 0.436986327 0.307054967 0.478053212
v 0.462431192 0.309271872 0.345288008
v 0.597895503 0.263957262 0.310005188
v 0.476851732 0.309013098 0.317923337
v 0.4080832 0.269150943 0.394512355
v 0.482170582 0.311776578 0.386772722
v 0.582642019 0.288409859 0.431856483
v 0.416529775 0.286820829 0.504739046
v 0.405482918 0.266359657 0.495139539
v 0.608129025 0.236342773 0.300637215
v 0.580664933 0.29122138 0.473507762
v 0.512024045 0.315924525 0.507762134
v 0.438418686 0.309031427 0.513217807
v 0.600280344 0.240430132 0.416096866
v 0.553794205 0.310092449 0.430469275
v 0.551539779 0.310660899 0.422249705
v 0.518589556 0.312482178 0.394478112
v 0.510489583 0.311235279 0.359433502
v 0.408993304 0.268271059 0.475022435
v 0.455080509 0.306817681 0.320770919
v 0.597596586 0.247099712 0.460728526
v 0.457587749 0.319048941 0.578654826
v 0.574810565 0.300385892 0.520502329
v 0.54143846 0.291671604 0.653455615
v 0.544546723 0.319378465 0.587150335
v 0.562666655 0.311915815 0.545002639
v 0.417958081 0.286540836 0.492174804
v 0.498074532 0.310319453 0.337368608
v 0.558698714 0.303027302 0.346447468
v 0.579544723 0.292804301 0.444636852
v 0.424125195 0.292618394 0.369462371
v 0.569359183 0.297203362 0.364366472
v 0.392481059 0.193858236 0.307570398
v 0.413625538 0.149218023 0.452132165
v 0.457084268 0.146184906 0.344486892
v 0.395317167 0.197217092 0.441083044
v 0.393820703 0.180190861 0.516397655
v 0.42299971 0.17912817 0.574126601
v 0.483740687 0.170904815 0.574298501
v 0.468244284 0.18002826 0.584737301
v 0.43791014 0.179418012 0.57817471
v 0.443931609 0.206733987 0.609532237
v 0.419460177 0.236491218 0.634315729
v 0.396171838 0.196551993 0.465314835
v 0.396319181 0.207071468 0.486544698
v 0.590477526 0.156046808 0.403383732
v 0.496504694 0.137887821 0.402475238
v 0.604850948 0.202161998 0.440664887
v 0.465730071 0.132574767 0.466398805
v 0.603367329 0.161230773 0.498285472
v 0.539651394 0.13121058 0.515165865
v 0.593926132 0.161747023 0.542871296
v 0.543681443 0.170182616 0.572152793
v 0.544469595 0.195558459 0.600857139
v 0.57525599 0.233774096 0.632966876
v 0.583249509 0.252784669 0.641866744
v 0.546944261 0.247408584 0.643551528
v 0.603499949 0.207424596 0.46481657
v 0.60362947 0.213150293 0.494400054
v 0.605544508 0.197841033 0.516064107
v 0.608679354 0.206986129 0.359103054
v 0.591114283 0.159768105 0.354857177
v 0.6071769 0.205694884 0.311531633
v 0.41790998 0.162288487 0.319474638
v 0.417077154 0.141739473 0.47292766
v 0.413003653 0.151906386 0.395951629
v 0.396237552 0.179387912 0.449333578
v 0.408346772 0.152734071 0.531220853
v 0.445664644 0.154308155 0.552861571
v 0.444649816 0.171357483 0.571100473
v 0.458889127 0.230932951 0.635693669
v 0.431818068 0.224195927 0.625010312
v 0.397954941 0.170206323 0.470849246
v 0.394358248 0.198777333 0.516733289
v 0.437651306 0.143010944 0.392424494
v 0.503248394 0.142401114 0.343660831
v 0.60554862 0.189673841 0.412686199
v 0.431602716 0.136949793 0.444756895
v 0.601841986 0.176599145 0.431788981
v 0.491297901 0.146172091 0.541192412
v 0.512984216 0.158847764 0.558759928
v 0.560813308 0.144860357 0.541166961
v 0.552063227 0.152140975 0.550819457
v 0.559934378 0.181213751 0.580818176
v 0.565153122 0.199765339 0.599510252
v 0.569338322 0.208264068 0.607476592
v 0.599892259 0.168879017 0.451449633
v 0.603533387 0.212395623 0.451512724
v 0.584571004 0.165062577 0.310047477
v 0.598876894 0.18316929 0.391468376
v 0.577966332 0.152164325 0.367293864
v 0.580257177 0.160774365 0.326931477
v 0.603184938 0.181161121 0.30221948
v 0.41172117 0.158428952 0.354131788
v 0.425683856 0.150051102 0.36867699
v 0.401046216 0.174709409 0.309227884
v 0.39323312 0.179902881 0.502437234
v 0.424312085 0.137568682 0.45400396
v 0.459690154 0.140909731 0.384243309
v 0.401023418 0.175976738 0.414717555
v 0.409699917 0.154530004 0.455645353
v 0.405641526 0.173468903 0.550895035
v 0.404854715 0.147005051 0.497422755
v 0.458866328 0.168056548 0.569904983
v 0.41141209 0.176068217 0.56453675
v 0.397664338 0.160904512 0.493240088
v 0.394291401 0.185937405 0.530002296
v 0.462012351 0.13554135 0.433405817
v 0.420612186 0.141360372 0.437702954
v 0.487340689 0.139788166 0.376707315
v 0.475235432 0.145253524 0.320283413
v 0.435687453 0.132605687 0.473841339
v 0.521424651 0.137252584 0.526989162
v 0.487136573 0.157033682 0.556110382
v 0.464152306 0.133712515 0.452662885
v 0.559275031 0.155538708 0.553104281
v 0.537577152 0.159330711 0.560049474
v 0.605080247 0.193478957 0.441528857
v 0.589767277 0.162186489 0.334742248
v 0.571511686 0.160675511 0.305191219
v 0.403093547 0.167155579 0.338984072
v 0.435695291 0.150123924 0.347968429
v 0.404598176 0.163550109 0.368232816
v 0.47647655 0.141948149 0.356154352
v 0.455323219 0.13846077 0.409427553
v 0.413683683 0.150213599 0.418590426
v 0.403234631 0.169126406 0.432135642
v 0.39361167 0.204533502 0.413912296
v 0.418728709 0.145124912 0.533246219
v 0.452887774 0.136243463 0.430398464
v 0.481113702 0.136473835 0.420380235
v 0.460516721 0.149353936 0.314598382
v 0.532898605 0.139505103 0.533617556
v 0.480781823 0.132543832 0.473264545
v 0.519446194 0.132101327 0.481929153
v 0.444606692 0.133340523 0.460085213
v 0.588343501 0.175836846 0.565100789
v 0.600419939 0.164657131 0.472293854
v 0.593018115 0.145069972 0.517999828
v 0.581380546 0.142142966 0.448862255
v 0.603486419 0.179784998 0.469241142
v 0.601568282 0.177541897 0.348903149
v 0.444278359 0.154723585 0.30216077
v 0.472619444 0.139252469 0.388905764
v 0.438063532 0.15167065 0.333314776
v 0.590049863 0.15515919 0.386549115
v 0.473675758 0.131595522 0.505252004
v 0.507042587 0.133105859 0.512143195
v 0.516874611 0.178426325 0.584948897
v 0.589842677 0.147319958 0.480684191
v 0.594692051 0.149093419 0.491949975
v 0.609675705 0.170664966 0.531068087
v 0.602327764 0.191765368 0.335646898
v 0.598653674 0.185046762 0.368831307
v 0.544927001 0.151046783 0.306219935
v 0.558701396 0.141686767 0.390827775
v 0.450743616 0.131172881 0.478645742
v 0.524992466 0.144437119 0.32774806
v 0.584499538 0.150499359 0.391941369
v 0.579926431 0.143695384 0.426514953
v 0.547365725 0.149336115 0.320561588
v 0.571845889 0.146357462 0.386843354
v 0.562537372 0.144657508 0.376332402
v 0.553994775 0.145450711 0.356249809
v 0.526708782 0.140502721 0.371681154
v 0.554157555 0.142501265 0.378640175
v 0.533256114 0.135953367 0.42563042
v 0.539653718 0.13894321 0.397027284
v 0.565666795 0.137917846 0.429155678
v 0.39336434 0.208644718 0.310298443
v 0.395521134 0.20525147 0.325205386
v 0.412403911 0.16809994 0.303061545
v 0.390912265 0.206988171 0.366733134
v 0.3966932 0.179543525 0.307803929
v 0.408593982 0.165526748 0.413602352
v 0.49418506 0.145285413 0.309783489
v 0.387963116 0.170510441 0.531284094
v 0.392876267 0.174600035 0.540877283
v 0.432104081 0.191801623 0.590147674
v 0.462296814 0.188916475 0.594631195
v 0.465610325 0.200056791 0.609200358
v 0.446903229 0.189406216 0.591345727
v 0.429770797 0.218890935 0.618728757
v 0.436336726 0.247349024 0.641009748
v 0.396564215 0.178156063 0.461318523
v 0.395287246 0.206072316 0.501022935
v 0.511877239 0.145685121 0.303928494
v 0.497946113 0.140974209 0.362735689
v 0.537046313 0.132915512 0.461655021
v 0.58726877 0.150125489 0.435831845
v 0.604981005 0.171665624 0.544131219
v 0.571902514 0.131337285 0.514719069
v 0.574192882 0.171594188 0.566506624
v 0.576082647 0.192924082 0.589155853
v 0.540951788 0.200595796 0.607883096
v 0.540738821 0.21195358 0.620984197
v 0.561406374 0.249171257 0.64178735
v 0.560178578 0.225253001 0.628976762
v 0.603731155 0.183212414 0.529734313
v 0.566296101 0.150661707 0.345671445
v 0.599519014 0.172472253 0.358804613
v 0.597196758 0.174000725 0.302167833
v 0.608571112 0.208373562 0.384164363
v 0.594235241 0.164435655 0.340647906
v 0.432388067 0.156029522 0.320700973
v 0.441000015 0.129866794 0.516921878
v 0.401805937 0.181414902 0.358055025
v 0.422368258 0.134880394 0.491091341
v 0.425837815 0.133645207 0.520458579
v 0.456337184 0.159206733 0.559645474
v 0.464728504 0.212860212 0.624156594
v 0.530790925 0.148637056 0.301686019
v 0.465469688 0.13871567 0.532481074
v 0.455306977 0.140072495 0.39565447
v 0.599238992 0.151623115 0.520884097
v 0.499221057 0.13729921 0.410289466
v 0.499482393 0.136619017 0.524190843
v 0.558654964 0.128276765 0.508319974
v 0.566265345 0.148986846 0.544310987
v 0.573064625 0.221813232 0.620849252
v 0.552338779 0.216389477 0.621513247
v 0.599036276 0.155186012 0.492432833
v 0.607221961 0.183028266 0.501874804
v 0.416425496 0.159982145 0.334201634
v 0.453959733 0.142233774 0.379524708
v 0.393808931 0.19401589 0.425504029
v 0.432270288 0.162767738 0.558897018
v 0.39321956 0.171794161 0.501949131
v 0.451751292 0.172170341 0.573643565
v 0.419015616 0.224515259 0.622764885
v 0.399770528 0.165325418 0.464407653
v 0.398444146 0.165968686 0.478942275
v 0.464146018 0.142117426 0.368403614
v 0.466950059 0.171228871 0.573868155
v 0.510201335 0.150106117 0.546938956
v 0.504082203 0.132281318 0.484310687
v 0.553595841 0.146489069 0.544340193
v 0.560066223 0.166355729 0.564652145
v 0.534680367 0.131348312 0.484589905
v 0.603962362 0.192559987 0.476959795
v 0.60871172 0.213398963 0.37759918
v 0.607743025 0.193809584 0.308510482
v 0.405951738 0.168020934 0.390101612
v 0.396739364 0.179016948 0.469047427
v 0.469410926 0.140854344 0.375021964
v 0.460559279 0.13639687 0.425388843
v 0.405198663 0.144347578 0.510060072
v 0.415931582 0.136317283 0.503464162
v 0.396886945 0.154034838 0.526800156
v 0.449526072 0.158882007 0.558577538
v 0.421446621 0.148740143 0.539307415
v 0.450510383 0.204946652 0.609597504
v 0.39304176 0.176013619 0.509550631
v 0.440409929 0.138990924 0.419281632
v 0.525815606 0.138608068 0.392992109
v 0.42550233 0.141637117 0.420591384
v 0.526433825 0.141866878 0.357384861
v 0.510420561 0.13397631 0.454720527
v 0.452784777 0.134595826 0.445799232
v 0.579547703 0.185034022 0.579479516
v 0.583034992 0.153414801 0.541724801
v 0.547271132 0.132971853 0.45886308
v 0.600729465 0.189464584 0.376641929
v 0.396022111 0.180922315 0.326738596
v 0.442330629 0.148065999 0.350184232
v 0.411991209 0.154541984 0.382311314
v 0.395279557 0.208661199 0.428859681
v 0.490335345 0.134665668 0.445117682
v 0.496190578 0.132405087 0.505882204
v 0.481206834 0.131909341 0.485899657
v 0.498874158 0.132518485 0.478859782
v 0.458117217 0.131172121 0.480244309
v 0.595786393 0.160919368 0.458436847
v 0.586590886 0.142812848 0.485005856
v 0.598349988 0.168797731 0.442132562
v 0.598086059 0.182761982 0.380266339
v 0.453951925 0.149450183 0.324307263
v 0.522429943 0.134248331 0.519607782
v 0.579958439 0.138593748 0.473731279
v 0.600692689 0.154137358 0.500697792
v 0.586685598 0.13883023 0.499179393
v 0.605402648 0.174681395 0.517468095
v 0.607609868 0.20249863 0.36750263
v 0.502419591 0.144237652 0.321702123
v 0.580062926 0.139941543 0.462452948
v 0.456647485 0.129951462 0.49630186
v 0.546931088 0.175640494 0.57773453
v 0.562811971 0.146211639 0.366405755
v 0.574687541 0.143478781 0.410209149
v 0.50118345 0.13936542 0.382919848
v 0.503252149 0.136070788 0.426350117
v 0.532629669 0.140387207 0.377943158
v 0.562039316 0.139306471 0.414216459
v 0.518517435 0.136339635 0.421167403
v 0.399526894 0.18473278 0.344924986
v 0.401677191 0.185515895 0.37668559
v 0.509448946 0.144349545 0.316467494
v 0.510095894 0.138874456 0.387786925
v 0.483161032 0.140365973 0.369854897
v 0.560559392 0.130840808 0.483486652
v 0.509868085 0.133425355 0.462713987
v 0.556338966 0.13094905 0.520465672
v 0.569027007 0.131472796 0.485954493
v 0.431900382 0.139261052 0.532930791
v 0.440667957 0.12915273 0.500197232
v 0.425134659 0.142982721 0.411470652
v 0.479206979 0.156421527 0.555508971
v 0.450858325 0.140531927 0.537605882
v 0.513938487 0.13542977 0.433856547
v 0.574494004 0.136839032 0.526892722
v 0.578960061 0.156503975 0.547966123
v 0.537290275 0.130573988 0.502276003
v 0.411870241 0.156601787 0.365139365
v 0.443548232 0.14278622 0.387228638
v 0.439096302 0.136598065 0.438262552
v 0.51312238 0.137848526 0.400986552
v 0.543770432 0.147653848 0.329234272
v 0.519376159 0.134592831 0.444356561
v 0.57451731 0.140280202 0.432136327
v 0.399604738 0.173854768 0.347644389
v 0.433902234 0.147620991 0.367204368
v 0.444643199 0.128527448 0.506188095
v 0.548224628 0.1430922 0.368656427
v 0.568178952 0.137418702 0.437951922
v 0.550887585 0.146865442 0.342265964
v 0.519013822 0.142820045 0.339009047
v 0.5223822 0.133453026 0.459233016
v 0.566909194 0.134731114 0.45746848
v 0.554785073 0.134251893 0.448981851
v 0.393310338 0.206508353 0.338065952
v 0.390393913 0.207701534 0.351536006
v 0.398300797 0.180692226 0.409493774
v 0.392188728 0.207053587 0.389393985
v 0.393755168 0.212247461 0.403936416
v 0.432508975 0.200928017 0.600027323
v 0.522371829 0.158587903 0.558663964
v 0.513007939 0.169571608 0.573040128
v 0.526985228 0.186134592 0.59406364
v 0.52814424 0.192088604 0.601731002
v 0.573524952 0.152495891 0.355772287
v 0.604816377 0.202495694 0.323288053
v 0.605363727 0.204273954 0.343864977
v 0.480347812 0.132450819 0.510553598
v 0.395950824 0.187142298 0.454194248
v 0.451513112 0.133988068 0.527142584
v 0.442944646 0.232657224 0.634532154
v 0.45964852 0.1319886 0.518095791
v 0.604547203 0.157920882 0.532818258
v 0.565126717 0.131453902 0.520135939
v 0.55950439 0.220187426 0.623523474
v 0.602506816 0.175510645 0.44779098
v 0.60578239 0.189347729 0.496762097
v 0.59332478 0.166288584 0.324521333
v 0.398211479 0.174634218 0.436405569
v 0.434039265 0.168598488 0.565634012
v 0.39440009 0.198370233 0.503875554
v 0.55758059 0.196798921 0.598438025
v 0.561227918 0.207472757 0.609054029
v 0.605048299 0.183949307 0.327418327
v 0.39837575 0.186067969 0.389199793
v 0.394952863 0.168636352 0.494491607
v 0.533803701 0.136673585 0.41767019
v 0.451920807 0.153058827 0.300467759
v 0.518925607 0.149267793 0.546209335
v 0.538685858 0.133940056 0.448983967
v 0.60427773 0.20116882 0.45298034
v 0.579827607 0.157959655 0.341036081
v 0.462408394 0.144366637 0.351035833
v 0.604252398 0.187555283 0.457664102
v 0.550502241 0.129697934 0.494894624
v 0.604396641 0.1615749 0.515292048
v 0.531740308 0.17708759 0.581801832
v 0.500303447 0.135193571 0.438500315
v 0.551932573 0.136854723 0.423824519
v 0.393255889 0.192949787 0.403961539
v 0.460930526 0.197358683 0.604333162
v 0.542705119 0.131780505 0.4736256
v 0.576678514 0.139965504 0.441169113
v 0.437671006 0.131146431 0.483138025
v 0.402979225 0.166741446 0.361045897
v 0.414886028 0.138987988 0.521267653
v 0.393718928 0.196567416 0.371195734
v 0.487373024 0.133664235 0.458701849
v 0.454480767 0.145821542 0.350906193
v 0.53502965 0.1317956 0.477356404
v 0.604239583 0.188785627 0.481829375
v 0.451420307 0.139796734 0.401616991
v 0.464242995 0.146628499 0.329375178
v 0.488995254 0.136230156 0.424040079
v 0.435586929 0.129133746 0.507073641
v 0.540372968 0.137368396 0.412800759
v 0.51827085 0.138700649 0.389887244
v 0.541888416 0.139563784 0.535356879
v 0.46590662 0.142675638 0.53878355
v 0.468653172 0.135936648 0.526114523
v 0.390904784 0.214195505 0.316028297
v 0.395078093 0.21047686 0.507626176
v 0.555361748 0.13528192 0.440081775
v 0.585105002 0.145023674 0.529717684
v 0.608655691 0.216432869 0.305793017
v 0.446544528 0.151281983 0.321889341
v 0.396730274 0.209013313 0.465328962
v 0.396059453 0.197092593 0.47407949
v 0.578370512 0.199133024 0.59521544
v 0.584233165 0.237268463 0.634736359
v 0.41246587 0.147738785 0.469994873
v 0.394822925 0.189350829 0.43893525
v 0.398683637 0.170719743 0.449432701
v 0.422987103 0.13898401 0.446180165
v 0.473266035 0.134413198 0.445555747
v 0.603322327 0.208074212 0.478826284
v 0.606641531 0.191134572 0.505418718
v 0.582009137 0.155730605 0.356611937
v 0.56705606 0.156515539 0.31539607
v 0.416310132 0.144673273 0.457664371
v 0.410936862 0.155787423 0.439374089
v 0.406129837 0.159916878 0.453792483
v 0.422940701 0.132734299 0.512607694
v 0.494162142 0.153996766 0.552015662
v 0.515356183 0.132940367 0.469103247
v 0.54674381 0.15981473 0.559991777
v 0.574509621 0.157087386 0.333162218
v 0.397342592 0.177352577 0.313806802
v 0.477625638 0.143045321 0.341186523
v 0.471122235 0.137226015 0.412293702
v 0.468215078 0.135739729 0.429735363
v 0.593222916 0.163303599 0.397562951
v 0.569126844 0.166036189 0.562057137
v 0.590720296 0.157267734 0.445403099
v 0.527008176 0.143689618 0.338380963
v 0.606447816 0.184370801 0.509886205
v 0.555407941 0.151158646 0.320773125
v 0.584745228 0.148438796 0.409169674
v 0.583307981 0.15124169 0.382961571
v 0.410672188 0.154944837 0.410831034
v 0.494453251 0.143921629 0.325565428
v 0.396877706 0.164169356 0.528017759
v 0.437464356 0.220337421 0.622362077
v 0.577980399 0.240889102 0.637225866
v 0.552776635 0.22738336 0.631552219
v 0.602074802 0.1701819 0.530005693
v 0.601458013 0.194148719 0.354834884
v 0.430649012 0.154366851 0.333853543
v 0.572071612 0.130634353 0.500408828
v 0.576425731 0.164201468 0.557614625
v 0.567395508 0.229472026 0.631189585
v 0.391519815 0.203352153 0.358404577
v 0.403629512 0.159685701 0.465805531
v 0.605843902 0.192219749 0.420164168
v 0.574634194 0.187508255 0.583685517
v 0.421478868 0.155872494 0.345016956
v 0.411174595 0.162017107 0.547689021
v 0.395706296 0.19371061 0.524228275
v 0.439360678 0.140104339 0.412163168
v 0.512370765 0.140802473 0.362685144
v 0.491505563 0.143151224 0.334629089
v 0.498628378 0.142041266 0.349180251
v 0.484141678 0.131814942 0.492578834
v 0.609337449 0.216564819 0.318731219
v 0.588372648 0.150624901 0.458310843
v 0.606704175 0.172409371 0.509109497
v 0.55454272 0.140246034 0.397378564
v 0.519932926 0.135743037 0.428822607
v 0.516455472 0.142120823 0.346374691
v 0.590090454 0.165704027 0.55120182
v 0.543695509 0.129963025 0.507189214
v 0.43936336 0.144910485 0.376607329
v 0.456500441 0.130247831 0.511421204
v 0.508210123 0.138550207 0.528443277
v 0.523032308 0.136803001 0.414807737
v 0.603922069 0.199288353 0.465252101
v 0.481577933 0.135333568 0.435043424
v 0.406158119 0.170331627 0.306581229
v 0.391429305 0.209448636 0.374733359
v 0.403352708 0.17484501 0.406755954
v 0.395736665 0.20504041 0.441502422
v 0.400019556 0.17012383 0.539857984
v 0.475306302 0.187524483 0.59569478
v 0.427188158 0.183291093 0.57980293
v 0.455349922 0.208956987 0.615976691
v 0.424810916 0.222769931 0.621718526
v 0.582431197 0.189980254 0.583927572
v 0.580759943 0.17606838 0.569088638
v 0.534523666 0.189826041 0.597069263
v 0.582766414 0.230765134 0.6286605
v 0.551492751 0.241383955 0.63959825
v 0.591139972 0.168904901 0.306094468
v 0.604729056 0.204287589 0.335933059
v 0.420277476 0.164833769 0.302157283
v 0.424395472 0.199661583 0.596756041
v 0.429823041 0.252143294 0.64191097
v 0.443360031 0.247436196 0.641625822
v 0.455808491 0.137371927 0.418585718
v 0.461272508 0.151699305 0.550857961
v 0.579085827 0.215693459 0.612695932
v 0.60532093 0.206389531 0.503967404
v 0.40255639 0.156790242 0.478187293
v 0.475507498 0.169553965 0.572162271
v 0.504004657 0.132340133 0.505373836
v 0.545281708 0.147325099 0.546081841
v 0.543004811 0.178816214 0.582165897
v 0.566747129 0.170924962 0.56795609
v 0.604046404 0.210852891 0.444125265
v 0.605685234 0.184790865 0.319474787
v 0.468992651 0.142859131 0.355275244
v 0.451291382 0.228945106 0.632731557
v 0.396024346 0.17838636 0.483185202
v 0.396671653 0.177186906 0.527269006
v 0.415062994 0.148504302 0.436429769
v 0.595396876 0.164352655 0.360919267
v 0.450100124 0.147855863 0.341349691
v 0.393709689 0.199273527 0.419571221
v 0.588690758 0.154935196 0.378092796
v 0.443342865 0.132357046 0.468670785
v 0.491537035 0.133153349 0.466990411
v 0.535267293 0.169675052 0.572441518
v 0.578671515 0.133710638 0.504085064
v 0.601912141 0.176100656 0.329367727
v 0.514662266 0.133504108 0.51513356
v 0.560599506 0.147983238 0.351134896
v 0.55553031 0.143655255 0.371399581
v 0.541278005 0.141549081 0.374849677
v 0.417023212 0.164380014 0.31065172
v 0.39613533 0.18276082 0.417773187
v 0.432385027 0.214033499 0.614122093
v 0.582041383 0.144034624 0.434509188
v 0.570860565 0.196543291 0.594433725
v 0.539348841 0.223878458 0.631696403
v 0.452184945 0.130554646 0.484456658
v 0.600162685 0.153230667 0.507381618
v 0.585103035 0.136777475 0.510846794
v 0.399155945 0.1753411 0.428440124
v 0.428181469 0.167825043 0.563398898
v 0.47898978 0.174333617 0.578576386
v 0.604194343 0.195657149 0.484167546
v 0.606328011 0.206359953 0.316490769
v 0.408464134 0.142637938 0.519686401
v 0.530556023 0.139402747 0.38661617
v 0.488819122 0.144512311 0.315444916
v 0.554105222 0.130148202 0.488607109
v 0.404325664 0.164425448 0.353304356
v 0.419444233 0.150171906 0.380738556
v 0.4534311 0.151161104 0.311850458
v 0.596719444 0.146809697 0.504311919
v 0.541200101 0.144061193 0.353804737
v 0.397757858 0.194279954 0.337039441
v 0.403793156 0.175980106 0.399459749
v 0.454138964 0.154344544 0.554087639
v 0.530243397 0.145538345 0.326402932
v 0.558522344 0.13364701 0.456616759
v 0.441608608 0.146214813 0.364161342
v 0.475800276 0.135231838 0.522604465
v 0.391450405 0.167171419 0.539130151
v 0.402516097 0.18362473 0.370764375
v 0.606612861 0.192143306 0.316606909
v 0.530719042 0.146105573 0.543023586
v 0.536045849 0.134600356 0.441364467
v 0.404068321 0.170581624 0.314105392
v 0.474001288 0.138707578 0.530588508
v 0.605521202 0.196915582 0.434747249
v 0.435620219 0.188669965 0.587601602
v 0.395273656 0.16370289 0.502101779
v 0.539109647 0.144785792 0.345467329
v 0.416670024 0.147557646 0.409397304
v 0.487871438 0.132308155 0.506969571
v 0.390470922 0.21706152 0.300423205
v 0.391084254 0.202237874 0.304101139
v 0.392219841 0.202144891 0.395559758
v 0.492478222 0.146032169 0.301241368
v 0.40680939 0.164269507 0.540079951
v 0.491919786 0.163641676 0.564860284
v 0.437747121 0.204956502 0.605755091
v 0.426664948 0.233172834 0.632825911
v 0.586009502 0.148296148 0.428753793
v 0.522742987 0.163195789 0.564593077
v 0.515930831 0.17425938 0.579307139
v 0.539546549 0.217556447 0.626421094
v 0.555197835 0.253436297 0.644043207
v 0.570070088 0.251808643 0.642003417
v 0.604902565 0.177530184 0.533330023
v 0.564077973 0.157557815 0.302391917
v 0.59714967 0.175536707 0.371165574
v 0.395812511 0.199917004 0.448450655
v 0.606912851 0.200909644 0.41145879
v 0.470698744 0.157457501 0.557136059
v 0.500415564 0.138373032 0.395963371
v 0.515295923 0.13603498 0.523483038
v 0.604231477 0.18387948 0.450266749
v 0.59510237 0.152276024 0.48428005
v 0.594614148 0.16478911 0.382996708
v 0.435713381 0.144636974 0.383888245
v 0.398854047 0.153921336 0.505385995
v 0.444353759 0.175838694 0.57590276
v 0.43972978 0.241163984 0.638729393
v 0.601303697 0.177741289 0.423774719
v 0.434727609 0.135336742 0.452377439
v 0.416911513 0.145366117 0.444588631
v 0.541734517 0.155530632 0.555527091
v 0.528052092 0.154217362 0.553299069
v 0.566935956 0.223616168 0.624999702
v 0.558193684 0.202290207 0.604275763
v 0.595858693 0.172143236 0.419098884
v 0.586426079 0.16367285 0.320030749
v 0.428066254 0.152861968 0.34779945
v 0.39571318 0.190046981 0.478049159
v 0.418025106 0.144676924 0.423916191
v 0.408903241 0.141781271 0.501857519
v 0.426461935 0.143822953 0.536289871
v 0.397430271 0.161247954 0.5208233
v 0.393733025 0.191205665 0.507010221
v 0.443553239 0.137030452 0.430907577
v 0.422829241 0.137100875 0.468745202
v 0.454878658 0.135271534 0.43864131
v 0.551802695 0.152673617 0.303826869
v 0.423108786 0.145605788 0.398479819
v 0.419129014 0.144936889 0.416792959
v 0.40650925 0.166598007 0.425556004
v 0.417122096 0.140375465 0.481515318
v 0.595392585 0.163006395 0.449634522
v 0.599682689 0.165554047 0.46384275
v 0.604537249 0.19323428 0.451799572
v 0.467091501 0.139231622 0.393365175
v 0.53448987 0.143528327 0.349820673
v 0.604782045 0.186083689 0.523310244
v 0.551788509 0.151446655 0.312298566
v 0.590418339 0.155273944 0.39492783
v 0.585695863 0.150018141 0.401423603
v 0.558546245 0.148717105 0.342403203
v 0.550532758 0.140619561 0.390372276
v 0.456643254 0.193376705 0.598510981
v 0.424668342 0.214708 0.612977564
v 0.490544856 0.141238034 0.357894748
v 0.610453427 0.167180181 0.538267314
v 0.570545554 0.154849187 0.549460471
v 0.604534566 0.213359505 0.502237916
v 0.545737028 0.145535856 0.347285181
v 0.603782713 0.196640074 0.366792351
v 0.399317741 0.192341849 0.350108206
v 0.411243618 0.139005423 0.509502649
v 0.429977477 0.130779311 0.513886034
v 0.542472601 0.14953436 0.313584
v 0.534748495 0.130842581 0.496185243
v 0.391921669 0.201562747 0.374299973
v 0.395242631 0.203224584 0.434775025
v 0.395529032 0.182464465 0.432157099
v 0.461485565 0.178821564 0.582571626
v 0.461674154 0.141552523 0.376407832
v 0.605921507 0.204209268 0.424072176
v 0.550594032 0.18786487 0.590379059
v 0.530312598 0.131137341 0.501669943
v 0.608183086 0.205000058 0.376211822
v 0.609143794 0.214356571 0.369073212
v 0.447231531 0.141307652 0.394110769
v 0.406677186 0.160379365 0.380765885
v 0.464726627 0.136998951 0.417628467
v 0.423767954 0.14003408 0.530310452
v 0.457307905 0.21389319 0.622258902
v 0.517123222 0.139258996 0.382271856
v 0.52560389 0.141097203 0.364085466
v 0.48933661 0.137907952 0.402024955
v 0.498040468 0.135622352 0.432766229
v 0.457051337 0.133765221 0.452435166
v 0.446782351 0.135388434 0.441461504
v 0.467095047 0.146969303 0.321547061
v 0.469332159 0.135062099 0.437595189
v 0.492142379 0.13208881 0.501001298
v 0.597730517 0.168059394 0.547020614
v 0.593390465 0.152953625 0.474858373
v 0.588015914 0.147393644 0.472564936
v 0.57611078 0.134490773 0.487459779
v 0.607060552 0.208989859 0.338029921
v 0.527345538 0.131851882 0.48134324
v 0.530526996 0.133988768 0.52101779
v 0.591346562 0.15824838 0.412255704
v 0.577572465 0.143259138 0.41852358
v 0.504965663 0.137762859 0.403535247
v 0.545467496 0.138829753 0.401655108
v 0.483057559 0.141004875 0.361510873
v 0.43127504 0.131325617 0.489351153
v 0.485305101 0.152918279 0.5506953
v 0.45266372 0.141359597 0.387943178
v 0.538905561 0.148027375 0.320236832
v 0.516675472 0.133302242 0.463161349
v 0.518858671 0.134059682 0.451777667
v 0.433827192 0.156866163 0.552932739
v 0.563250542 0.134933904 0.450242132
v 0.396622449 0.186063915 0.398051083
v 0.391213149 0.162342116 0.532175839
v 0.523623526 0.176419213 0.581787825
v 0.433271587 0.229539096 0.631140172
v 0.453058571 0.130521551 0.516937196
v 0.602161169 0.163764924 0.539511323
v 0.556023479 0.211356923 0.614856541
v 0.436879367 0.173710972 0.571785688
v 0.55873549 0.18899332 0.589598119
v 0.605170786 0.190392271 0.403072655
v 0.520149946 0.137498379 0.4057585
v 0.45958972 0.138847679 0.40272674
v 0.530196667 0.146358952 0.318590581
v 0.412094861 0.146511838 0.529726088
v 0.535394251 0.1323829 0.469077647
v 0.454258442 0.147725031 0.336712837
v 0.546751976 0.137165084 0.417785257
v 0.553850591 0.136658788 0.531558812
v 0.469695598 0.150266171 0.548277915
v 0.396548063 0.205812082 0.472997993
v 0.605700552 0.203741148 0.511428416
v 0.572488427 0.157523856 0.325224966
v 0.50634557 0.132583976 0.477230012
v 0.572164714 0.15448904 0.341358274
v 0.59107697 0.156380251 0.453475654
v 0.549419522 0.134525523 0.443848699
v 0.553864241 0.221882939 0.626740456
v 0.60646981 0.164556324 0.530047834
v 0.452098757 0.219779611 0.626168668
v 0.505533636 0.140505165 0.366960466
v 0.557061553 0.139484674 0.406067401
v 0.521263421 0.141799554 0.35234192
v 0.526370585 0.136196852 0.422571331
v 0.424148232 0.161892071 0.308281362
v 0.426391333 0.240465164 0.637214482
v 0.447142482 0.240927681 0.639144242
v 0.596757472 0.167995453 0.332140058
v 0.43907398 0.19255285 0.592678726
v 0.390922278 0.215622813 0.307731718
v 0.391582757 0.210566863 0.302201986
v 0.390570343 0.212258086 0.359978676
v 0.401361167 0.175775692 0.303478569
v 0.392147243 0.211864784 0.382727623
v 0.483653247 0.146341607 0.300237626
v 0.469199836 0.187993377 0.594933212
v 0.421394467 0.195358053 0.591323018
v 0.458030164 0.202791303 0.609837115
v 0.396206588 0.211046666 0.494322389
v 0.555831611 0.136374548 0.431073546
v 0.589061141 0.154511049 0.429017365
v 0.600658357 0.173968047 0.550714672
v 0.588080347 0.152431503 0.536511719
v 0.508045733 0.162831143 0.563979805
v 0.585588574 0.245500192 0.639438808
v 0.551548481 0.234329402 0.635706306
v 0.603826642 0.203481615 0.485262215
v 0.605240643 0.212513641 0.422675133
v 0.607801735 0.211333305 0.391800493
v 0.606551886 0.199618727 0.314787149
v 0.608524561 0.197165623 0.301747382
v 0.609809339 0.216176271 0.326517999
v 0.609577596 0.218334571 0.298391938
v 0.394586623 0.20669736 0.421500146
v 0.389452726 0.179252386 0.530901849
v 0.467639357 0.20698306 0.619615853
v 0.456074595 0.246747255 0.644985497
v 0.60385406 0.184532359 0.476192474
v 0.595871627 0.156546891 0.535454392
v 0.578054011 0.148274764 0.389029831
v 0.429346651 0.150062576 0.361039191
v 0.404511869 0.156777978 0.471674323
v 0.395113528 0.199188843 0.495690882
v 0.472432882 0.132367983 0.471950144
v 0.410156608 0.158992663 0.417286903
v 0.471565813 0.141257927 0.368781805
v 0.604421973 0.185368925 0.419862032
v 0.518644392 0.142697021 0.5366503
v 0.485853672 0.134280577 0.449712962
v 0.526008248 0.149826959 0.547424912
v 0.544133842 0.132445455 0.465464473
v 0.606021523 0.185471699 0.31028077
v 0.602734864 0.178067297 0.314593285
v 0.399985075 0.15967384 0.485524267
v 0.453552663 0.199573115 0.604589581
v 0.393897295 0.189479709 0.515836716
v 0.511101663 0.142470017 0.340328366
v 0.601958513 0.183102757 0.40835765
v 0.592746913 0.162702084 0.405554146
v 0.495749027 0.159019753 0.558745861
v 0.551475167 0.167313457 0.567661643
v 0.60262078 0.163610563 0.491505206
v 0.415764987 0.151048332 0.388245493
v 0.49038741 0.14065358 0.365540504
v 0.492603332 0.139399797 0.382500947
v 0.408322394 0.161882564 0.433153033
v 0.49322167 0.134193793 0.452036619
v 0.433434725 0.152055487 0.340685248
v 0.582083106 0.152467608 0.373582661
v 0.491857976 0.136910096 0.525023818
v 0.460981876 0.133044705 0.459716499
v 0.603922665 0.188101053 0.4702591
v 0.538425148 0.150445834 0.300959975
v 0.438664079 0.152877733 0.324599922
v 0.471812993 0.139957651 0.3821491
v 0.593071342 0.160923198 0.389074981
v 0.464103371 0.131892383 0.474103451
v 0.536488891 0.19443424 0.602137089
v 0.599694014 0.159320593 0.484518945
v 0.580423117 0.136649802 0.491336137
v 0.603814542 0.168716297 0.522981048
v 0.605567217 0.196947783 0.374350935
v 0.51571399 0.145078331 0.310115188
v 0.440892816 0.129968867 0.491886616
v 0.566545367 0.143510938 0.392489582
v 0.56494236 0.144172817 0.384537309
v 0.558570385 0.142704144 0.383063436
v 0.508831263 0.139388278 0.381218821
v 0.497566551 0.134737387 0.444808811
v 0.427236825 0.161902159 0.301060647
v 0.411118627 0.165668234 0.316914707
v 0.393308878 0.188052103 0.302392542
v 0.395549089 0.192744106 0.447639465
v 0.467262328 0.175816685 0.579452038
v 0.593412817 0.162944555 0.441234797
v 0.563337147 0.194281191 0.594073355
v 0.420276016 0.15992859 0.326506674
v 0.447658092 0.12905024 0.498422652
v 0.407503724 0.160721749 0.361437947
v 0.40928188 0.156208202 0.390610963
v 0.51171571 0.135986447 0.426592827
v 0.584275484 0.137747645 0.519087315
v 0.554055452 0.206320986 0.609840393
v 0.394538075 0.201392293 0.427295387
v 0.442382663 0.215230986 0.618396938
v 0.4004893 0.162133157 0.471651763
v 0.484080225 0.133053109 0.466564626
v 0.542716444 0.189433753 0.594390512
v 0.561528027 0.16126506 0.558791935
v 0.550529122 0.193253219 0.596317887
v 0.604857028 0.188908502 0.488596618
v 0.606598675 0.188478291 0.301883996
v 0.606808603 0.210818127 0.321468741
v 0.395681322 0.188333765 0.326567233
v 0.394426614 0.184888855 0.31077525
v 0.47838226 0.139924347 0.377580583
v 0.395851791 0.183869094 0.522996366
v 0.425324053 0.140593261 0.429272473
v 0.523751736 0.14272739 0.344846964
v 0.485735059 0.14245306 0.341911733
v 0.440054715 0.135434657 0.44639805
v 0.599867761 0.151360914 0.529318392
v 0.417541146 0.153240845 0.368374884
v 0.501615882 0.132051483 0.492456853
v 0.466477931 0.130769476 0.502779007
v 0.5164271 0.131887823 0.48924759
v 0.590611815 0.152327925 0.466320783
v 0.605640471 0.168207645 0.497074664
v 0.583722174 0.144206807 0.45639804
v 0.571518302 0.149975806 0.364684522
v 0.572382092 0.140590057 0.423785716
v 0.483676165 0.138914257 0.38880077
v 0.496606618 0.136390597 0.42252627
v 0.510836303 0.143727913 0.324113816
v 0.504684389 0.13992019 0.37479201
v 0.459741414 0.141447902 0.538325548
v 0.548326015 0.130247131 0.516150475
v 0.447104812 0.14390327 0.374709964
v 0.580904305 0.147989213 0.536669135
v 0.481055021 0.131919637 0.50395292
v 0.40390256 0.178202733 0.374735624
v 0.406495482 0.172787368 0.394600749
v 0.435027331 0.14319621 0.538339257
v 0.396347672 0.202797443 0.33323133
v 0.393984318 0.204255462 0.345203549
v 0.39208591 0.199309945 0.388744205
v 0.521833599 0.153486848 0.552002311
v 0.542937338 0.164429992 0.565618157
v 0.572768748 0.202646405 0.600482106
v 0.516458929 0.144255131 0.318601519
v 0.599918842 0.162422419 0.526647329
v 0.567634881 0.190265536 0.58855176
v 0.605196953 0.190494657 0.324578315
v 0.393345773 0.176464379 0.495105326
v 0.471798331 0.143261835 0.347853243
v 0.473375022 0.13852407 0.396461576
v 0.541997254 0.131127268 0.482390106
v 0.506531477 0.135472745 0.4342601
v 0.405179769 0.168116212 0.322162569
v 0.46485126 0.192660406 0.599716067
v 0.554225385 0.130741045 0.48208487
v 0.578129232 0.139356002 0.454616666
v 0.434205979 0.129902482 0.49774316
v 0.404179126 0.148309708 0.525884569
v 0.392209589 0.200285107 0.365649879
v 0.449040622 0.145408496 0.361091197
v 0.603986919 0.181042075 0.483661115
v 0.432546079 0.140614688 0.416620582
v 0.397346824 0.186146945 0.333928585
v 0.548132241 0.14257589 0.540611565
v 0.394860029 0.191957384 0.490237921
v 0.394585043 0.205646604 0.517351687
v 0.593426406 0.146145597 0.525259912
v 0.609541535 0.212083906 0.299819231
v 0.395975828 0.180968389 0.441043228
v 0.452531815 0.178089708 0.580378175
v 0.418822378 0.142682314 0.45193404
v 0.603577971 0.20405595 0.471982479
v 0.603057981 0.211256102 0.472236961
v 0.407057494 0.156658515 0.461168915
v 0.543876588 0.146475777 0.338235199
v 0.495345086 0.14461939 0.317658395
v 0.395093203 0.168399021 0.517698407
v 0.604299307 0.177547038 0.5251863
v 0.604391575 0.198976204 0.360750437
v 0.581893623 0.171477914 0.563388288
v 0.574505568 0.227671206 0.626713753
v 0.437533379 0.1412891 0.40533331
v 0.607474446 0.212659404 0.313466072
v 0.58580339 0.146052331 0.464369148
v 0.561906517 0.141358078 0.398820519
v 0.452298611 0.129126698 0.504805505
v 0.395826668 0.2107618 0.435454637
v 0.559195876 0.243188947 0.639665663
v 0.602769017 0.178028852 0.322385132
v 0.499192327 0.132965386 0.470949918
v 0.553179681 0.146331117 0.348960608
v 0.412615031 0.151842445 0.40332064
v 0.486221343 0.174760327 0.579747915
v 0.603780806 0.200582579 0.478499085
v 0.405640095 0.177096784 0.557665706
v 0.592213154 0.142013699 0.510982931
v 0.396843016 0.200881988 0.341126442
v 0.480813682 0.137577906 0.527532339
v 0.399199247 0.190705359 0.372652858
v 0.527743042 0.134833112 0.439716786
v 0.535390258 0.145003766 0.338750541
v 0.486653984 0.145232871 0.307990104
v 0.395986229 0.196524039 0.456060231
v 0.59065938 0.145748824 0.488710344
v 0.596040308 0.169411734 0.377177626
v 0.429450065 0.145514503 0.389050215
v 0.535320818 0.15473178 0.55434823
v 0.447816551 0.137563393 0.423184127
v 0.529617965 0.133095443 0.461708337
v 0.533279121 0.142744198 0.355871856
v 0.459865361 0.173711494 0.576478899
v 0.464217663 0.184084997 0.589202642
v 0.544328511 0.183540568 0.58721447
v 0.522128522 0.131623819 0.501601934
v 0.464863598 0.137905851 0.408338457
v 0.596138179 0.158786774 0.467683136
v 0.610034287 0.214882866 0.335935235
v 0.58394748 0.145322993 0.44202739
v 0.585816205 0.140223622 0.491873175
v 0.56555295 0.129476488 0.504403532
v 0.565888643 0.129955649 0.51166153
v 0.402896672 0.253924966 0.487426788
v 0.512259245 0.137417376 0.407079101
v 0.578246891 0.133879423 0.514089286
v 0.416386247 0.284961462 0.416027606
v 0.434380352 0.156665549 0.312544763
v 0.493572116 0.30942902 0.311940253
v 0.427534342 0.156812295 0.327211797
v 0.443516612 0.314531773 0.551206827
v 0.54103142 0.310124516 0.358740926
v 0.436046004 0.308313698 0.630404651
v 0.47153306 0.309289336 0.328986049
v 0.514176011 0.317148745 0.546836376
v 0.554903865 0.129484549 0.513921857
v 0.559661329 0.128967747 0.501476586
v 0.429928362 0.144315273 0.396244705
v 0.482050538 0.135863334 0.428234816
v 0.558431983 0.303917557 0.638133049
v 0.401010275 0.245790124 0.484171867
v 0.605187297 0.2033481 0.519036591
v 0.488757849 0.135559127 0.432853639
v 0.609419167 0.214200228 0.359942555
v 0.446802646 0.313372612 0.626032352
v 0.393761039 0.209133223 0.408625662
v 0.475571722 0.135559425 0.432059646
v 0.589803934 0.157673776 0.361277401
v 0.570801735 0.131095067 0.493018389
v 0.425498575 0.295764804 0.412473619
v 0.501588881 0.136742756 0.417318016
v 0.43668139 0.295778722 0.302125305
v 0.560201108 0.129948884 0.515127778
v 0.603921771 0.196367949 0.471389294
v 0.537999094 0.318772197 0.574627221
v 0.550398946 0.311816603 0.629723787
v 0.404358566 0.255943447 0.425689846
v 0.51361692 0.31191352 0.379253924
v 0.52903831 0.317230135 0.54910773
v 0.45702973 0.318959206 0.6030581
v 0.583233893 0.285104364 0.355172217
v 0.600633919 0.232528389 0.452412367
v 0.604842782 0.167663947 0.516159236
v 0.441105902 0.31520617 0.557661355
v 0.588932276 0.171312258 0.559047043
v 0.421483696 0.157132849 0.338417292
v 0.605795681 0.190463126 0.515117109
v 0.424390495 0.134643391 0.482973754
v 0.417064875 0.170290917 0.561648786
v 0.441515476 0.31760788 0.580307603
v 0.476919353 0.134947762 0.439357638
v 0.603488505 0.195982933 0.329462856
v 0.417584717 0.162446424 0.552919149
v 0.521827102 0.317237914 0.547576606
v 0.402003467 0.246369243 0.464506686
v 0.601507485 0.228914604 0.445465088
v 0.566912532 0.133169413 0.469941497
v 0.41989556 0.155084133 0.352769017
v 0.604318678 0.225236624 0.510719836
v 0.603813529 0.188925385 0.53025341
v 0.565492213 0.151296958 0.339806348
v 0.487952977 0.315901309 0.612596691
v 0.584982812 0.28184703 0.333174258
v 0.484737128 0.134914443 0.4410671
v 0.399867535 0.189346045 0.357697248
v 0.485509425 0.31360957 0.440116465
v 0.397910178 0.15702568 0.51307416
v 0.521025658 0.313414544 0.422972709
v 0.51603955 0.136982575 0.412950248
v 0.400702894 0.256209075 0.329528987
v 0.603120148 0.21229887 0.485837966
v 0.451423347 0.224724323 0.629557908
v 0.541235983 0.316874802 0.54794836
v 0.411026061 0.144977152 0.485710919
v 0.573961198 0.136503786 0.457905978
v 0.597739458 0.172068447 0.427956372
v 0.568988144 0.136630401 0.445282787
v 0.540306151 0.138121143 0.405629843
v 0.496879846 0.310736895 0.350493759
v 0.409198135 0.272897512 0.375757366
v 0.481895179 0.310296506 0.346393645
v 0.472418606 0.317878693 0.565423429
v 0.427004457 0.134210244 0.474745035
v 0.431081742 0.132526889 0.481052101
v 0.506230354 0.1410743 0.359356701
v 0.561473966 0.185659856 0.585264862
v 0.451724559 0.312182367 0.472545236
v 0.507579684 0.136466697 0.42049104
v 0.584363937 0.141961336 0.478020072
v 0.551337123 0.129146487 0.509302557
v 0.548054397 0.313819826 0.490145296
v 0.572348475 0.131023541 0.508075774
v 0.399381399 0.24250865 0.496332943
v 0.392292857 0.194603801 0.30119735
v 0.489605278 0.310825109 0.355865717
v 0.407286704 0.268082678 0.38598761
v 0.588441968 0.27542305 0.48401475
v 0.396200389 0.18036437 0.456588209
v 0.595622182 0.172922403 0.384771913
v 0.400602281 0.250249505 0.49521932
v 0.545182347 0.318481773 0.571804464
v 0.458357215 0.312946528 0.45942235
v 0.482995242 0.310588926 0.353323877
v 0.432042956 0.303910226 0.472921699
v 0.601920366 0.169199094 0.477144271
v 0.454409391 0.132575288 0.522019506
v 0.429309338 0.143344909 0.403595656
v 0.452607781 0.311427176 0.631740391
v 0.564515531 0.298501521 0.335640907
v 0.476517737 0.147410393 0.543730438
v 0.396057844 0.1886127 0.470120877
v 0.443876207 0.309740275 0.631357968
v 0.604056478 0.200734526 0.458752483
v 0.439054906 0.151658624 0.548629463
v 0.443754822 0.309297532 0.460953444
v 0.606100202 0.196495935 0.510420918
v 0.408954054 0.270738721 0.308972389
v 0.425943136 0.152352348 0.355031133
v 0.564765036 0.175226077 0.573136032
v 0.486230016 0.314398766 0.62007004
v 0.605469346 0.16606757 0.510490775
v 0.433305562 0.154333457 0.32809341
v 0.541242242 0.317823261 0.561759174
v 0.478861004 0.314991832 0.621430755
v 0.427500159 0.155165032 0.549316168
v 0.406298876 0.172070697 0.300771743
v 0.523686528 0.310167253 0.635874152
v 0.547454178 0.255094349 0.646672368
v 0.58056277 0.210769668 0.607231617
v 0.609710574 0.216506854 0.350826859
v 0.540039122 0.135756999 0.42918691
v 0.581310511 0.139930785 0.525527656
v 0.472497731 0.131541669 0.486668676
v 0.392772943 0.200142488 0.312185854
v 0.435995817 0.303294718 0.418232888
v 0.606607914 0.174536571 0.500233591
v 0.509169638 0.312677413 0.405360907
v 0.489171356 0.30881232 0.300048232
v 0.60199821 0.240544811 0.381741911
v 0.594152689 0.167421535 0.425380647
v 0.500044942 0.145891458 0.540546894
v 0.54061228 0.315020442 0.48657459
v 0.55992955 0.176289991 0.575442672
v 0.449291617 0.31857574 0.578113198
v 0.510100424 0.314262569 0.454895616
v 0.398628891 0.174620181 0.320833385
v 0.444230437 0.194284603 0.595950305
v 0.55610311 0.309378624 0.438786268
v 0.511974216 0.31404534 0.447460562
v 0.399346322 0.176348865 0.544154942
v 0.562894702 0.272197992 0.648177445
v 0.574690104 0.149930403 0.372674108
v 0.609113514 0.228387356 0.324300379
v 0.399183005 0.231395885 0.467386425
v 0.559558392 0.30100286 0.325629711
v 0.399830163 0.240484253 0.489845484
v 0.601166844 0.260723442 0.51341933
v 0.552835643 0.313941181 0.520493209
v 0.604796529 0.195297956 0.523047626
v 0.480095536 0.133324236 0.461405158
v 0.441662401 0.299336702 0.300712824
v 0.546817541 0.313747346 0.482153624
v 0.564305127 0.308826178 0.521864533
v 0.559068382 0.134070054 0.526479065
v 0.421749264 0.137812614 0.476019889
v 0.531857193 0.314929247 0.469261229
v 0.601459563 0.155626893 0.51356703
v 0.445720524 0.13063699 0.484630764
v 0.530068755 0.309047282 0.315002412
v 0.397951901 0.222790107 0.478372663
v 0.428629518 0.300575674 0.46294561
v 0.395146489 0.223697156 0.39796102
v 0.60529691 0.203110561 0.432084113
v 0.609555066 0.210863382 0.352971554
v 0.476494014 0.133982345 0.45164904
v 0.516689599 0.317383617 0.553873539
v 0.599596381 0.238217503 0.455731571
v 0.518765271 0.166685715 0.569118977
v 0.514828503 0.314462185 0.459655941
v 0.58649987 0.279168516 0.478694856
v 0.54404211 0.314208359 0.473616004
v 0.4218885 0.21051164 0.607944548
v 0.571708977 0.152979538 0.348441243
v 0.579062641 0.29197672 0.400487572
v 0.5005669 0.139744222 0.530222595
v 0.405758768 0.169311583 0.545592844
v 0.512453675 0.308069259 0.638839722
v 0.494878143 0.135989994 0.427817583
v 0.577459216 0.162865356 0.309398711
v 0.429592907 0.135686561 0.457414806
v 0.591876388 0.265464544 0.453201801
v 0.49847582 0.141484857 0.356083721
v 0.473692238 0.183104455 0.589355648
v 0.397771448 0.172595352 0.463220119
v 0.482968181 0.16613017 0.568070531
v 0.603108764 0.239173174 0.368248463
v 0.550936699 0.132947087 0.524725556
v 0.606857002 0.235126391 0.32320565
v 0.59927845 0.184624463 0.354830056
v 0.593940616 0.175886065 0.560450733
v 0.477688909 0.31345436 0.435410678
v 0.469555825 0.31398046 0.628284812
v 0.567968965 0.3027291 0.438252568
v 0.521731317 0.181550786 0.588858604
v 0.432965994 0.311174273 0.623100638
v 0.428409219 0.298729748 0.420175731
v 0.421636879 0.2930668 0.418465227
v 0.507610977 0.132024691 0.498581618
v 0.601683497 0.224187776 0.469409853
v 0.603319347 0.241089314 0.354397684
v 0.499744803 0.309326679 0.307524413
v 0.583045125 0.286788523 0.460770428
v 0.422578037 0.144989684 0.404680192
v 0.60136807 0.190290853 0.341336757
v 0.499612868 0.317703366 0.581283689
v 0.536573708 0.133174971 0.520904899
v 0.483239144 0.316918433 0.607220769
v 0.411530823 0.143790483 0.524594188
v 0.394708067 0.211810246 0.416054875
v 0.596363842 0.176799297 0.393086046
v 0.459436357 0.310777068 0.634558022
v 0.45006153 0.144747272 0.542746544
v 0.400514692 0.18591027 0.352027804
v 0.593284905 0.261821777 0.446977019
v 0.399666429 0.266738623 0.514496803
v 0.608039916 0.20353812 0.390482903
v 0.44336769 0.143466979 0.540339768
v 0.474179804 0.316150337 0.524968445
v 0.470962465 0.131100833 0.495955557
v 0.606260955 0.178441554 0.511824191
v 0.530933142 0.314177364 0.443331629
v 0.396316826 0.184122369 0.46216622
v 0.524433136 0.140463337 0.533753932
v 0.557831705 0.310612082 0.629142225
v 0.450001627 0.131990969 0.471196175
v 0.541332543 0.308166206 0.32167235
v 0.605224371 0.191136345 0.43253848
v 0.561938643 0.306545496 0.432868361
v 0.597301483 0.264551878 0.336650252
v 0.441359878 0.31355688 0.620721281
v 0.426861972 0.154729575 0.340058953
v 0.60658896 0.227838367 0.361682117
v 0.568942308 0.301787108 0.431162894
v 0.610186696 0.218022391 0.343092769
v 0.397787869 0.24233906 0.507578433
v 0.54737258 0.139626592 0.396145642
v 0.408151716 0.163059935 0.403117657
v 0.482687026 0.143085241 0.334623009
v 0.553491414 0.132605433 0.463356048
v 0.428108096 0.173483267 0.569465101
v 0.531314731 0.316182643 0.513751149
v 0.435038358 0.271451354 0.64726162
v 0.427698404 0.131108508 0.508152127
v 0.540658534 0.316473037 0.540702522
v 0.607438087 0.20571956 0.397794366
v 0.503312051 0.312749833 0.409988165
v 0.561264277 0.150817379 0.334938556
v 0.60780859 0.215028718 0.385913253
v 0.411287248 0.275983989 0.397603422
v 0.535186708 0.213408858 0.624788105
v 0.397443295 0.174926952 0.45569241
v 0.453965634 0.15031974 0.317608356
v 0.597202599 0.25940451 0.495661646
v 0.437665015 0.308908999 0.52086401
v 0.390763074 0.212567627 0.325123161
v 0.537877798 0.315666616 0.508540571
v 0.405322462 0.168346584 0.384470642
v 0.559864342 0.132250562 0.47058934
v 0.554749608 0.144498169 0.364175379
v 0.509614646 0.1419404 0.347552627
v 0.568573177 0.147608221 0.371584475
v 0.405244827 0.149491504 0.490257591
v 0.568068922 0.153403044 0.335651815
v 0.460839182 0.315299898 0.524119496
v 0.520219386 0.138128117 0.398141146
v 0.562748671 0.302498728 0.376497418
v 0.414046019 0.280349404 0.423086703
v 0.531320393 0.134166881 0.447537303
v 0.573805392 0.162829772 0.299242049
v 0.39658308 0.211708784 0.450572431
v 0.594876289 0.272904545 0.504775941
v 0.504196465 0.142256841 0.535268009
v 0.493070453 0.135168657 0.519372165
v 0.548965335 0.305951118 0.324231058
v 0.479174614 0.144106686 0.328059316
v 0.39875561 0.243954435 0.379369587
v 0.457411498 0.314263314 0.500366926
v 0.406046301 0.266322672 0.371979356
v 0.468105227 0.133262783 0.458848804
v 0.545347571 0.152130365 0.299527436
v 0.407608151 0.271075487 0.322362691
v 0.601629794 0.24708122 0.349739462
v 0.429023266 0.187580228 0.584887743
v 0.589669108 0.140522972 0.504469037
v 0.573423266 0.144319177 0.402452588
v 0.405190915 0.267115951 0.313848466
v 0.401509672 0.186307505 0.364738822
v 0.590726435 0.158166081 0.436609715
v 0.427869081 0.131553531 0.495806187
v 0.411669165 0.278227508 0.342430294
v 0.554638922 0.27374807 0.650643885
v 0.478952318 0.31738466 0.556481957
v 0.601612091 0.264830619 0.518267274
v 0.395710289 0.195054457 0.482767254
v 0.535795152 0.311468512 0.373157173
v 0.43957594 0.153814197 0.317159444
v 0.384944618 0.173932478 0.536061883
v 0.569602072 0.305531442 0.524527788
v 0.403335243 0.171490699 0.368276119
v 0.502605319 0.152636454 0.550208867
v 0.394916415 0.193055853 0.322646528
v 0.395738572 0.21237953 0.501912355
v 0.395623595 0.230137318 0.385075092
v 0.597424388 0.272054106 0.511711597
v 0.471122384 0.313415796 0.440630317
v 0.401595056 0.151856899 0.497688204
v 0.467383653 0.315834314 0.520191133
v 0.586095452 0.281075418 0.340939939
v 0.506427109 0.309049845 0.298026472
v 0.548537791 0.163694635 0.564114153
v 0.529352248 0.312167972 0.632292151
v 0.604925394 0.234562784 0.358556539
v 0.442237943 0.147003159 0.357708544
v 0.449015468 0.318709105 0.591906607
v 0.421842873 0.133747995 0.498808503
v 0.398279846 0.196021363 0.357046574
v 0.464726359 0.131258249 0.483008176
v 0.52359432 0.131670162 0.488603771
v 0.466678828 0.311471552 0.386328012
v 0.478323072 0.315415502 0.497515857
v 0.465301573 0.131327897 0.511046529
v 0.401922047 0.248091474 0.425538361
v 0.497761905 0.309569776 0.633872092
v 0.445597887 0.148430467 0.546441436
v 0.395759761 0.223435819 0.512245774
v 0.593990088 0.270564318 0.338780046
v 0.457906902 0.313352317 0.471953869
v 0.417889297 0.148347616 0.400819898
v 0.59131664 0.274864048 0.359081656
v 0.399234951 0.239611775 0.412020147
v 0.567397594 0.18482627 0.582758546
v 0.534390867 0.135234132 0.434050024
v 0.438567191 0.313288808 0.550639868
v 0.450837463 0.149360314 0.329331696
v 0.543182373 0.140037775 0.389663488
v 0.525039315 0.317003965 0.614137113
v 0.519803345 0.316847205 0.61036855
v 0.40040043 0.238726288 0.462142825
v 0.510957778 0.312051564 0.384845227
v 0.526082635 0.309877485 0.32715565
v 0.466277778 0.316084087 0.529550135
v 0.533463836 0.132026389 0.515521705
v 0.485786706 0.132305324 0.479644686
v 0.577045739 0.301631033 0.634476542
v 0.4061369 0.26025793 0.433001041
v 0.529933274 0.313822776 0.432342052
v 0.556714833 0.286634594 0.649381638
v 0.573135316 0.304700673 0.536483049
v 0.405050337 0.274902016 0.508610964
v 0.463985413 0.318830431 0.607000172
v 0.590924084 0.278587937 0.504748106
v 0.563712001 0.309531093 0.528027415
v 0.530126989 0.311448008 0.368467122
v 0.547154665 0.317929596 0.609939992
v 0.399324507 0.167835295 0.45687288
v 0.534568846 0.13821587 0.401580244
v 0.490951627 0.317648113 0.570431471
v 0.529835165 0.315824807 0.500181973
v 0.501477122 0.314885318 0.477120399
v 0.54165107 0.313216567 0.436437517
v 0.557023585 0.306365967 0.38006711
v 0.542409539 0.31074965 0.376382023
v 0.611336052 0.177329749 0.532613099
v 0.483953327 0.148664564 0.544948757
v 0.5468117 0.143911242 0.360883564
v 0.513184965 0.141433492 0.354686528
v 0.470826328 0.133850545 0.452305794
v 0.467323095 0.195758089 0.604445279
v 0.524666309 0.316086799 0.510546744
v 0.402121037 0.259411126 0.336782962
v 0.603976369 0.174515381 0.487947583
v 0.577472389 0.153037891 0.361515403
v 0.439474672 0.281586379 0.649561286
v 0.453492373 0.253826886 0.646487355
v 0.451957047 0.235289305 0.636700273
v 0.403883189 0.171221405 0.419542074
v 0.587126911 0.277164489 0.310069621
v 0.521917045 0.132470399 0.474027097
v 0.538872182 0.130743027 0.490480363
v 0.478158444 0.132859841 0.467361122
v 0.407694131 0.165976614 0.419102699
v 0.448749602 0.318099111 0.570385695
v 0.427642465 0.299346358 0.439042926
v 0.606910765 0.197575599 0.396380007
v 0.515759289 0.306322932 0.643642604
v 0.581901014 0.139007166 0.485484213
v 0.494102061 0.139240608 0.529529691
v 0.415343642 0.281510264 0.478678226
v 0.477312833 0.131517723 0.491682261
v 0.534020305 0.315113485 0.480825126
v 0.431002021 0.178677708 0.575813055
v 0.552324116 0.316158563 0.616713583
v 0.399834007 0.180717677 0.401999384
v 0.52015233 0.18551378 0.594369113
v 0.393999904 0.185124129 0.495143533
v 0.437412918 0.147576943 0.543906689
v 0.475407243 0.160330802 0.560633779
v 0.524788022 0.134279981 0.447261244
v 0.57269311 0.301018059 0.492043078
v 0.54156059 0.135144562 0.436151147
v 0.450509459 0.317999274 0.607552826
v 0.599865437 0.240552485 0.424504757
v 0.605664551 0.195417553 0.49929145
v 0.544704497 0.313147098 0.443655908
v 0.494864345 0.316284895 0.52260983
v 0.411179751 0.274332762 0.422507226
v 0.404973656 0.256788135 0.438553154
v 0.477802128 0.309336632 0.32481575
v 0.543658495 0.311034977 0.383121878
v 0.564603984 0.129904896 0.497387677
v 0.603109419 0.213515744 0.459537029
v 0.575202346 0.290718406 0.337074786
v 0.518839538 0.314016461 0.44360435
v 0.549595416 0.310958564 0.41443944
v 0.454779685 0.312459499 0.465897948
v 0.577890456 0.138110161 0.46861729
v 0.392934263 0.20137167 0.406622648
v 0.435442775 0.298892379 0.359189034
v 0.598211765 0.244543687 0.452910453
v 0.488375783 0.309823602 0.63394022
v 0.393409908 0.197002962 0.411858082
v 0.409421742 0.160161749 0.424985737
v 0.502435446 0.316604853 0.53157413
v 0.432867408 0.304127872 0.465226144
v 0.426901668 0.203182667 0.601094365
v 0.481420249 0.140926838 0.533332884
v 0.529405236 0.317562193 0.55587846
v 0.458204418 0.224499598 0.630820572
v 0.493310571 0.317664713 0.583687663
v 0.416972816 0.141691506 0.527108848
v 0.598079503 0.178401232 0.363843083
v 0.605174959 0.210033238 0.515765071
v 0.448765486 0.312127948 0.491856784
v 0.500160813 0.312472939 0.402466893
v 0.463026077 0.314668387 0.496834606
v 0.475550532 0.164418668 0.56561327
v 0.400280714 0.238310531 0.455984533
v 0.47497341 0.14405936 0.334533006
v 0.589910269 0.156861424 0.421516031
v 0.436582059 0.215731025 0.617135465
v 0.445503265 0.201784551 0.604559124
v 0.440083683 0.305549711 0.636367798
v 0.41032508 0.181202069 0.569527447
v 0.430252463 0.210006192 0.60924083
v 0.553165495 0.306494296 0.357526332
v 0.602122366 0.17402862 0.455330104
v 0.548198998 0.145016119 0.353797764
v 0.390136302 0.227863044 0.300165534
v 0.443895876 0.304133028 0.352985084
v 0.40706104 0.163830951 0.395139456
v 0.519455492 0.140562937 0.367358476
v 0.401023299 0.150871456 0.511945605
v 0.472658366 0.317451596 0.558178961
v 0.500382602 0.133045331 0.510304809
v 0.440321356 0.156870365 0.298909992
v 0.472598702 0.153938159 0.552601457
v 0.433817804 0.131826907 0.519419014
v 0.55270505 0.312414795 0.476975113
v 0.540093422 0.136541262 0.421246022
v 0.525282025 0.316313773 0.518356323
v 0.448256999 0.196901843 0.599982679
v 0.398766518 0.234302178 0.431200206
v 0.609924734 0.229689479 0.299214184
v 0.572893739 0.133775309 0.520996869
v 0.473220438 0.136657506 0.418395758
v 0.51077497 0.317659974 0.591183186
v 0.418437541 0.275699407 0.6447137
v 0.395302594 0.174005792 0.488534302
v 0.448352426 0.146411538 0.354490936
v 0.579488754 0.287320971 0.330714732
v 0.578037977 0.160957754 0.32148394
v 0.395656139 0.242567927 0.331040293
v 0.590058267 0.283070445 0.512083769
v 0.60423857 0.233893171 0.372343212
v 0.470186055 0.201708093 0.614006698
v 0.468353063 0.309732258 0.342379272
v 0.41750598 0.142500147 0.464332253
v 0.415089458 0.149150625 0.427402616
v 0.549049556 0.308586001 0.636201501
v 0.569850624 0.1609281 0.556302309
v 0.604041398 0.205879614 0.492254198
v 0.587769389 0.18038851 0.570799351
v 0.560358882 0.314068109 0.553158343
v 0.520889342 0.131657586 0.494280607
v 0.528259397 0.136844635 0.52727139
v 0.582598209 0.280689448 0.300258905
v 0.577736437 0.295565784 0.490324527
v 0.553560495 0.158052549 0.557008028
v 0.54703176 0.205133215 0.610590875
v 0.394305825 0.189837858 0.431064188
v 0.60348618 0.233567014 0.386287838
v 0.521999836 0.318042666 0.598760545
v 0.511590064 0.134440228 0.447809786
v 0.568207264 0.160213485 0.298878074
v 0.56231463 0.294905186 0.644237101
v 0.586929321 0.280657917 0.348699242
v 0.40035668 0.179401502 0.349855006
v 0.553512335 0.183587924 0.584985554
v 0.544971704 0.136345848 0.424442351
v 0.526812136 0.137338907 0.408963412
v 0.591919959 0.161486983 0.427600592
v 0.478540659 0.313698322 0.442828417
v 0.606129885 0.195480272 0.388285697
v 0.529595375 0.172525316 0.576258659
v 0.395360678 0.243372589 0.321699351
v 0.446550846 0.27667433 0.651124537
v 0.463611782 0.130601943 0.497932166
v 0.532016993 0.318693966 0.578312695
v 0.486037672 0.309008241 0.308236718
v 0.58742255 0.277485818 0.45561108
v 0.565662265 0.157085389 0.308944613
v 0.432916313 0.296525747 0.3545762
v 0.39884904 0.232503563 0.442643344
v 0.396304458 0.203534499 0.460761845
v 0.459916472 0.151386231 0.300088376
v 0.529922366 0.313565999 0.425189674
v 0.405494303 0.162498817 0.447259158
v 0.397083253 0.241978884 0.359294802
v 0.525826395 0.310699195 0.346875131
v 0.605879307 0.196553171 0.426477313
v 0.607649982 0.207330465 0.350879043
v 0.569506645 0.138875932 0.531569302
v 0.432820737 0.304720074 0.492090762
v 0.535083413 0.309286505 0.328342915
v 0.426541775 0.29951039 0.505798817
v 0.58267355 0.161861151 0.55224973
v 0.536887109 0.30796048 0.639600277
v 0.544911861 0.315141141 0.510825276
v 0.422143579 0.133023933 0.50583142
v 0.586222291 0.148778364 0.533432126
v 0.417010188 0.284545451 0.339665145
v 0.520950258 0.132206008 0.510409713
v 0.448768824 0.288165212 0.650690854
v 0.563773513 0.316151381 0.597450435
v 0.410875589 0.275543451 0.328780234
v 0.49289462 0.309904069 0.326826334
v 0.540154338 0.229837194 0.636355937
v 0.453277558 0.3081626 0.358163357
v 0.578659594 0.13657026 0.522433877
v 0.458957732 0.313517481 0.629315615
v 0.593631208 0.263912976 0.485220283
v 0.446777672 0.131309837 0.520881534
v 0.55396384 0.178188533 0.578984141
v 0.5987854 0.171866328 0.434696615
v 0.518314183 0.318060249 0.59160769
v 0.395666242 0.18644011 0.411977291
v 0.517468631 0.317210674 0.605001688
v 0.408028066 0.151761904 0.474687427
v 0.440946668 0.30287087 0.359045058
v 0.545915842 0.136135936 0.529845953
v 0.546968043 0.316558361 0.550698102
v 0.40233916 0.178526774 0.550780118
v 0.396175802 0.18338412 0.478406399
v 0.583624899 0.288565159 0.511277616
v 0.564470828 0.153216258 0.549394667
v 0.50893575 0.317284107 0.55270505
v 0.497500032 0.140414894 0.369746864
v 0.481501013 0.3164303 0.529190302
v 0.504699528 0.159173936 0.559060633
v 0.58211875 0.289795429 0.641685843
v 0.4120121 0.157252967 0.542538404
v 0.509537935 0.132001057 0.490819216
v 0.606269181 0.213667169 0.406430662
v 0.567266226 0.23479791 0.634585619
v 0.415751785 0.139787421 0.489080995
v 0.404387236 0.147171929 0.517301142
v 0.533697009 0.133521765 0.454899728
v 0.419094682 0.241994053 0.637269616
v 0.580078602 0.291876256 0.496564388
v 0.548284531 0.309881687 0.387534142
v 0.419280648 0.148251981 0.393826753
v 0.397696197 0.234244257 0.407316417
v 0.593020916 0.161231905 0.367252856
v 0.588193595 0.151713774 0.441993296
v 0.547605753 0.135797247 0.430893838
v 0.451350749 0.317176133 0.613928735
v 0.561977446 0.138543144 0.533538699
v 0.41152364 0.273275822 0.449757278
v 0.428160608 0.195987925 0.593704224
v 0.589089513 0.252755135 0.642030716
v 0.496718317 0.138895124 0.389153421
v 0.572326362 0.304237038 0.632439971
v 0.510726213 0.31168291 0.373322934
v 0.394525498 0.204308212 0.51029402
v 0.582394242 0.285574585 0.34661597
v 0.396668822 0.228412256 0.409736425
v 0.532626927 0.314566463 0.456340551
v 0.403731316 0.253032923 0.469049454
v 0.496411473 0.142378971 0.535354793
v 0.600996196 0.191893026 0.362978458
v 0.456190467 0.137526318 0.532260418
v 0.601422548 0.232332543 0.490399092
v 0.596044481 0.253887802 0.473163843
v 0.402275026 0.26949209 0.507870495
v 0.540587187 0.142333612 0.367501616
v 0.433232009 0.242477939 0.638643324
v 0.552053809 0.129126176 0.501998365
v 0.394137591 0.196267381 0.51087904
v 0.604273796 0.201846585 0.33136934
v 0.556524277 0.317100465 0.567114711
v 0.400904208 0.241822466 0.450655252
v 0.553375125 0.318257064 0.57980597
v 0.567594111 0.295287907 0.327322751
v 0.485794604 0.315757781 0.507307589
v 0.442369968 0.143858269 0.380734414
v 0.496470481 0.316975951 0.544609487
v 0.516834259 0.310529172 0.337794811
v 0.591213524 0.160617113 0.348082811
v 0.578776419 0.290103555 0.358470887
v 0.404050827 0.264405817 0.321800739
v 0.573498368 0.298828185 0.442331254
v 0.461488634 0.162750214 0.563800335
v 0.607236505 0.200798899 0.382410437
v 0.499323905 0.316224664 0.60623157
v 0.530674994 0.202107757 0.614660025
v 0.525792003 0.309549183 0.320108593
v 0.457711995 0.147950113 0.329781562
v 0.557402849 0.155109957 0.299679935
v 0.581985533 0.136367053 0.497556478
v 0.447948694 0.264300138 0.648750663
v 0.428686678 0.302248538 0.516417861
v 0.473756492 0.31512177 0.490637332
v 0.413237482 0.280319214 0.389110178
v 0.601037025 0.250933468 0.337293595
v 0.590539873 0.276291519 0.352085531
v 0.586887121 0.281553477 0.36314249
v 0.480119646 0.142268673 0.348476529
v 0.558395743 0.302545726 0.33877942
v 0.423973918 0.157161295 0.333168894
v 0.48116529 0.316953152 0.544734776
v 0.471184552 0.14409253 0.34065792
v 0.420395434 0.140865073 0.457715482
v 0.431359053 0.305541009 0.523077369
v 0.606944144 0.236681819 0.314546973
v 0.549827933 0.303882003 0.29989329
v 0.589603662 0.271869391 0.478098094
v 0.490528435 0.316656858 0.604348004
v 0.498451263 0.14293617 0.337474853
v 0.518725634 0.313156545 0.415767878
v 0.601893961 0.157081723 0.518746257
v 0.53216511 0.138742313 0.395169765
v 0.599673748 0.178854436 0.356642187
v 0.480859518 0.315196514 0.490565777
v 0.414264619 0.282546222 0.353471965
v 0.415863901 0.155629486 0.359946996
v 0.410975397 0.277106345 0.350959182
v 0.405789167 0.161544904 0.374029577
v 0.587340117 0.150592178 0.415814161
v 0.6006248 0.232888907 0.477451652
v 0.551522076 0.153654411 0.297964722
v 0.429405481 0.302260399 0.486312121
v 0.60014832 0.236504272 0.444448143
v 0.601939797 0.225334987 0.451153874
v 0.526856482 0.135514185 0.431212038
v 0.417355537 0.289315045 0.641587615
v 0.575878441 0.159753382 0.552898407
v 0.525857091 0.313321412 0.417843312
v 0.606741786 0.20674181 0.409823
v 0.529482543 0.132182822 0.474627227
v 0.499477178 0.132113636 0.499599665
v 0.394584775 0.207290709 0.318024367
v 0.427883744 0.311624855 0.616364062
v 0.547804892 0.314313352 0.498526424
v 0.48346588 0.141547531 0.354797602
v 0.600443006 0.246940792 0.376460254
v 0.44350642 0.134203181 0.527649879
v 0.440876365 0.198602512 0.599782825
v 0.415086985 0.278061986 0.301468104
v 0.559611857 0.137860134 0.422607183
v 0.528465509 0.142718464 0.350850165
v 0.500311077 0.134101823 0.516406059
v 0.583120286 0.154559568 0.364970475
v 0.485501587 0.138406903 0.395663261
v 0.453875124 0.163112983 0.563766122
v 0.407036394 0.161793023 0.441142499
v 0.507328808 0.137084186 0.412151247
v 0.525915623 0.19541423 0.60673058
v 0.4514018 0.312941521 0.497765362
v 0.472085327 0.302868903 0.649028838
v 0.521337152 0.311982781 0.378949404
v 0.599088192 0.252703905 0.370052367
v 0.56632477 0.244462237 0.639573097
v 0.588423789 0.141659886 0.522022367
v 0.529684722 0.142848074 0.538039625
v 0.587296546 0.281258255 0.372254699
v 0.588766217 0.275274575 0.491046876
v 0.602161229 0.162326932 0.520858765
v 0.395888597 0.233106598 0.377901673
v 0.454603165 0.241413236 0.640970409
v 0.418189108 0.2875036 0.424880385
v 0.566374958 0.302466661 0.412410051
v 0.406975627 0.158605486 0.53506279
v 0.387435615 0.171250969 0.540320039
v 0.512818873 0.134965226 0.440402985
v 0.547165215 0.308984905 0.353797704
v 0.439422965 0.307288527 0.456282347
v 0.514696956 0.309833437 0.318085581
v 0.594682634 0.170886174 0.396895409
v 0.393823743 0.168965399 0.509428322
v 0.49218148 0.132388741 0.481211662
v 0.561595261 0.264500827 0.646672606
v 0.415962517 0.178810388 0.570554376
v 0.600460947 0.254147768 0.328443974
v 0.5847736 0.285176903 0.390222251
v 0.424561262 0.152365029 0.544912457
v 0.604603589 0.234059975 0.365342379
v 0.591705561 0.14423801 0.496996403
v 0.39830628 0.156998813 0.49919942
v 0.588960052 0.162921965 0.328340709
v 0.593911171 0.267015636 0.491934747
v 0.568294227 0.143015236 0.399123877
v 0.486676455 0.132715359 0.472597957
v 0.572340965 0.216427624 0.615414858
v 0.472138196 0.309584588 0.336721987
v 0.498096645 0.312862098 0.415063202
v 0.404894054 0.262219399 0.3828035
v 0.401778132 0.246621683 0.430979967
v 0.6022892 0.252839953 0.513460636
v 0.398071438 0.22333096 0.470332593
v 0.544792771 0.319020957 0.60240227
v 0.517919242 0.310222507 0.329469144
v 0.605232775 0.234713137 0.352514148
v 0.449102551 0.152771577 0.307406306
v 0.521569431 0.171018869 0.574771285
v 0.481812388 0.137752846 0.40390861
v 0.429402381 0.289969593 0.310253859
v 0.609728336 0.212385833 0.345235437
v 0.473102301 0.191961557 0.601191401
v 0.599213839 0.173025608 0.317822069
v 0.527534544 0.132353276 0.513503194
v 0.507799327 0.317764163 0.582359254
v 0.557986856 0.306682289 0.395164639
v 0.536875308 0.179919615 0.584575176
v 0.397725284 0.247856855 0.33590439
v 0.468203038 0.318103969 0.569057941
v 0.595773578 0.25848797 0.405701458
v 0.394686431 0.224134058 0.389723808
v 0.455542594 0.144323081 0.542253196
v 0.449827462 0.151241571 0.5501436
v 0.460629493 0.318137795 0.566574931
v 0.602361917 0.225307927 0.439909369
v 0.552814007 0.314087361 0.527359188
v 0.59942627 0.239665255 0.449212015
v 0.577029586 0.295071125 0.438892692
v 0.448096484 0.312896281 0.518856168
v 0.422843665 0.16531527 0.558665454
v 0.441294074 0.154486075 0.309759378
v 0.424532592 0.308686227 0.623374701
v 0.474160969 0.317101836 0.550083518
v 0.524336755 0.316562086 0.526212692
v 0.425001204 0.191406414 0.587932885
v 0.558999836 0.171448141 0.570446253
v 0.396122038 0.202579454 0.480203241
v 0.426896214 0.299882382 0.492670149
v 0.556796491 0.131443307 0.476966918
v 0.403108895 0.166550085 0.345398456
v 0.424510926 0.14616017 0.392834902
v 0.405863732 0.261462629 0.414132208
v 0.60026294 0.256773859 0.506803274
v 0.522044122 0.132955939 0.466440707
v 0.447517753 0.136027634 0.435670584
v 0.502429247 0.311976641 0.386274606
v 0.52252233 0.145558894 0.313777417
v 0.603515208 0.235019252 0.379161
v 0.603984714 0.191428676 0.464596599
v 0.605518341 0.182436109 0.517605066
v 0.41019097 0.286191046 0.518609166
v 0.583337128 0.275517255 0.64450407
v 0.414751202 0.280102372 0.465431631
v 0.437824577 0.133353412 0.465607703
v 0.410288006 0.16738233 0.310278624
v 0.411349803 0.272465259 0.461877704
v 0.43828252 0.132379502 0.522752643
v 0.464891136 0.308527112 0.639648497
v 0.402337879 0.276897788 0.518671095
v 0.567451239 0.311305821 0.62129122
v 0.605195701 0.237110794 0.342512995
v 0.41436553 0.279099017 0.472528249
v 0.405088991 0.170564145 0.413547277
v 0.401881814 0.18008545 0.394173294
v 0.567245126 0.135183692 0.526790917
v 0.422400892 0.152609587 0.36079222
v 0.540577471 0.306970596 0.307269871
v 0.54184407 0.31041348 0.367439687
v 0.566308737 0.153385416 0.32972157
v 0.398828864 0.239560544 0.404883921
v 0.400440127 0.171860784 0.340678245
v 0.44697246 0.152292728 0.314246893
v 0.546341002 0.130411685 0.48991698
v 0.553661585 0.162540972 0.561873496
v 0.572987914 0.244669184 0.639315426
v 0.52767247 0.137918949 0.401727498
v 0.396912754 0.174981922 0.477040976
v 0.574597776 0.297405034 0.429030478
v 0.607028067 0.213247463 0.399168968
v 0.460106134 0.31013152 0.371930063
v 0.599986613 0.253460556 0.345746368
v 0.45683974 0.15111801 0.306905657
v 0.532824218 0.141614661 0.36610508
v 0.583561778 0.219028696 0.616207063
v 0.464989364 0.130836308 0.491046697
v 0.397731811 0.237994283 0.504254162
v 0.477979392 0.151544258 0.549319983
v 0.535320342 0.148144349 0.313768476
v 0.48190245 0.317736298 0.599432051
v 0.482829124 0.14451161 0.53924042
v 0.44100523 0.159320205 0.557269275
v 0.46269995 0.157445535 0.557502925
v 0.395762891 0.204750881 0.492941976
v 0.500013471 0.311882377 0.626322687
v 0.395489872 0.185991243 0.446245879
v 0.397829026 0.174263462 0.443278641
v 0.516492963 0.31483382 0.470898926
v 0.453077167 0.308836579 0.371262193
v 0.557761669 0.301473022 0.318834215
v 0.489474267 0.167727157 0.570273995
v 0.448091567 0.129524559 0.512741864
v 0.430875957 0.284121931 0.646536767
v 0.391616702 0.203648433 0.381738216
v 0.568845034 0.26580143 0.645791233
v 0.394452572 0.192258701 0.385863006
v 0.574416697 0.300227791 0.512589812
v 0.553514719 0.141677126 0.385163724
v 0.441435158 0.167679667 0.566385746
v 0.513814926 0.314997643 0.477139086
v 0.561304569 0.309853613 0.495827228
v 0.395290732 0.19890283 0.359299868
v 0.593679547 0.26110673 0.4724693
v 0.479237407 0.137078702 0.412631631
v 0.432133108 0.151719615 0.546857119
v 0.52592057 0.303335726 0.649218798
v 0.506848276 0.309477478 0.30936268
v 0.39044407 0.214214742 0.352004647
v 0.594536483 0.166625306 0.433546364
v 0.605766177 0.167171746 0.503589332
v 0.458136916 0.130621701 0.48803696
v 0.541408658 0.206542507 0.614717603
v 0.434436888 0.303987563 0.443494469
v 0.412940085 0.282719165 0.503063262
v 0.423122495 0.293775022 0.407114238
v 0.419790745 0.262392998 0.643840849
v 0.524345398 0.310474217 0.340151966
v 0.393484235 0.192469761 0.314827621
v 0.513058841 0.143076256 0.332196146
v 0.597613037 0.158658922 0.477005422
v 0.39272964 0.22407037 0.363190323
v 0.586207271 0.283757865 0.505025446
v 0.566858232 0.301362604 0.399138898
v 0.469732583 0.315133393 0.49672848
v 0.553502858 0.318199098 0.595791221
v 0.546236455 0.133712217 0.451006889
v 0.567670107 0.150272802 0.351782858
v 0.501098871 0.156082228 0.554879963
v 0.551834643 0.304923624 0.639223218
v 0.446306705 0.134662449 0.447855562
v 0.470407665 0.145269826 0.54153353
v 0.48906678 0.316833258 0.540708065
v 0.516622841 0.310880542 0.632303059
v 0.421236992 0.186631501 0.581825972
v 0.546701193 0.141252071 0.382005662
v 0.439316601 0.305517197 0.423665166
v 0.608683228 0.208800107 0.371139586
v 0.582349122 0.195834607 0.590309799
v 0.493152499 0.317191988 0.551974118
v 0.473310173 0.316962838 0.616470397
v 0.393730581 0.190915421 0.417335272
v 0.395845056 0.199029416 0.3260355
v 0.400704741 0.246528655 0.406283557
v 0.551681399 0.318271399 0.572904527
v 0.511815608 0.132225245 0.482799232
v 0.396109134 0.190708995 0.461838931
v 0.604148865 0.239468366 0.348119795
v 0.494817823 0.312634438 0.408674598
v 0.439288974 0.22539787 0.628606558
v 0.614219427 0.171537325 0.537630916
v 0.433989406 0.159126103 0.299881518
v 0.400751561 0.172662392 0.354588836
v 0.551208675 0.149147779 0.326931775
v 0.436348796 0.134193227 0.459369689
v 0.476015657 0.142899036 0.537553251
v 0.582949579 0.286894619 0.377053916
v 0.46790573 0.145102888 0.335642397
v 0.508924305 0.155162379 0.55378288
v 0.547381103 0.315678835 0.53742528
v 0.562738717 0.306481987 0.442045718
v 0.44536376 0.308271885 0.425153166
v 0.428744942 0.136811614 0.450707406
v 0.536453485 0.314841866 0.474168628
v 0.50298506 0.314316005 0.458921015
v 0.482768089 0.161183193 0.561536729
v 0.456864089 0.311977655 0.430882543
v 0.589319348 0.156198621 0.369832277
v 0.462261289 0.318582118 0.573447227
v 0.58483088 0.285149455 0.397860497
v 0.53609246 0.293957502 0.655307055
v 0.398557693 0.176480487 0.342606008
v 0.398652643 0.194039822 0.36388284
v 0.396168262 0.180810258 0.318508267
v 0.417991281 0.153299153 0.542556226
v 0.475223988 0.136085242 0.4253501
v 0.558229864 0.150827944 0.328075439
v 0.390645176 0.227977931 0.307167262
v 0.568827271 0.304445237 0.486857772
v 0.39286831 0.213612378 0.389438391
v 0.505388141 0.308297664 0.637461603
v 0.492518842 0.132026687 0.494024217
v 0.601937532 0.23232837 0.496371388
v 0.535938084 0.203087792 0.612944365
v 0.435245275 0.142502055 0.399512351
v 0.599348724 0.253419697 0.500131369
v 0.500161648 0.311697632 0.378350168
v 0.51007998 0.310097456 0.633284867
v 0.39959228 0.234936655 0.475493819
v 0.539435625 0.311931491 0.393520951
v 0.471467674 0.147744626 0.306342125
v 0.59941119 0.246321768 0.401655197
v 0.435866088 0.135518715 0.528437018
v 0.56450367 0.15406245 0.321748883
v 0.428421199 0.298972338 0.427422732
v 0.4435983 0.287131101 0.649449289
v 0.573385417 0.300052553 0.479267716
v 0.408314705 0.265414953 0.449281424
v 0.481992811 0.317163616 0.551170826
v 0.43227765 0.146914676 0.374678314
v 0.432045698 0.150258124 0.35417363
v 0.395914674 0.185849994 0.405511856
v 0.414484471 0.282691658 0.374222726
v 0.506457508 0.313296974 0.425899148
v 0.448709726 0.147301793 0.347281873
v 0.401713192 0.244830817 0.457122117
v 0.443585068 0.131458268 0.476548284
v 0.602943242 0.180863619 0.341162384
v 0.575920999 0.295637161 0.414652884
v 0.458831072 0.312057674 0.422699481
v 0.606992304 0.178371996 0.506220162
v 0.580322146 0.205098137 0.601113379
v 0.400338411 0.262221307 0.508525193
v 0.580632091 0.290036529 0.393730491
v 0.478735954 0.138748497 0.391960979
v 0.588279188 0.277648062 0.329010427
v 0.404157817 0.255967081 0.417588085
v 0.400801927 0.245797619 0.413533092
v 0.534809232 0.141251087 0.371495903
v 0.435038924 0.138132155 0.431157678
v 0.463294804 0.205076456 0.614547908
v 0.601314366 0.234749347 0.42262277
v 0.597327888 0.180244476 0.385840625
v 0.538692892 0.142899781 0.360919178
v 0.601935923 0.177995622 0.307847947
v 0.402606577 0.18286261 0.382094204
v 0.573108077 0.310032129 0.620993972
v 0.406899869 0.150663882 0.481880724
v 0.530831754 0.305634767 0.644768536
v 0.586391687 0.289229751 0.518901169
v 0.558531225 0.310341805 0.481435329
v 0.576605022 0.133818507 0.495391876
v 0.446950108 0.318467796 0.585241675
v 0.525684655 0.318031788 0.606292367
v 0.587172031 0.280828476 0.421563536
v 0.407489479 0.263559729 0.440439582
v 0.443157434 0.307131231 0.418265283
v 0.605066597 0.17149213 0.49257952
v 0.392183453 0.234510437 0.310539782
v 0.46185407 0.309507877 0.351523846
v 0.396102041 0.240936711 0.347181529
v 0.49563393 0.139861479 0.376918346
v 0.393224657 0.207911789 0.331403226
v 0.436230242 0.300479859 0.372774035
v 0.604676247 0.197186694 0.492132664
v 0.591333866 0.287074089 0.523773432
v 0.397166282 0.172187641 0.482571632
v 0.426849306 0.287750185 0.300130129
v 0.415105581 0.246156543 0.639780462
v 0.604226649 0.205101579 0.448723704
v 0.49819684 0.313658953 0.619583368
v 0.398090601 0.250463575 0.319053948
v 0.513899028 0.13837266 0.394136727
v 0.385666817 0.174242958 0.531980515
v 0.429463148 0.290601224 0.319530815
v 0.431944817 0.300707161 0.412119806
v 0.428440809 0.136449993 0.527106047
v 0.414925545 0.28293851 0.347001821
v 0.439098537 0.306062937 0.438210696
v 0.573787868 0.299560517 0.485068917
v 0.594056249 0.169307411 0.403779536
v 0.396286011 0.211741626 0.442637533
v 0.493867904 0.133158579 0.51244241
v 0.579755962 0.146434426 0.405887425
v 0.473753035 0.313119382 0.4272452
v 0.410106719 0.166869029 0.55227983
v 0.443740249 0.308351666 0.436619431
v 0.417562395 0.285968274 0.453980058
v 0.433372468 0.299988329 0.392627925
v 0.402661502 0.148230359 0.504074991
v 0.45309934 0.279242039 0.653982699
v 0.47800532 0.311427891 0.379143834
v 0.594691873 0.257114917 0.451941967
v 0.551203251 0.131856754 0.470932931
v 0.431992829 0.305915177 0.530541837
v 0.423499912 0.286250859 0.644505978
v 0.395039082 0.186877728 0.42488429
v 0.559847116 0.305113703 0.389597774
v 0.520748198 0.135161221 0.436511517
v 0.592586935 0.163859189 0.419376194
v 0.401513755 0.273176759 0.514330208
v 0.396802574 0.210514933 0.478980273
v 0.602869153 0.214049593 0.466751099
v 0.528926492 0.181061387 0.587100506
v 0.413696826 0.272433698 0.644377708
v 0.405684799 0.175518543 0.388916343
v 0.602823436 0.186443284 0.337386787
v 0.468690425 0.161644384 0.562283695
v 0.413534671 0.253550202 0.641947687
v 0.549226046 0.315220207 0.6230914
v 0.449986339 0.132598191 0.464949429
v 0.561506271 0.13553746 0.443070233
v 0.543631673 0.13007699 0.498000562
v 0.502723515 0.134325191 0.450564831
v 0.566647708 0.141339913 0.406773746
v 0.594391346 0.168337628 0.390799701
v 0.57795316 0.219636828 0.617288291
v 0.51168716 0.14258875 0.535687149
v 0.40338254 0.252210379 0.433203071
v 0.574587286 0.145506501 0.537710607
v 0.480578482 0.185175329 0.593685985
v 0.572232962 0.15856503 0.318957657
v 0.580012202 0.292319208 0.461347312
v 0.603762686 0.18121542 0.442619324
v 0.609136343 0.22915037 0.316409469
v 0.42191118 0.297864437 0.527502298
v 0.58454597 0.284338355 0.454509288
v 0.506413817 0.311790317 0.378940225
v 0.424786747 0.149139121 0.375879973
v 0.606941104 0.228470728 0.353970617
v 0.52154547 0.318297118 0.586114049
v 0.534609973 0.318111151 0.566595376
v 0.587855518 0.152719125 0.408524245
v 0.502359927 0.315542161 0.497748494
v 0.436071068 0.148280963 0.35980767
v 0.523677051 0.315725207 0.497763544
v 0.409167796 0.272479653 0.381846458
v 0.390145063 0.212315738 0.3343876
v 0.430781156 0.313852787 0.608762622
v 0.568101883 0.306206912 0.516315401
v 0.473138839 0.132982329 0.463951617
v 0.572374225 0.297605276 0.402077287
v 0.411252081 0.277568549 0.372758627
v 0.431785971 0.296415448 0.36646077
v 0.461472094 0.31367138 0.464846909
v 0.434307903 0.29931289 0.379095107
v 0.395269096 0.212602198 0.423401028
v 0.5585953 0.154338419 0.307252049
v 0.527119875 0.133752197 0.453862786
v 0.59999001 0.188738599 0.356817096
v 0.40245679 0.17172046 0.425269127
v 0.527352333 0.131325126 0.495268822
v 0.496841192 0.149683133 0.54618299
v 0.428209335 0.159009382 0.314170212
v 0.569178462 0.298744231 0.381843269
v 0.601727128 0.174992368 0.438997865
v 0.407054394 0.162297904 0.387797117
v 0.48151803 0.145092532 0.31435746
v 0.49024421 0.311555594 0.377492875
v 0.58144635 0.145941928 0.413581878
v 0.391698927 0.170718342 0.529197156
v 0.543166161 0.132970616 0.523032904
v 0.418532282 0.295952648 0.637812614
v 0.437708259 0.148673818 0.354334414
v 0.452860951 0.303312868 0.642411292
v 0.601628184 0.225584298 0.476534426
v 0.522704184 0.189230531 0.598992884
v 0.531207681 0.143690422 0.344249576
v 0.604344845 0.18381685 0.429645836
v 0.574987054 0.294456512 0.384763718
v 0.440244079 0.145592421 0.370617896
v 0.481000364 0.309937894 0.337240398
v 0.473855317 0.13776651 0.405119658
v 0.394695342 0.195931524 0.433242649
v 0.444354624 0.305134445 0.365199536
v 0.454236299 0.148430318 0.547453403
v 0.528661907 0.310907304 0.353672117
v 0.396062493 0.206691995 0.447241992
v 0.535462141 0.184891358 0.59084028
v 0.442073137 0.149237454 0.342551082
v 0.603069186 0.198000625 0.337861598
v 0.392537534 0.227170154 0.345238686
v 0.605991781 0.199164733 0.504633367
v 0.468983442 0.313203603 0.43482244
v 0.546185493 0.318997085 0.579420567
v 0.547975898 0.15529424 0.554822385
v 0.414776891 0.158465192 0.346599072
v 0.584492028 0.283823311 0.473012656
v 0.493293703 0.313537002 0.436667651
v 0.596296906 0.17570962 0.401261181
v 0.599285364 0.257752568 0.334875166
v 0.504934609 0.141660377 0.351997018
v 0.61049968 0.171550378 0.541018069
v 0.490353227 0.150345206 0.547053099
v 0.398249447 0.230059758 0.435984194
v 0.471088946 0.308498293 0.313707769
v 0.404482812 0.168555051 0.376321524
v 0.569968283 0.293934107 0.333726883
v 0.424092829 0.206884608 0.604463935
v 0.602223754 0.167485461 0.485205531
v 0.408057779 0.142049998 0.514545918
v 0.587618113 0.280989349 0.380237609
v 0.598253846 0.24871698 0.414261222
v 0.608652353 0.209261164 0.365384609
v 0.468095839 0.13640672 0.423005074
v 0.578019679 0.294840991 0.466623604
v 0.585725665 0.18485786 0.576864839
v 0.596721113 0.149778366 0.497417033
v 0.60959816 0.218567804 0.313759714
v 0.460249424 0.309670985 0.358561337
v 0.477075458 0.132056296 0.479324162
v 0.515177369 0.146039739 0.541509867
v 0.516259968 0.1623175 0.563355625
v 0.51039511 0.310073048 0.325115114
v 0.391368717 0.213345662 0.368542641
v 0.601731181 0.231329829 0.427864701
v 0.463911206 0.310385317 0.365365177
v 0.52381891 0.317524463 0.55565393
v 0.452069789 0.31047067 0.425971895
v 0.501814425 0.31641537 0.525585771
v 0.396479964 0.180860475 0.424977034
v 0.417154104 0.135472104 0.510532975
v 0.432928562 0.139503866 0.423862725
v 0.523473144 0.144866779 0.321442962
v 0.399431884 0.1530343 0.519705713
v 0.394783199 0.211296186 0.514117718
v 0.578979254 0.294459999 0.508925319
v 0.485116631 0.135848954 0.522321939
v 0.474780351 0.133477613 0.45767948
v 0.527469516 0.311828524 0.375439465
v 0.415335357 0.280071169 0.312011927
v 0.521534979 0.308876395 0.298767716
v 0.419174939 0.29009831 0.405109823
v 0.537469864 0.319304049 0.583689809
v 0.449689209 0.214445174 0.620079398
v 0.413187206 0.138755947 0.515515983
v 0.400173128 0.239049792 0.44337523
v 0.507372677 0.314997107 0.479318619
v 0.54622072 0.313206464 0.451679528
v 0.495100528 0.315230608 0.612204313
v 0.466337293 0.31778881 0.562154889
v 0.444169819 0.220094636 0.624407113
v 0.558040261 0.317601234 0.575668812
v 0.457422763 0.312643051 0.452093512
v 0.412044823 0.146280468 0.47784701
v 0.408345908 0.269274384 0.402671248
v 0.591671646 0.273433834 0.498527616
v 0.545274675 0.21547316 0.622893751
v 0.578289509 0.300371885 0.533907473
v 0.60031873 0.17429015 0.35333693
v 0.541030347 0.311466545 0.388203263
v 0.583819509 0.285553575 0.369018286
v 0.52896142 0.161814541 0.562877893
v 0.408873558 0.161433801 0.347597063
v 0.407924086 0.167866766 0.407984734
v 0.561489522 0.136466548 0.436263233
v 0.556063056 0.312149167 0.500555277
v 0.571381629 0.308307618 0.627043486
v 0.482127547 0.315898448 0.512657285
v 0.60535109 0.196261525 0.321661592
v 0.463512361 0.309001088 0.338952094
v 0.566929221 0.179623321 0.577251971
v 0.492800862 0.133656427 0.459508359
v 0.571314931 0.300970614 0.6372931
v 0.540421188 0.313847005 0.449533045
v 0.596210957 0.258591175 0.488299906
v 0.499103695 0.14349708 0.330432862
v 0.507449865 0.309776634 0.317414969
v 0.396811455 0.158809438 0.506320953
v 0.445889145 0.25367111 0.644195914
v 0.505160511 0.1456514 0.305042773
v 0.558492005 0.301886559 0.331382304
v 0.478868425 0.146052659 0.306789815
v 0.598363698 0.253818423 0.378843695
v 0.442777425 0.303148985 0.339963228
v 0.524802387 0.315529853 0.490590543
v 0.525137424 0.313954085 0.438309103
v 0.506156802 0.143528372 0.328800678
v 0.586863041 0.27020216 0.644356549
v 0.398249537 0.188550428 0.380964905
v 0.408362716 0.265408486 0.457958817
v 0.535752952 0.142763436 0.539304912
v 0.556340754 0.192409545 0.593954802
v 0.396639347 0.169149593 0.527153432
v 0.407161295 0.269927919 0.352466345
v 0.432951629 0.303301722 0.44954294
v 0.399847865 0.176249623 0.421569318
v 0.516847074 0.139547393 0.531002402
v 0.466675609 0.308641225 0.325755179
v 0.59089148 0.269774526 0.43800956
v 0.545741498 0.315160066 0.518335223
v 0.527021825 0.167044804 0.569551826
v 0.583593309 0.265007526 0.644083321
v 0.401780456 0.169238135 0.334078312
v 0.585632145 0.282122225 0.492030859
v 0.471491903 0.145217061 0.328089178
v 0.467424184 0.133674681 0.51967752
v 0.50776422 0.135054454 0.519888222
v 0.565610766 0.20419997 0.60418582
v 0.395630866 0.200030655 0.488022864
v 0.606387496 0.197948396 0.417024046
v 0.466838241 0.154106438 0.553333998
v 0.428633928 0.291027218 0.332581282
v 0.451678872 0.306913257 0.334899455
v 0.475561053 0.318028063 0.571365237
v 0.61393559 0.173360929 0.534105062
v 0.596625865 0.166457221 0.352634668
v 0.583411694 0.147091269 0.421138197
v 0.476311892 0.318331659 0.585770249
v 0.450211316 0.307780862 0.364623308
v 0.509021282 0.317263514 0.597917795
v 0.486988991 0.143526539 0.327834666
v 0.507327676 0.138287455 0.396165818
v 0.438510507 0.253244013 0.643069983
v 0.421585262 0.305049539 0.629120588
v 0.602214932 0.24986133 0.31501931
v 0.424881995 0.159078658 0.320919544
v 0.548110008 0.138211489 0.40901944
v 0.484218836 0.307495832 0.640716136
v 0.592720926 0.26465717 0.433570683
v 0.481837273 0.179407462 0.585742712
v 0.606104553 0.227678314 0.369875163
v 0.423146874 0.294811636 0.427341193
v 0.44470039 0.302426606 0.640696824
v 0.391767561 0.234976381 0.302243054
v 0.421512008 0.283322334 0.300703377
v 0.60160315 0.226378277 0.457591385
v 0.591039658 0.273421049 0.400902301
v 0.569821775 0.140944377 0.415645689
v 0.559978962 0.303863913 0.368906707
v 0.438362986 0.301597953 0.365827918
v 0.467663169 0.31542033 0.506852865
v 0.449523628 0.184196144 0.586346805
v 0.49981156 0.313784838 0.443196356
v 0.513197839 0.136563644 0.418585807
v 0.603921294 0.234677881 0.514238894
v 0.570582986 0.239352226 0.637053728
v 0.57293117 0.145396143 0.394701958
v 0.451184273 0.191888198 0.595324874
v 0.584985018 0.284860611 0.427146256
v 0.396503866 0.229445443 0.401971906
v 0.606281161 0.234279409 0.336758226
v 0.598977685 0.260746032 0.324370652
v 0.396729857 0.210858509 0.458266973
v 0.531977057 0.299685031 0.651512504
v 0.604394317 0.224771142 0.404521912
v 0.394346982 0.192660779 0.499081641
v 0.401871949 0.155626342 0.530453086
v 0.59253788 0.167893633 0.31388098
v 0.587525308 0.276683331 0.471826732
v 0.533483982 0.137435362 0.409076154
v 0.563397706 0.23867169 0.637304664
v 0.492684215 0.135136023 0.439006656
v 0.554934084 0.2469524 0.641478539
v 0.605522394 0.238268003 0.330943674
v 0.437104523 0.156899646 0.305219769
v 0.604529858 0.208004624 0.498005718
v 0.579101026 0.147261009 0.397616118
v 0.483511657 0.317908049 0.592283964
v 0.396304637 0.223878652 0.505536854
v 0.463461936 0.311423808 0.394455165
v 0.42386955 0.137175366 0.461251408
v 0.448774487 0.144563138 0.367716849
v 0.490607709 0.314775795 0.475645483
v 0.600201905 0.271209985 0.518052995
v 0.512678444 0.140187398 0.370500028
v 0.536367834 0.149188265 0.307380825
v 0.572878242 0.133462727 0.480780631
v 0.494873106 0.309652448 0.318950713
v 0.411761642 0.283859909 0.509959042
v 0.394280314 0.23360984 0.3483437
v 0.409174055 0.16139476 0.409693211
v 0.595727384 0.264929831 0.365611315
v 0.39467144 0.202108994 0.521700144
v 0.596068501 0.267499745 0.343595624
v 0.505264342 0.143008366 0.3357068
v 0.577587903 0.155470863 0.348829031
v 0.537530422 0.146629974 0.544662416
v 0.558416188 0.312713385 0.529920816
v 0.599004924 0.170694441 0.347968966
v 0.601092756 0.170247823 0.459562391
v 0.47505492 0.310007423 0.343684107
v 0.449973106 0.305196494 0.315870255
v 0.582875729 0.142148927 0.470011443
v 0.415512145 0.166840702 0.556671441
v 0.575130165 0.138546735 0.448251426
v 0.404742807 0.259171247 0.481616914
v 0.412070781 0.14999862 0.461475641
v 0.428028733 0.296375275 0.388646126
v 0.530530155 0.157967299 0.558115005
v 0.604369402 0.214498237 0.430950493
v 0.398628503 0.192506582 0.342899591
v 0.411861062 0.276223212 0.415770143
v 0.538635373 0.303126484 0.645749688
v 0.518520176 0.14382112 0.326088667
v 0.600482106 0.163001627 0.478908509
v 0.421236008 0.252582759 0.641721249
v 0.60452038 0.210597187 0.436661988
v 0.42733717 0.147209972 0.381828666
v 0.577597439 0.290585876 0.351375192
v 0.49133721 0.314269602 0.459740609
v 0.41375041 0.280256957 0.491314292
v 0.445976853 0.139784694 0.407133967
v 0.396222442 0.204819143 0.453786492
v 0.597802639 0.247488126 0.473279327
v 0.563875079 0.306713253 0.460653484
v 0.486028463 0.315355808 0.494557321
v 0.41947937 0.28976965 0.499117553
v 0.469953656 0.311972827 0.396650076
v 0.442775518 0.187126487 0.587780356
v 0.565627873 0.218212947 0.619473755
v 0.505935311 0.317055494 0.545712471
v 0.39449355 0.186145827 0.319996715
v 0.536279023 0.308372349 0.316730887
v 0.50420469 0.317600518 0.566347122
v 0.503865421 0.148941398 0.545203567
v 0.464967996 0.144775257 0.343467891
v 0.555634856 0.316688269 0.609416902
v 0.446735442 0.149297133 0.335406989
v 0.570089042 0.147041216 0.378945351
v 0.453862429 0.315487564 0.544308901
v 0.546615839 0.315400481 0.530189872
v 0.578748763 0.162244573 0.315576255
v 0.470777363 0.131825924 0.478937477
v 0.581823587 0.289879322 0.503680825
v 0.502796292 0.138800457 0.39013955
v 0.60365665 0.189257279 0.394011259
v 0.595881104 0.25920856 0.398895204
v 0.405036718 0.266102672 0.336891443
v 0.604516268 0.226342753 0.397790134
v 0.534970284 0.317343235 0.551703691
v 0.592192829 0.155989319 0.46049431
v 0.596895397 0.177005678 0.379063189
v 0.467760295 0.312734127 0.421723425
v 0.397028893 0.212195814 0.471083045
v 0.553629756 0.306981742 0.365933686
v 0.607286274 0.200115681 0.404422879
v 0.393088132 0.211018592 0.396534711
v 0.397728682 0.222419843 0.485238403
v 0.42028594 0.151032001 0.373791993
v 0.40489459 0.176330492 0.382492512
v 0.478672415 0.131609336 0.498154104
v 0.419892758 0.219206512 0.617070079
v 0.421822071 0.183223814 0.578235149
v 0.391586989 0.226182804 0.334275663
v 0.490135819 0.144090801 0.321664453
v 0.42121762 0.137558341 0.52417022
v 0.545381725 0.229322985 0.633213699
v 0.49380827 0.142461374 0.343565285
v 0.460960388 0.21863462 0.627181232
v 0.529501021 0.309931397 0.333958238
v 0.394056588 0.223651692 0.382306278
v 0.442655712 0.141205817 0.399979562
v 0.57237041 0.176699474 0.572618544
v 0.4632985 0.143283665 0.359481156
v 0.50453639 0.313186377 0.622113228
v 0.393711686 0.186409146 0.502691329
v 0.575998724 0.141950667 0.532910466
v 0.481458545 0.318080336 0.587193191
v 0.603860795 0.160164773 0.506930888
v 0.607141376 0.207835287 0.403712422
v 0.604637504 0.198957428 0.446867108
v 0.470891774 0.312559992 0.413905561
v 0.411678731 0.273496598 0.469620287
v 0.601409912 0.192161947 0.370154679
v 0.394229054 0.194343537 0.377892375
v 0.609193265 0.204770669 0.30080846
v 0.603881419 0.242034256 0.337154239
v 0.399230182 0.243174508 0.39401257
v 0.604219079 0.194327697 0.4593018
v 0.399030536 0.243474036 0.38718155
v 0.414779335 0.280436426 0.449335903
v 0.577566922 0.254181266 0.642261684
v 0.478067905 0.13936314 0.384502918
v 0.483938277 0.312439084 0.62777108
v 0.411841124 0.154415622 0.431053549
v 0.457407445 0.132380798 0.466522634
v 0.503278255 0.133365005 0.464425653
v 0.516294837 0.155850127 0.554847121
v 0.572262466 0.159849361 0.312089115
v 0.412299842 0.276820183 0.322201133
v 0.597688377 0.25172928 0.407342523
v 0.519188106 0.311800569 0.373765945
v 0.564046264 0.300184935 0.640258253
v 0.418178976 0.287133664 0.447276115
v 0.545635223 0.311947644 0.420180053
v 0.513071299 0.313804805 0.439328372
v 0.598462462 0.170549288 0.364432693
v 0.400277764 0.24848558 0.384255648
v 0.599125683 0.157977641 0.526312709
v 0.475175202 0.146133021 0.312343866
v 0.479057372 0.189062238 0.598887205
v 0.497104913 0.311016172 0.358691692
v 0.602805257 0.214185849 0.477926791
v 0.608000517 0.163129866 0.53580308
v 0.451509982 0.311250806 0.452310205
v 0.496670872 0.132170007 0.486170262
v 0.5197106 0.141114518 0.359969944
v 0.470387071 0.141999945 0.362107784
v 0.461016685 0.303967237 0.644159853
v 0.588730812 0.275643528 0.43458584
v 0.554741323 0.14124918 0.537945688
v 0.431360513 0.301416636 0.432056636
v 0.39298597 0.227310121 0.352190316
v 0.506206632 0.315829098 0.609222174
v 0.605009556 0.201802969 0.497972041
v 0.467359275 0.138488755 0.400935918
v 0.595015287 0.257138282 0.435775191
v 0.457292259 0.314045936 0.492870122
v 0.518298507 0.308313996 0.638926804
v 0.582436919 0.295975506 0.529684067
v 0.445711553 0.163419709 0.562729359
v 0.399459064 0.242955253 0.399907798
v 0.584764838 0.167313099 0.301399767
v 0.559905708 0.232478663 0.634162545
v 0.519619703 0.139989987 0.374766856
v 0.40187645 0.169300705 0.350278109
v 0.425741017 0.227439612 0.626967311
v 0.394769788 0.184508532 0.486783266
v 0.504433393 0.313496798 0.432720184
v 0.423104733 0.289197564 0.338386238
v 0.603121758 0.173458681 0.48208642
v 0.401019514 0.155302018 0.49158892
v 0.476986736 0.14114818 0.36454311
v 0.39296636 0.198071659 0.38190341
v 0.4754951 0.14777717 0.299767107
v 0.408945382 0.15797098 0.399063528
v 0.58592993 0.281169891 0.460436076
v 0.456835806 0.182388663 0.585997462
v 0.604719877 0.187562376 0.444956183
v 0.438783675 0.18407312 0.583428144
v 0.591633677 0.269474983 0.419590861
v 0.418826014 0.13584657 0.517335296
v 0.393625379 0.191520467 0.41014868
v 0.461466253 0.146224722 0.337325305
v 0.490842283 0.313283712 0.429424703
v 0.392923623 0.235268205 0.318637311
v 0.571258843 0.136388153 0.452023625
v 0.536586404 0.139426216 0.390388519
v 0.603274405 0.184446216 0.414075255
v 0.473685473 0.132615715 0.514426589
v 0.433004439 0.295387149 0.341044962
v 0.531775355 0.312740982 0.403113425
v 0.530884027 0.131287992 0.489450812
v 0.596965671 0.252337873 0.42020309
v 0.481894761 0.308404356 0.297863424
v 0.410071909 0.161710918 0.34060654
v 0.565817356 0.315090358 0.603507817
v 0.435000867 0.3060247 0.485334933
v 0.597722828 0.181955233 0.375426441
v 0.603187919 0.247651905 0.307781011
v 0.492106736 0.137396812 0.408845544
v 0.444450468 0.317822039 0.596684754
v 0.48609677 0.131870329 0.499573559
v 0.590861261 0.275965899 0.367566466
v 0.550783217 0.139275461 0.402213484
v 0.586697757 0.159052536 0.545971453
v 0.605433524 0.189981207 0.425541669
v 0.41701442 0.158561319 0.340526223
v 0.47851029 0.138191 0.398872882
v 0.423182845 0.246720627 0.639901638
v 0.444116473 0.150864437 0.328889966
v 0.52774775 0.132658735 0.468506485
v 0.403016269 0.250013083 0.45094642
v 0.504754603 0.133797452 0.457786888
v 0.481652379 0.312236071 0.399957836
v 0.604038 0.182196349 0.334134281
v 0.571730912 0.272086769 0.646237552
v 0.397445112 0.166916609 0.487327963
v 0.50299722 0.317532837 0.58907032
v 0.395837247 0.156851694 0.528855205
v 0.5349859 0.164521262 0.56630379
v 0.53820622 0.174734622 0.578074038
v 0.438811868 0.210572407 0.612202764
v 0.605175793 0.194863334 0.381637007
v 0.402927041 0.162609994 0.458800942
v 0.409943193 0.143422008 0.493469596
v 0.454365462 0.13681218 0.424458563
v 0.515223205 0.313462317 0.427489907
v 0.524224699 0.313082904 0.411157429
v 0.569606125 0.297931343 0.375382781
v 0.454043567 0.312946558 0.479377359
v 0.568489552 0.29623279 0.346367329
v 0.58440572 0.136979461 0.503116965
v 0.468799531 0.147441521 0.314173311
v 0.443799585 0.304017872 0.346136153
v 0.515309453 0.131835341 0.497024894
v 0.538367867 0.140332639 0.383280307
v 0.444247782 0.312213182 0.525181174
v 0.39717257 0.251753956 0.515899241
v 0.593591869 0.271359891 0.3643426
v 0.602967739 0.231482849 0.403092921
v 0.493913114 0.13684468 0.416340709
v 0.40961045 0.270192087 0.426292539
v 0.430026233 0.296193182 0.374724239
v 0.538822234 0.166979358 0.568919539
v 0.396390945 0.202666029 0.46766454
v 0.467220515 0.134387985 0.445584774
v 0.59860152 0.184222251 0.360635638
v 0.597729206 0.148684219 0.512593389
v 0.512518823 0.314626873 0.465703219
v 0.565193832 0.157273576 0.553527653
v 0.605736673 0.180574268 0.493191093
v 0.461700469 0.20959717 0.619214833
v 0.449921221 0.129923269 0.490629822
v 0.41052559 0.271933377 0.302525848
v 0.42751357 0.28900069 0.315594554
v 0.397921205 0.229937285 0.495322734
v 0.566968262 0.306149572 0.494140893
v 0.608148456 0.208694592 0.30620718
v 0.436124563 0.130024821 0.514649749
v 0.566440165 0.300891161 0.388180047
v 0.428129077 0.13064377 0.502034605
v 0.573561311 0.182164967 0.578197002
v 0.423262537 0.170122877 0.564263463
v 0.408571869 0.272376001 0.363188297
v 0.605899513 0.183110788 0.534607291
v 0.464215487 0.314053088 0.470205486
v 0.440853089 0.317496777 0.589710295
v 0.49791649 0.314178109 0.455773443
v 0.489365429 0.138875052 0.389326096
v 0.458115965 0.299051136 0.648187757
v 0.504435122 0.314043522 0.449984193
v 0.552135825 0.197851792 0.600940406
v 0.48034665 0.133907244 0.517163098
v 0.523646951 0.139175192 0.386256307
v 0.605175257 0.208926946 0.429263264
v 0.606579602 0.195395499 0.409242541
v 0.44150281 0.129202247 0.511827648
v 0.538909137 0.150766596 0.549721479
v 0.607993364 0.201874554 0.306884617
v 0.600157738 0.186870754 0.3490358
v 0.534345567 0.307347447 0.298500329
v 0.491828978 0.307773709 0.639109969
v 0.437924802 0.299737811 0.343640178
v 0.448065519 0.307098508 0.637239695
v 0.453372568 0.133155048 0.45916748
v 0.505083442 0.315780312 0.504736543
v 0.595971286 0.25670585 0.413830578
v 0.534431934 0.207655296 0.619133532
v 0.401229322 0.24930732 0.398113221
v 0.408331543 0.159574687 0.36865139
v 0.492987841 0.138431206 0.395194054
v 0.438837767 0.164153963 0.561967671
v 0.524077356 0.31560716 0.621382356
v 0.430343121 0.159384072 0.307170749
v 0.537258446 0.309404075 0.335448086
v 0.411652446 0.157540917 0.359901458
v 0.549076498 0.142383918 0.374943525
v 0.604814529 0.186132535 0.438170284
v 0.402421296 0.178996533 0.36645022
v 0.599778712 0.236996084 0.469575316
v 0.395302653 0.175420403 0.52138114
v 0.502108037 0.144995317 0.312351018
v 0.606234372 0.208754301 0.3300035
v 0.603224099 0.180591151 0.435854375
v 0.5883286 0.276437998 0.441705585
v 0.506732941 0.313784957 0.441120178
v 0.433480293 0.295441508 0.334831506
v 0.398407519 0.228818133 0.447452635
v 0.589784026 0.275714427 0.409105182
v 0.587039292 0.149262846 0.449428082
v 0.406032056 0.166463524 0.328314394
v 0.450113624 0.306802481 0.341795564
v 0.598744333 0.165613428 0.456563145
v 0.578565359 0.136939034 0.479724348
v 0.564890385 0.212685972 0.613628447
v 0.409820527 0.171268448 0.557358742
v 0.60361141 0.179768056 0.455960512
v 0.480300933 0.314209342 0.459368289
v 0.508714914 0.145103201 0.310085475
v 0.557021141 0.238012791 0.637397766
v 0.589788437 0.156883538 0.5404284
v 0.480444729 0.312990308 0.421952575
v 0.397413999 0.236853972 0.390233397
v 0.419595212 0.157142982 0.547978044
v 0.472483814 0.31541267 0.502484441
v 0.566299856 0.299834013 0.370470643
v 0.415631801 0.283859551 0.49796471
v 0.397135079 0.1814702 0.302487969
v 0.555929005 0.314103603 0.623017848
v 0.589536726 0.264232785 0.643529117
v 0.512587965 0.139713004 0.376377761
v 0.405886501 0.266412824 0.3652426
v 0.405210018 0.16539903 0.437119126
v 0.428886503 0.302345842 0.511045039
v 0.565919399 0.139202774 0.420793414
v 0.490436167 0.311052799 0.362665266
v 0.448087007 0.30981499 0.439112723
v 0.457864821 0.236414775 0.639238954
v 0.602095664 0.196221113 0.346776485
v 0.469458103 0.318432122 0.575551629
v 0.583244562 0.287211388 0.419859797
v 0.52674979 0.131692365 0.507095098
v 0.563376725 0.307392627 0.46833384
v 0.577082038 0.168155476 0.561679244
v 0.593231976 0.268176258 0.395340949
v 0.431242853 0.205228895 0.604387641
v 0.491910487 0.315260589 0.490626246
v 0.433977962 0.236204177 0.635919809
v 0.459887773 0.14843455 0.322462767
v 0.558857739 0.304118335 0.362041384
v 0.601283848 0.23901625 0.40283978
v 0.404824138 0.265578955 0.304380774
v 0.543044329 0.310468465 0.634983361
v 0.429784209 0.246082574 0.639832139
v 0.393369853 0.193003789 0.394874603
v 0.432975113 0.315103799 0.601702273
v 0.510834992 0.317508101 0.560609758
v 0.402638078 0.180435076 0.387307048
v 0.48714295 0.312611341 0.409731984
v 0.554406106 0.138123274 0.415029436
v 0.533182502 0.310403049 0.348289967
v 0.603027642 0.176067531 0.461819082
v 0.524729669 0.147974119 0.29883796
v 0.454806507 0.31514135 0.537059486
v 0.603698432 0.18841204 0.33141923
v 0.601364136 0.175085485 0.335587651
v 0.449473798 0.167457744 0.568021238
v 0.422338516 0.161347613 0.314824075
v 0.398227125 0.257665515 0.513840079
v 0.578193545 0.247944862 0.640186369
v 0.397134095 0.22363852 0.43436569
v 0.488795549 0.141831324 0.534597576
v 0.476617515 0.312437057 0.407360464
v 0.504905403 0.310792506 0.348757416
v 0.583127201 0.160338789 0.333951801
v 0.485901982 0.313420504 0.434062958
v 0.397775739 0.236604452 0.398644686
v 0.411910713 0.154039875 0.424126774
v 0.586998165 0.159837306 0.340892702
v 0.428756356 0.304660648 0.534110188
v 0.507632971 0.14601934 0.54106617
v 0.588661075 0.14044033 0.516242623
v 0.445399851 0.307561368 0.406753123
v 0.486676335 0.136867166 0.415550411
v 0.41919452 0.230490491 0.628988445
v 0.600914299 0.179329172 0.415864825
v 0.418764293 0.143457219 0.430564404
v 0.470889002 0.311293244 0.379443377
v 0.552390218 0.148232505 0.334621906
v 0.47643137 0.318226367 0.578570843
v 0.605354965 0.226291344 0.386561781
v 0.559291422 0.149933308 0.547020614
v 0.584224403 0.1579151 0.348445952
v 0.555923223 0.299625635 0.643107295
v 0.396650463 0.194140285 0.330151111
v 0.409280181 0.15759334 0.405221194
v 0.427103847 0.302184522 0.528509021
v 0.4186382 0.191215202 0.585816443
v 0.598051786 0.257511854 0.363213837
v 0.518070757 0.315194845 0.482003182
v 0.429534316 0.290059119 0.644749939
v 0.559602499 0.146442264 0.359379113
v 0.488269866 0.132053152 0.48659268
v 0.541271508 0.317183137 0.55472362
v 0.533885539 0.131221101 0.508640707
v 0.42403549 0.278577209 0.64597863
v 0.432473481 0.305607289 0.506594539
v 0.47385636 0.177942514 0.582690358
v 0.459910989 0.134345889 0.446009696
v 0.454671144 0.305496275 0.304160804
v 0.556228101 0.310846448 0.470395714
v 0.522991478 0.146522239 0.305820316
v 0.486658365 0.133611888 0.51510942
v 0.400934726 0.249475986 0.390863329
v 0.531601548 0.197987512 0.608416557
v 0.592277229 0.158351779 0.382029325
v 0.587464571 0.279562652 0.498119831
v 0.460722625 0.140023708 0.391116947
v 0.511504352 0.316889018 0.53915441
v 0.577176869 0.149436265 0.380378634
v 0.433667302 0.183710679 0.581821382
v 0.403126419 0.25216642 0.477895677
v 0.398182601 0.250464767 0.327766478
v 0.500863969 0.317209035 0.55198139
v 0.40416196 0.263233781 0.353993565
v 0.493689299 0.141804025 0.35143283
v 0.413164943 0.151082918 0.444322646
v 0.460472882 0.134662703 0.525725842
v 0.575302482 0.296488643 0.42203626
v 0.579221845 0.286198825 0.317991138
v 0.598583281 0.179426968 0.404843897
v 0.412223339 0.275782406 0.436922669
v 0.488020241 0.316116929 0.51826328
v 0.476380587 0.317872554 0.605664551
v 0.462630242 0.146411121 0.544346392
v 0.397663414 0.19765009 0.345767349
v 0.466361463 0.307161689 0.299500883
v 0.498427808 0.313325763 0.429323554
v 0.409179151 0.268490016 0.43455559
v 0.594394088 0.167913362 0.319921315
v 0.389901519 0.211375073 0.343808383
v 0.492671758 0.313782394 0.444437623
v 0.598814309 0.171424717 0.324402452
v 0.48479715 0.312838018 0.416786373
v 0.585798085 0.282475531 0.434693217
v 0.596876144 0.175677344 0.409288794
v 0.465935588 0.298433155 0.65235281
v 0.441865623 0.134368062 0.453541845
v 0.529234886 0.31512174 0.475486547
v 0.45470354 0.314839184 0.624785483
v 0.54923439 0.131181553 0.477988839
v 0.479690254 0.134411767 0.446838737
v 0.584571838 0.284941882 0.38409403
v 0.49858427 0.133862555 0.457167149
v 0.562843144 0.25491792 0.643483222
v 0.595790744 0.281898379 0.521981061
v 0.474570483 0.308045626 0.299161732
v 0.467785239 0.304865271 0.645486712
v 0.416573972 0.283931732 0.485498935
v 0.488180339 0.309359848 0.315602899
v 0.415740281 0.282559484 0.44415763
v 0.60625416 0.205918744 0.416677952
v 0.393445879 0.183616325 0.509293139
v 0.523233354 0.145377904 0.541084826
v 0.516263247 0.311613917 0.368750602
v 0.454180568 0.316300571 0.551309407
v 0.593900204 0.267073989 0.388220459
v 0.462833583 0.134873226 0.440017402
v 0.570002317 0.303249389 0.481296778
v 0.455908328 0.144820258 0.356762886
v 0.608562887 0.227844164 0.335470229
v 0.589259863 0.273260534 0.449735761
v 0.5161708 0.312253892 0.388798714
v 0.560812593 0.29796499 0.300347894
v 0.45040375 0.247505412 0.642727613
v 0.449364811 0.313920081 0.531543612
v 0.546029091 0.311034352 0.393409312
v 0.595099688 0.262703329 0.394413978
v 0.472853184 0.31371513 0.446682215
v 0.512011528 0.165771633 0.567935705
v 0.569728732 0.303035587 0.469197035
v 0.393024683 0.205740362 0.401815891
v 0.537513971 0.146138072 0.33266896
v 0.461155593 0.319388509 0.591815829
v 0.412987471 0.277255803 0.484366298
v 0.46400094 0.221654683 0.631200194
v 0.595338404 0.172112986 0.554378867
v 0.445476145 0.304034412 0.329241365
v 0.50769347 0.133008689 0.469857782
v 0.394580692 0.243657947 0.300871819
v 0.510797083 0.313586235 0.433326602
v 0.485009015 0.139382094 0.382378429
v 0.459332645 0.305964082 0.299671561
v 0.524978876 0.3167831 0.533960223
v 0.449499398 0.307036698 0.350844741
v 0.57722348 0.304678828 0.630137324
v 0.519231975 0.315372139 0.487393796
v 0.419789284 0.137433559 0.486372352
v 0.548071086 0.210350946 0.61608386
v 0.546487391 0.319303602 0.594840348
v 0.442427784 0.30441168 0.371869028
v 0.529926479 0.144772589 0.332873195
v 0.471902877 0.314734906 0.478617042
v 0.513260543 0.132171288 0.505884707
v 0.414594561 0.239152148 0.636280835
v 0.444621056 0.180990607 0.581571519
v 0.42686981 0.293331325 0.362138867
v 0.602189183 0.242847711 0.505904019
v 0.487098724 0.138499931 0.528787076
v 0.436992139 0.301019043 0.639792919
v 0.446814835 0.306304842 0.358406067
v 0.575500965 0.207818151 0.605350912
v 0.546544909 0.311367095 0.406853706
v 0.53938359 0.192125887 0.598540962
v 0.548329234 0.130733579 0.48411566
v 0.515111983 0.146721527 0.297951013
v 0.405291617 0.257337242 0.445965946
v 0.475867987 0.14062497 0.371539772
v 0.565969408 0.13202396 0.477736175
v 0.540597796 0.318152875 0.613308907
v 0.574446797 0.149895653 0.542712986
v 0.399408996 0.254163086 0.506297946
v 0.541062951 0.133258879 0.456772506
v 0.579638481 0.271068782 0.645300865
v 0.59404856 0.161221385 0.375280946
v 0.46235618 0.13927421 0.396567851
v 0.428732604 0.30057326 0.46860218
v 0.543699384 0.313934058 0.465484411
v 0.548558235 0.179849729 0.582002521
v 0.525137186 0.139824048 0.37951684
v 0.50647217 0.312432528 0.398779064
v 0.470469266 0.141892076 0.53646332
v 0.456336886 0.131685302 0.473877549
v 0.41572696 0.138189107 0.496240854
v 0.460010439 0.316648424 0.549114168
v 0.430275977 0.134545282 0.465965509
v 0.394530565 0.230419546 0.364961535
v 0.396551222 0.238706261 0.365975022
v 0.396629691 0.222632632 0.426585972
v 0.568680048 0.302790016 0.445792973
v 0.592703044 0.26317054 0.466152847
v 0.489138424 0.160055876 0.560100019
v 0.401115298 0.258497626 0.502402484
v 0.562937915 0.133246079 0.463641226
v 0.514025271 0.312562257 0.399528056
v 0.566152573 0.293813109 0.299837202
v 0.57352525 0.134522334 0.473338187
v 0.543278217 0.134477437 0.442966044
v 0.464461565 0.319281995 0.598707497
v 0.448098421 0.142791539 0.381955832
v 0.415767699 0.183376029 0.575570047
v 0.49817422 0.315694809 0.503298581
v 0.505589843 0.134839639 0.443076551
v 0.537144005 0.135843068 0.527651191
v 0.41450423 0.282402784 0.396550357
v 0.464233071 0.14951165 0.306900859
v 0.490542352 0.315938652 0.512301028
v 0.501055121 0.146242246 0.299387336
v 0.429310799 0.147814974 0.541839004
v 0.593955576 0.265157104 0.401341796
v 0.469860882 0.310751885 0.366475642
v 0.49060443 0.14021416 0.371439904
v 0.39758718 0.22280556 0.44936803
v 0.605788708 0.213081688 0.414490998
v 0.436206579 0.302233517 0.398219168
v 0.398694545 0.161395669 0.535748184
v 0.596279621 0.16658783 0.345946461
v 0.425829738 0.297749519 0.457538754
v 0.467428803 0.14961493 0.299668998
v 0.477034599 0.31061542 0.357914448
v 0.395114541 0.162851602 0.511542678
v 0.496596724 0.317534328 0.564762592
v 0.492696017 0.132696599 0.474661231
v 0.497860909 0.313957214 0.448983073
v 0.41300723 0.276023954 0.307807058
v 0.537648737 0.313990295 0.443234861
v 0.432642221 0.141612783 0.409681767
v 0.549582601 0.201196507 0.605377913
v 0.467422396 0.315584928 0.513090849
v 0.591572762 0.150333822 0.531165838
v 0.465814352 0.139951631 0.387222618
v 0.479892522 0.315615863 0.504532695
v 0.511737883 0.315236628 0.485630274
v 0.467821002 0.16618596 0.567769706
v 0.45652172 0.143747106 0.364179194
v 0.531158388 0.141936019 0.361270398
v 0.402369231 0.165480211 0.451097757
v 0.59479785 0.269058466 0.359235495
v 0.425778836 0.159724712 0.553703427
v 0.496848017 0.13337931 0.46437642
v 0.525260746 0.315888733 0.503602862
v 0.577526987 0.285114855 0.298826247
v 0.541757941 0.143604457 0.541273057
v 0.439017326 0.299882859 0.331148863
v 0.491208166 0.312827677 0.415370136
v 0.408031255 0.158136874 0.385593444
v 0.394372433 0.199527711 0.319529533
v 0.594725311 0.269859493 0.351956934
v 0.39272058 0.198751941 0.400628328
v 0.486206383 0.315103203 0.486491919
v 0.405145228 0.262314111 0.390414149
v 0.412352681 0.163443491 0.325599819
v 0.5232113 0.313677937 0.430276215
v 0.488955677 0.309666902 0.322416782
v 0.413088351 0.151453748 0.536800623
v 0.440173864 0.305285782 0.410710394
v 0.515148044 0.15279679 0.550806224
v 0.557455599 0.129549682 0.495924145
v 0.46352464 0.312170386 0.416774035
v 0.422493041 0.147806719 0.387501597
v 0.500424385 0.313108534 0.421977103
v 0.536316156 0.146825969 0.325562477
v 0.56590271 0.148532555 0.357999146
v 0.408179909 0.164140806 0.333139896
v 0.451391339 0.311572284 0.45876947
v 0.537665367 0.315491796 0.499913722
v 0.398693115 0.248584822 0.351211697
v 0.544290483 0.306291431 0.63992095
v 0.578564346 0.164295912 0.30342558
v 0.465561271 0.301775277 0.648956954
v 0.439849228 0.138194218 0.425792426
v 0.420183748 0.290283084 0.486364603
v 0.469646782 0.318625778 0.603885591
v 0.508586526 0.146383613 0.298755854
v 0.512410939 0.310988843 0.35142675
v 0.44711563 0.210188434 0.614420831
v 0.415163875 0.290512949 0.518720567
v 0.407365322 0.170000613 0.40103519
v 0.587586641 0.158020377 0.354179263
v 0.399005949 0.247617781 0.364488721
v 0.549352407 0.139019936 0.535190761
v 0.472627908 0.173651338 0.577134788
v 0.4019458 0.173928499 0.36185497
v 0.411537349 0.155901566 0.373554558
v 0.529092848 0.147121102 0.310056955
v 0.528546572 0.136855081 0.414834499
v 0.465367407 0.318057418 0.615220845
v 0.513968587 0.132545069 0.476232886
v 0.578820646 0.296676487 0.638076067
v 0.39403224 0.173765495 0.515107214
v 0.551869869 0.13342692 0.455782026
v 0.515644133 0.133654878 0.458332181
v 0.460329652 0.130106375 0.504113495
v 0.399804801 0.172243655 0.328138262
v 0.471129239 0.308108956 0.306004465
v 0.581989706 0.288621902 0.467098713
v 0.429993719 0.299442828 0.63893652
v 0.526214063 0.31831032 0.576559186
v 0.603784919 0.206869155 0.45661962
v 0.597380579 0.17242974 0.310258597
v 0.562798321 0.130214944 0.490928292
v 0.449275941 0.133896843 0.453177482
v 0.589524567 0.275580376 0.416681528
v 0.560546756 0.153788373 0.314479649
v 0.595387459 0.264909655 0.373910993
v 0.563815832 0.308956057 0.510011673
v 0.579362273 0.292310327 0.419071496
v 0.551093817 0.318152785 0.602364063
v 0.597238123 0.249417111 0.437365144
v 0.422473788 0.29373768 0.480380446
v 0.485677451 0.137410864 0.408433944
v 0.596863687 0.166486681 0.369185448
v 0.518691182 0.146451652 0.301480651
v 0.600025475 0.257522404 0.314431161
v 0.51937747 0.316233516 0.516168594
v 0.405845582 0.258774042 0.453794301
v 0.407991469 0.15385811 0.467506021
v 0.498511702 0.145621166 0.30564779
v 0.573567629 0.211895466 0.610179365
v 0.448474914 0.30985707 0.432180285
v 0.532693982 0.15035899 0.548820257
v 0.395338714 0.235051155 0.36027649
v 0.553488731 0.30853644 0.391727924
v 0.430967897 0.299062282 0.399556041
v 0.515407324 0.311176956 0.356623739
v 0.403091639 0.153957263 0.48505652
v 0.424662322 0.286526293 0.305394739
v 0.418612421 0.287689894 0.440324455
v 0.432138532 0.133627579 0.524407625
v 0.459905744 0.292625606 0.653751433
v 0.401213497 0.254402846 0.364280522
v 0.398481995 0.187606424 0.33966893
v 0.522184968 0.143693626 0.332566351
v 0.559116721 0.215295419 0.618266165
v 0.546379685 0.221505493 0.627946198
v 0.448664546 0.136843219 0.53195405
v 0.430995107 0.295243204 0.359162897
v 0.51073283 0.316796899 0.603970885
v 0.535536408 0.308116734 0.310946405
v 0.406503856 0.266897053 0.378863394
v 0.603307843 0.176314458 0.475945771
v 0.583481729 0.166934803 0.557602584
v 0.409532577 0.156493589 0.448156536
v 0.447585642 0.138595834 0.415008575
v 0.456135303 0.31927678 0.595295131
v 0.459663749 0.314787179 0.508776128
v 0.598990619 0.240681022 0.46123293
v 0.483779252 0.144131407 0.321598947
v 0.413941443 0.280606925 0.410414994
v 0.599580765 0.245706886 0.49277249
v 0.547727942 0.305313766 0.307731509
v 0.602192044 0.171490088 0.468576223
v 0.453028738 0.273597479 0.653828382
v 0.545582056 0.242078066 0.64125371
v 0.590296566 0.17035909 0.2997697
v 0.405179858 0.265769273 0.348707259
v 0.460753083 0.315777332 0.535070002
v 0.490323514 0.310098797 0.334628284
v 0.455453753 0.143020734 0.371476859
v 0.603837073 0.18346265 0.463217556
v 0.555003881 0.303662896 0.325463891
v 0.55268383 0.172726557 0.573290765
v 0.544228792 0.236513212 0.638600171
v 0.604813337 0.243083507 0.312721044
v 0.580079734 0.180360824 0.57412684
v 0.490364641 0.170688406 0.574447095
v 0.598272383 0.262286544 0.330050439
v 0.39676562 0.212663993 0.486617953
v 0.429398626 0.302741736 0.499015152
v 0.394252181 0.180307657 0.489714265
v 0.57489562 0.286053061 0.644964874
v 0.457094789 0.308099121 0.340115517
v 0.576130092 0.29415518 0.396124989
v 0.441298068 0.138606519 0.534268737
v 0.433085144 0.293798685 0.31518811
v 0.415938228 0.152948514 0.375632614
v 0.426158309 0.138743758 0.441348284
v 0.599568605 0.171604067 0.341689616
v 0.465215832 0.140697688 0.381070018
v 0.572579265 0.289027721 0.29967171
v 0.548811078 0.135175079 0.437315851
v 0.460190445 0.137708277 0.413415641
v 0.604869246 0.201572433 0.352576911
v 0.567573547 0.29395771 0.312348425
v 0.402214915 0.168042958 0.442191035
v 0.555982471 0.300836742 0.298667192
v 0.534320354 0.149968654 0.297182053
v 0.482155919 0.312015623 0.393748581
v 0.517183721 0.313984156 0.623692214
v 0.481178522 0.133863002 0.4542979
v 0.439832121 0.155402124 0.552748024
v 0.419893891 0.174474746 0.567777812
v 0.397113711 0.223675817 0.497433305
v 0.395340443 0.188570946 0.483516783
v 0.40437001 0.25861007 0.400956511
v 0.424301594 0.219007477 0.61754936
v 0.405778676 0.279685199 0.513944924
v 0.455279589 0.187729195 0.591781557
v 0.606323183 0.23166585 0.347624749
v 0.397741318 0.248064786 0.511083364
v 0.421575814 0.203666732 0.600220323
v 0.435616374 0.295603424 0.309146285
v 0.402548403 0.261025906 0.309462696
v 0.413047075 0.264609575 0.643899143
v 0.445586741 0.302824557 0.314317465
v 0.588389695 0.274469942 0.302072376
v 0.397823155 0.250519335 0.300008684
v 0.492757916 0.31237644 0.625839174
v 0.397492528 0.177696496 0.335779667
v 0.479825526 0.310249835 0.634952664
v 0.401106328 0.243263021 0.476675063
v 0.398225218 0.182284817 0.33892414
v 0.587671399 0.150863424 0.423455238
v 0.446291178 0.224838421 0.629678905
v 0.412696451 0.279878318 0.357323498
v 0.571619987 0.291533411 0.320206106
v 0.6052351 0.211926267 0.509628177
v 0.429448634 0.138420239 0.437136441
v 0.543414414 0.30836457 0.32998237
v 0.545160651 0.152146071 0.551548123
v 0.599954128 0.182721198 0.39945659
v 0.434065014 0.195986822 0.595100701
v 0.399474204 0.250190437 0.357592404
v 0.422391295 0.293416977 0.436102301
v 0.426207572 0.29862228 0.48195979
v 0.51603657 0.308955461 0.296550184
v 0.464823067 0.312700242 0.429241478
v 0.422340631 0.292663664 0.393041849
v 0.395994693 0.200490281 0.352213502
v 0.601097882 0.188121825 0.385578007
v 0.396421045 0.230778575 0.510443747
v 0.456558287 0.280290633 0.656653583
v 0.568911135 0.143782854 0.537754118
v 0.402709305 0.258693874 0.495619148
v 0.551921904 0.318684369 0.587629497
v 0.487538934 0.141866148 0.349157542
v 0.593383312 0.167087004 0.411539793
v 0.396982074 0.226553574 0.421968341
v 0.610485792 0.219063744 0.332077235
v 0.57222271 0.134968817 0.464659542
v 0.588742793 0.278894573 0.398031324
v 0.472355217 0.196913153 0.607921541
v 0.464660525 0.313212126 0.441167861
v 0.603773057 0.214798391 0.440908492
v 0.581585526 0.223978058 0.621462166
v 0.463798046 0.314260364 0.477533937
vt 0.691950917 1.26143515 0
vt 0.694627225 1.55204749 0
vt 0.626320481 1.74668169 0
vt 0.552634835 1.7784121 0
vt 0.431353211 1.7784121 0
vt 0.357667565 1.74668169 0
vt 0.287582099 1.55593204 0
vt 0.28464511 1.26307321 0
vt -0.878465176 1.53845048 0
vt -0.943932831 1.75635362 0
vt -1.02149713 1.77539277 0
vt -1.08386493 1.60861564 0
vt -1.14383698 1.77539277 0
vt -1.22140121 1.75635362 0
vt -1.29042959 1.54039192 0
vt -1.28770804 1.24744797 0
vt -0.878752291 1.24625754 0
vt 0.295653373 1.26302886 0
vt 0.306661606 1.26298463 0
vt 0.317669868 1.26294041 0
vt 0.328678191 1.26289606 0
vt 0.339686453 1.26285172 0
vt 0.350694716 1.26280761 0
vt 0.361702979 1.26276326 0
vt 0.372711241 1.26271904 0
vt 0.383719504 1.26267481 0
vt 0.394727767 1.26263046 0
vt 0.405736029 1.26258624 0
vt 0.416744351 1.26254201 0
vt 0.427752554 1.26249766 0
vt 0.438760817 1.26245332 0
vt 0.44976908 1.26240921 0
vt 0.460777342 1.26236486 0
vt 0.471785605 1.26232052 0
vt 0.482793808 1.26227629 0
vt 0.49380219 1.26223207 0
vt 0.504810452 1.26218784 0
vt 0.515818715 1.26214361 0
vt 0.526826978 1.26209927 0
vt 0.53783524 1.26205492 0
vt 0.548843443 1.26201081 0
vt 0.559851706 1.26196647 0
vt 0.570860028 1.26192212 0
vt 0.581868291 1.26187789 0
vt 0.592876554 1.26183367 0
vt 0.603884757 1.26178932 0
vt 0.614893019 1.26174498 0
vt 0.625901282 1.26170087 0
vt 0.636909544 1.26165652 0
vt 0.647917807 1.26161242 0
vt 0.658926189 1.26156807 0
vt 0.669934452 1.26152372 0
vt 0.680942655 1.2614795 0
vt 0.692057908 1.27305973 0
vt 0.692165017 1.2846843 0
vt 0.692272127 1.29630864 0
vt 0.692379117 1.30793309 0
vt 0.692486227 1.31955767 0
vt 0.692593217 1.33118224 0
vt 0.692700267 1.34280682 0
vt 0.692807376 1.35443115 0
vt 0.692914426 1.36605561 0
vt 0.693021476 1.37768018 0
vt 0.693128467 1.38930464 0
vt 0.693235457 1.40092921 0
vt 0.693342686 1.41255355 0
vt 0.693449676 1.42417812 0
vt 0.693556666 1.4358027 0
vt 0.693663776 1.44742727 0
vt 0.693770766 1.45905161 0
vt 0.693877876 1.47067606 0
vt 0.693984926 1.48230064 0
vt 0.694091976 1.49392509 0
vt 0.694199026 1.50554967 0
vt 0.694306016 1.51717424 0
vt 0.694413185 1.52879858 0
vt 0.694520235 1.54042315 0
vt 0.683843493 1.55319953 0
vt 0.673063874 1.55439568 0
vt 0.662290335 1.55565476 0
vt 0.651527941 1.55702305 0
vt 0.640789986 1.55860353 0
vt 0.630083621 1.56041336 0
vt 0.619426787 1.56253767 0
vt 0.608854473 1.56510997 0
vt 0.598438263 1.56834412 0
vt 0.588340759 1.57259274 0
vt 0.57895577 1.57842565 0
vt 0.571211278 1.58658767 0
vt 0.567617238 1.59768462 0
vt 0.566626847 1.60945535 0
vt 0.567691743 1.62117076 0
vt 0.569892287 1.63270712 0
vt 0.573122263 1.64399004 0
vt 0.577256918 1.65490437 0
vt 0.581648469 1.66570807 0
vt 0.58670646 1.67616129 0
vt 0.591848612 1.68656349 0
vt 0.597361505 1.69673944 0
vt 0.602925062 1.70688176 0
vt 0.608707547 1.71687841 0
vt 0.614504278 1.72686481 0
vt 0.620412409 1.73677325 0
vt 0.617109776 1.75064754 0
vt 0.607899129 1.75461483 0
vt 0.598688424 1.75858068 0
vt 0.589477718 1.76254678 0
vt 0.580266893 1.76651287 0
vt 0.571056187 1.77047873 0
vt 0.561845541 1.77444601 0
vt 0.546732485 1.76820135 0
vt 0.540737569 1.75805521 0
vt 0.534547508 1.74805069 0
vt 0.52801168 1.73831153 0
vt 0.520911813 1.7290597 0
vt 0.51295495 1.72069788 0
vt 0.50372541 1.71413779 0
vt 0.492916346 1.71225834 0
vt 0.482463062 1.71588445 0
vt 0.47323817 1.72248602 0
vt 0.465154886 1.73071694 0
vt 0.457741141 1.73967123 0
vt 0.450793982 1.74906349 0
vt 0.444157541 1.75872135 0
vt 0.437710226 1.76853132 0
vt 0.422142506 1.77444601 0
vt 0.412931859 1.77047873 0
vt 0.403721154 1.76651287 0
vt 0.394510329 1.76254678 0
vt 0.385299623 1.75858068 0
vt 0.376088977 1.75461483 0
vt 0.366878271 1.75064754 0
vt 0.36393559 1.73674917 0
vt 0.370203435 1.7268157 0
vt 0.376353025 1.71679568 0
vt 0.382461011 1.70674467 0
vt 0.38837862 1.69656181 0
vt 0.394133568 1.68626595 0
vt 0.399607122 1.67579627 0
vt 0.40473783 1.66511488 0
vt 0.409314513 1.65415645 0
vt 0.413390458 1.64294696 0
vt 0.416038573 1.63126707 0
vt 0.417468369 1.61939883 0
vt 0.416842341 1.60735941 0
vt 0.412424624 1.59640217 0
vt 0.404515326 1.58805966 0
vt 0.3951388 1.58171844 0
vt 0.38499558 1.57694006 0
vt 0.374513566 1.57311964 0
vt 0.363849103 1.56995153 0
vt 0.353074789 1.56725693 0
vt 0.342226565 1.56494021 0
vt 0.331334829 1.56288314 0
vt 0.320416689 1.56100106 0
vt 0.309481025 1.55924106 0
vt 0.298534602 1.55756283 0
vt 0.287464648 1.54421759 0
vt 0.287347138 1.53250337 0
vt 0.287229687 1.52078891 0
vt 0.287112206 1.50907469 0
vt 0.286994696 1.49736023 0
vt 0.286877245 1.48564577 0
vt 0.286759764 1.47393155 0
vt 0.286642283 1.46221721 0
vt 0.286524802 1.45050287 0
vt 0.286407322 1.43878841 0
vt 0.286289841 1.42707407 0
vt 0.28617236 1.41535974 0
vt 0.28605485 1.4036454 0
vt 0.285937399 1.39193118 0
vt 0.285819918 1.38021672 0
vt 0.285702437 1.36850238 0
vt 0.285584956 1.35678804 0
vt 0.285467476 1.3450737 0
vt 0.285349995 1.33335936 0
vt 0.285232514 1.32164502 0
vt 0.285115063 1.30993056 0
vt 0.284997553 1.29821634 0
vt 0.284880072 1.28650188 0
vt 0.284762621 1.27478766 0
vt -0.878740907 1.2579453 0
vt -0.878729284 1.26963305 0
vt -0.878717899 1.28132081 0
vt -0.878706336 1.29300845 0
vt -0.878694892 1.3046962 0
vt -0.878683448 1.31638384 0
vt -0.878671944 1.32807159 0
vt -0.87866044 1.33975935 0
vt -0.878648937 1.35144699 0
vt -0.878637433 1.36313474 0
vt -0.878626049 1.3748225 0
vt -0.878614485 1.38651013 0
vt -0.878603041 1.39819789 0
vt -0.878591478 1.40988553 0
vt -0.878580093 1.42157328 0
vt -0.87856859 1.43326104 0
vt -0.878557026 1.44494867 0
vt -0.878545642 1.45663643 0
vt -0.878534019 1.46832418 0
vt -0.878522635 1.48001182 0
vt -0.878511131 1.49169958 0
vt -0.878499627 1.50338721 0
vt -0.878488183 1.51507497 0
vt -0.878476679 1.52676272 0
vt -0.887508512 1.545362 0
vt -0.896510363 1.55233765 0
vt -0.905431271 1.55943561 0
vt -0.914225996 1.56671786 0
vt -0.922838688 1.5742538 0
vt -0.931199014 1.58211875 0
vt -0.939214826 1.5903976 0
vt -0.946764946 1.59917951 0
vt -0.953689694 1.60855198 0
vt -0.959783673 1.61858511 0
vt -0.964800656 1.62930512 0
vt -0.968305588 1.64072227 0
vt -0.969876647 1.65264511 0
vt -0.969812095 1.66468048 0
vt -0.968510389 1.67662811 0
vt -0.966307163 1.68841887 0
vt -0.963448584 1.70004702 0
vt -0.96010536 1.71152592 0
vt -0.956322193 1.72284245 0
vt -0.952307642 1.73406243 0
vt -0.948164642 1.74522734 0
vt -0.953628302 1.75873327 0
vt -0.963323951 1.76111412 0
vt -0.973019481 1.76349354 0
vt -0.982714951 1.76587319 0
vt -0.992410481 1.76825285 0
vt -1.00210595 1.77063251 0
vt -1.0118016 1.77301311 0
vt -1.02565503 1.76427484 0
vt -1.02981281 1.75315547 0
vt -1.03397071 1.74203753 0
vt -1.03812861 1.73091841 0
vt -1.0422864 1.71980047 0
vt -1.04644418 1.70868206 0
vt -1.0506022 1.69756341 0
vt -1.05475986 1.686445 0
vt -1.05891776 1.67532659 0
vt -1.06307578 1.66420794 0
vt -1.06723344 1.65308952 0
vt -1.07139134 1.64197111 0
vt -1.07554924 1.6308527 0
vt -1.07970703 1.61973405 0
vt -1.08786309 1.61973405 0
vt -1.09186113 1.6308527 0
vt -1.09585929 1.64197111 0
vt -1.09985745 1.65308952 0
vt -1.10385561 1.66420794 0
vt -1.10785365 1.67532659 0
vt -1.11185193 1.686445 0
vt -1.11584997 1.69756341 0
vt -1.11984813 1.70868206 0
vt -1.12384629 1.71980047 0
vt -1.12784433 1.73091841 0
vt -1.13184249 1.74203753 0
vt -1.13584065 1.75315547 0
vt -1.1398387 1.76427484 0
vt -1.15353239 1.77301311 0
vt -1.16322803 1.77063251 0
vt -1.17292356 1.76825285 0
vt -1.18261909 1.76587319 0
vt -1.19231462 1.76349354 0
vt -1.20201015 1.76111412 0
vt -1.21170568 1.75873327 0
vt -1.21677971 1.74542642 0
vt -1.21225595 1.7344501 0
vt -1.20784736 1.72341967 0
vt -1.20382023 1.71221542 0
vt -1.20023394 1.70084071 0
vt -1.19721246 1.68927932 0
vt -1.19500589 1.67749572 0
vt -1.1942277 1.6654911 0
vt -1.19538164 1.65354156 0
vt -1.19859242 1.64207101 0
vt -1.20337319 1.6312387 0
vt -1.20921111 1.62103176 0
vt -1.21581078 1.6113925 0
vt -1.22299743 1.60226631 0
vt -1.23064375 1.59359479 0
vt -1.2386446 1.58531213 0
vt -1.24691868 1.57735395 0
vt -1.25539875 1.5696578 0
vt -1.26403141 1.5621655 0
vt -1.27277255 1.55482411 0
vt -1.28158355 1.54758263 0
vt -1.29032063 1.52867436 0
vt -1.29021168 1.51695657 0
vt -1.29010296 1.50523877 0
vt -1.289994 1.49352098 0
vt -1.28988528 1.48180318 0
vt -1.28977633 1.47008538 0
vt -1.28966761 1.45836771 0
vt -1.28955865 1.44664991 0
vt -1.28944993 1.43493223 0
vt -1.28934097 1.42321444 0
vt -1.28923202 1.41149664 0
vt -1.2891233 1.39977884 0
vt -1.28901434 1.38806105 0
vt -1.28890562 1.37634337 0
vt -1.28879666 1.36462569 0
vt -1.28868771 1.3529079 0
vt -1.28857899 1.3411901 0
vt -1.28847003 1.3294723 0
vt -1.28836131 1.31775451 0
vt -1.28825235 1.30603683 0
vt -1.2881434 1.29431903 0
vt -1.28803468 1.28260136 0
vt -1.28792572 1.27088356 0
vt -1.287817 1.25916576 0
vt -1.2766552 1.24741578 0
vt -1.26560235 1.24738359 0
vt -1.2545495 1.24735141 0
vt -1.24349666 1.24731946 0
vt -1.23244381 1.24728703 0
vt -1.22139096 1.24725485 0
vt -1.21033812 1.24722266 0
vt -1.19928527 1.24719071 0
vt -1.18823242 1.24715853 0
vt -1.17717957 1.24712634 0
vt -1.16612673 1.24709415 0
vt -1.15507388 1.24706197 0
vt -1.14402092 1.24702978 0
vt -1.13296807 1.24699759 0
vt -1.12191522 1.24696541 0
vt -1.11086226 1.24693322 0
vt -1.09980953 1.24690104 0
vt -1.08875656 1.24686885 0
vt -1.07770371 1.24683666 0
vt -1.06665087 1.24680448 0
vt -1.05559814 1.24677241 0
vt -1.04454517 1.24674022 0
vt -1.03349233 1.24670804 0
vt -1.02243948 1.24667573 0
vt -1.01138663 1.24664354 0
vt -1.00033379 1.24661148 0
vt -0.989280879 1.24657929 0
vt -0.978228092 1.24654722 0
vt -0.967175126 1.24651504 0
vt -0.956122339 1.24648285 0
vt -0.945069432 1.24645066 0
vt -0.934016585 1.24641848 0
vt -0.922963738 1.24638629 0
vt -0.911910951 1.2463541 0
vt -0.900858045 1.24632192 0
vt -0.889805198 1.24628973 0
vt 0.364268541 1.4067086 0
vt 0.428546548 1.31869841 0
vt 0.444321513 1.54896188 0
vt 0.530331314 1.58543372 0
vt 0.495118558 1.38575137 0
vt 0.512855709 1.27475882 0
vt 0.547532499 1.5094794 0
vt 0.588503301 1.33744502 0
vt 0.597853959 1.2838856 0
vt 0.610240579 1.31137538 0
vt 0.636825621 1.53147388 0
vt 0.590953052 1.52730012 0
vt 0.668361425 1.54637361 0
vt 0.458598852 1.58056331 0
vt 0.444447398 1.64399123 0
vt 0.43316108 1.61104298 0
vt 0.518335283 1.64639187 0
vt 0.541996956 1.67727876 0
vt 0.549355328 1.73046327 0
vt 0.601913631 1.74109054 0
vt 0.564789832 1.75745678 0
vt 0.424510777 1.70129132 0
vt 0.3950032 1.7179091 0
vt 0.413928449 1.76053476 0
vt 0.371961296 1.28490222 0
vt 0.29382363 1.32671058 0
vt 0.294623286 1.28219652 0
vt 0.326462507 1.29794455 0
vt 0.303262651 1.45235467 0
vt 0.357687652 1.54682827 0
vt 0.296771765 1.51387501 0
vt 0.560916364 1.57149601 0
vt 0.429356873 1.47725177 0
vt 0.553123236 1.58780193 0
vt 0.470272601 1.27402186 0
vt 0.499890208 1.53381634 0
vt 0.567606032 1.29928207 0
vt 0.575781524 1.29590714 0
vt 0.644056916 1.27149141 0
vt 0.586420298 1.31755972 0
vt 0.658665121 1.2844342 0
vt 0.680872798 1.49507797 0
vt 0.603626132 1.56051373 0
vt 0.563485444 1.53365707 0
vt 0.470390201 1.5675559 0
vt 0.486502469 1.69557595 0
vt 0.466988623 1.61742139 0
vt 0.585900426 1.70070863 0
vt 0.47986728 1.67812848 0
vt 0.421395302 1.72711229 0
vt 0.376938879 1.45008707 0
vt 0.426229537 1.35141826 0
vt 0.336659968 1.53574657 0
vt 0.428132594 1.53600168 0
vt 0.496570647 1.3255198 0
vt 0.441959023 1.27644777 0
vt 0.487091124 1.57658029 0
vt 0.544302583 1.35317802 0
vt 0.536068439 1.2760818 0
vt 0.635065138 1.43285382 0
vt 0.635415852 1.5027132 0
vt 0.635883331 1.32328033 0
vt 0.676038206 1.47484994 0
vt 0.619348884 1.52575088 0
vt 0.467387855 1.53132868 0
vt 0.515037 1.67280912 0
vt 0.487514257 1.65769076 0
vt 0.354363143 1.43169391 0
vt 0.391911447 1.38446212 0
vt 0.402455509 1.32601774 0
vt 0.44733274 1.32381392 0
vt 0.34911418 1.36355805 0
vt 0.303395689 1.39664733 0
vt 0.439058006 1.50225735 0
vt 0.424283028 1.58165216 0
vt 0.481273234 1.27571476 0
vt 0.532413304 1.31081319 0
vt 0.505449355 1.61010361 0
vt 0.57374686 1.40486765 0
vt 0.626348317 1.47009635 0
vt 0.685372829 1.45286632 0
vt 0.591497064 1.4846071 0
vt 0.355181336 1.38191557 0
vt 0.389522254 1.34586823 0
vt 0.338091791 1.3439033 0
vt 0.504841268 1.56915426 0
vt 0.505204558 1.4271574 0
vt 0.456282437 1.46944892 0
vt 0.527161479 1.38736391 0
vt 0.44255656 1.48539734 0
vt 0.400390565 1.27740526 0
vt 0.540725768 1.60186982 0
vt 0.602387369 1.3855412 0
vt 0.574566841 1.44552064 0
vt 0.330096662 1.39260769 0
vt 0.501888573 1.40134811 0
vt 0.494747877 1.37562978 0
vt 0.385983884 1.56109691 0
vt 0.566596389 1.37147713 0
vt 0.604143977 1.34532595 0
vt 0.552196026 1.4232924 0
vt 0.296873301 1.53715038 0
vt 0.296843797 1.48683298 0
vt 0.296359569 1.41489756 0
vt 0.366304696 1.55695343 0
vt 0.373326957 1.40779662 0
vt 0.413566589 1.49730408 0
vt 0.405519128 1.57061028 0
vt 0.397154868 1.42354822 0
vt 0.486311853 1.5072279 0
vt 0.542222917 1.56527114 0
vt 0.516430855 1.31111693 0
vt 0.606512725 1.49205637 0
vt 0.653695047 1.42244673 0
vt 0.582330167 1.27267087 0
vt 0.64882201 1.41252661 0
vt 0.676123381 1.36001861 0
vt 0.586923063 1.5547719 0
vt 0.542204857 1.45515466 0
vt 0.683400691 1.51667404 0
vt 0.425509989 1.59175181 0
vt 0.545131743 1.63785005 0
vt 0.50228548 1.62661862 0
vt 0.533036768 1.69685102 0
vt 0.565993309 1.66380405 0
vt 0.575736701 1.7580874 0
vt 0.419207096 1.67662954 0
vt 0.44683373 1.72913909 0
vt 0.447998405 1.6812861 0
vt 0.294833183 1.37400413 0
vt 0.389565229 1.27738571 0
vt 0.34470284 1.27241385 0
vt 0.323116481 1.27194285 0
vt 0.313633263 1.50454009 0
vt 0.372701943 1.52736425 0
vt 0.380217373 1.30086398 0
vt 0.385285676 1.53388 0
vt 0.352672458 1.47524619 0
vt 0.483040512 1.54229236 0
vt 0.516045094 1.46420467 0
vt 0.564238787 1.27838635 0
vt 0.658437312 1.51721144 0
vt 0.557694495 1.54160476 0
vt 0.469433188 1.60760999 0
vt 0.487791359 1.60236239 0
vt 0.565104663 1.651685 0
vt 0.565379024 1.71860933 0
vt 0.437913358 1.74728847 0
vt 0.402041912 1.73739314 0
vt 0.361276448 1.39074731 0
vt 0.309157789 1.30466843 0
vt 0.400332451 1.47083163 0
vt 0.326766849 1.52269363 0
vt 0.461576045 1.39991009 0
vt 0.310163438 1.54751873 0
vt 0.493472874 1.35552239 0
vt 0.48693949 1.55074048 0
vt 0.522158027 1.36317062 0
vt 0.67306453 1.4295038 0
vt 0.619519591 1.53661752 0
vt 0.597928107 1.30690026 0
vt 0.541632295 1.31311274 0
vt 0.662071884 1.33767104 0
vt 0.59834379 1.32601213 0
vt 0.667214632 1.28627086 0
vt 0.625917077 1.51749945 0
vt 0.563802421 1.50527716 0
vt 0.450308561 1.51173782 0
vt 0.47351861 1.65375519 0
vt 0.526431978 1.68260193 0
vt 0.456799507 1.61903548 0
vt 0.473501027 1.63510394 0
vt 0.444766343 1.66399455 0
vt 0.357339084 1.31776214 0
vt 0.294977039 1.43272901 0
vt 0.433558524 1.40053654 0
vt 0.457848012 1.31368947 0
vt 0.355991125 1.37006867 0
vt 0.559539974 1.52457976 0
vt 0.407446802 1.46365869 0
vt 0.56608367 1.48824096 0
vt 0.459215999 1.28848886 0
vt 0.498046517 1.52371383 0
vt 0.532117009 1.51452732 0
vt 0.476737499 1.61464715 0
vt 0.54595834 1.40878415 0
vt 0.539989114 1.30353665 0
vt 0.598505139 1.41339791 0
vt 0.577585101 1.30365014 0
vt 0.627940178 1.30571735 0
vt 0.657069564 1.49200904 0
vt 0.606695056 1.47671521 0
vt 0.525878787 1.66791248 0
vt 0.497334123 1.64212704 0
vt 0.410410523 1.34082425 0
vt 0.418505073 1.33432901 0
vt 0.403215468 1.35469389 0
vt 0.435355246 1.33539879 0
vt 0.432211518 1.28819847 0
vt 0.362977862 1.34322739 0
vt 0.326778948 1.43883753 0
vt 0.463275969 1.49609256 0
vt 0.536222398 1.37155211 0
vt 0.46684891 1.48225796 0
vt 0.434039652 1.55891013 0
vt 0.443274379 1.57017922 0
vt 0.620809615 1.38327205 0
vt 0.611013532 1.43832135 0
vt 0.586677313 1.43999064 0
vt 0.59044683 1.5108788 0
vt 0.318885505 1.38148952 0
vt 0.38891983 1.36205089 0
vt 0.315862298 1.41308963 0
vt 0.340571225 1.42437506 0
vt 0.512654305 1.57444978 0
vt 0.453430057 1.39466572 0
vt 0.515479326 1.41602612 0
vt 0.445953727 1.44724846 0
vt 0.474184692 1.41515565 0
vt 0.503150165 1.33238816 0
vt 0.422130406 1.52024078 0
vt 0.418308794 1.29504323 0
vt 0.514740646 1.60887814 0
vt 0.566577435 1.38901329 0
vt 0.625519633 1.32487655 0
vt 0.519395292 1.39047933 0
vt 0.443573356 1.34350121 0
vt 0.393617451 1.53672719 0
vt 0.567384183 1.43752468 0
vt 0.546881139 1.44695377 0
vt 0.338594139 1.47882724 0
vt 0.499672711 1.48584843 0
vt 0.485907555 1.30095935 0
vt 0.659983873 1.44677639 0
vt 0.636187434 1.39574003 0
vt 0.605797052 1.37538612 0
vt 0.642225385 1.36696517 0
vt 0.640186667 1.3562752 0
vt 0.654415309 1.32457268 0
vt 0.516929805 1.49512982 0
vt 0.527782977 1.63334584 0
vt 0.345243752 1.50385165 0
vt 0.344379544 1.53317451 0
vt 0.386620879 1.30614316 0
vt 0.332502663 1.45811069 0
vt 0.392247796 1.44649053 0
vt 0.476207972 1.38885927 0
vt 0.497144401 1.50492609 0
vt 0.528150022 1.34410334 0
vt 0.442712843 1.35362625 0
vt 0.416576207 1.42035198 0
vt 0.468332589 1.28389812 0
vt 0.426634669 1.44712162 0
vt 0.568490207 1.46224952 0
vt 0.520073473 1.35264874 0
vt 0.552188635 1.38029885 0
vt 0.380409896 1.47055447 0
vt 0.423689008 1.37340963 0
vt 0.460649371 1.34019065 0
vt 0.383140385 1.50625837 0
vt 0.365790069 1.48770642 0
vt 0.620436251 1.40705538 0
vt 0.639651239 1.33108044 0
vt 0.463914514 1.35076118 0
vt 0.395567596 1.43285704 0
vt 0.406454384 1.37808728 0
vt 0.402989507 1.49738455 0
vt 0.49652952 1.27735078 0
vt 0.392920971 1.41303062 0
vt 0.556482255 1.60882735 0
vt 0.601520956 1.48457098 0
vt 0.675102472 1.41937804 0
vt 0.665548325 1.27731609 0
vt 0.642436504 1.48514199 0
vt 0.560114563 1.61888671 0
vt 0.591534793 1.74317813 0
vt 0.582299709 1.73910975 0
vt 0.430348933 1.72480989 0
vt 0.449035943 1.69880104 0
vt 0.310857415 1.36787915 0
vt 0.400375426 1.29635608 0
vt 0.304623961 1.48256755 0
vt 0.527763188 1.48097706 0
vt 0.606505036 1.29106331 0
vt 0.575892508 1.71659231 0
vt 0.603313625 1.72519994 0
vt 0.464413762 1.69245148 0
vt 0.366694272 1.27725983 0
vt 0.355697572 1.28950846 0
vt 0.439485431 1.40824103 0
vt 0.53773272 1.58110905 0
vt 0.483153939 1.34177089 0
vt 0.403084278 1.71776271 0
vt 0.368774176 1.30219913 0
vt 0.410193563 1.41267848 0
vt 0.377963364 1.38086283 0
vt 0.390792549 1.46579456 0
vt 0.644456387 1.29493904 0
vt 0.451365471 1.53550148 0
vt 0.336869121 1.3764677 0
vt 0.317840099 1.4415139 0
vt 0.499751866 1.46496701 0
vt 0.560367823 1.31334424 0
vt 0.659497201 1.45664299 0
vt 0.56931448 1.52522683 0
vt 0.521896482 1.56951332 0
vt 0.599346817 1.36652398 0
vt 0.349217117 1.49331081 0
vt 0.545377433 1.33003116 0
vt 0.619528592 1.43645322 0
vt 0.686558843 1.4059087 0
vt 0.620157599 1.34300065 0
vt 0.44977963 1.58442235 0
vt 0.31196779 1.35108113 0
vt 0.541830897 1.66794133 0
vt 0.553846359 1.72077608 0
vt 0.42594713 1.74508095 0
vt 0.384943068 1.38841009 0
vt 0.418871403 1.48080254 0
vt 0.441702247 1.43800092 0
vt 0.669205487 1.5050211 0
vt 0.410835981 1.40209937 0
vt 0.488829672 1.48628974 0
vt 0.556159437 1.36020744 0
vt 0.451351583 1.56516004 0
vt 0.584748149 1.46088982 0
vt 0.466287673 1.4662869 0
vt 0.399764717 1.52959275 0
vt 0.584242463 1.37493229 0
vt 0.562118053 1.45540404 0
vt 0.613047898 1.35232735 0
vt 0.336277604 1.44009209 0
vt 0.413679659 1.4316088 0
vt 0.311664999 1.52467966 0
vt 0.343666553 1.55143094 0
vt 0.416742146 1.38129497 0
vt 0.659317017 1.36068487 0
vt 0.674176633 1.31258535 0
vt 0.544842362 1.61923289 0
vt 0.511548758 1.63058734 0
vt 0.546922803 1.74156952 0
vt 0.558876216 1.74205232 0
vt 0.422209442 1.65819287 0
vt 0.364356279 1.46393824 0
vt 0.680364847 1.43601239 0
vt 0.525292099 1.4651792 0
vt 0.513790131 1.55361438 0
vt 0.575201929 1.69995785 0
vt 0.432131648 1.75660801 0
vt 0.546970606 1.55691218 0
vt 0.503950834 1.35960507 0
vt 0.579679728 1.3294462 0
vt 0.450826526 1.57484412 0
vt 0.564245641 1.68851471 0
vt 0.456233263 1.65373111 0
vt 0.394545972 1.39277744 0
vt 0.328233302 1.51374257 0
vt 0.524989128 1.29747033 0
vt 0.570247114 1.33429909 0
vt 0.595905483 1.53759766 0
vt 0.468787432 1.54128361 0
vt 0.34862715 1.46026611 0
vt 0.445362329 1.29933167 0
vt 0.31562233 1.31120658 0
vt 0.511849344 1.43541479 0
vt 0.509901762 1.29738033 0
vt 0.374441206 1.35266459 0
vt 0.386925697 1.32933617 0
vt 0.504576027 1.58912301 0
vt 0.44697535 1.38611865 0
vt 0.424231291 1.45831323 0
vt 0.403024971 1.30693293 0
vt 0.547508717 1.39086008 0
vt 0.532282531 1.40152955 0
vt 0.354207218 1.39092648 0
vt 0.340953648 1.41386235 0
vt 0.508689225 1.37064266 0
vt 0.590688467 1.39814067 0
vt 0.4270522 1.48833251 0
vt 0.439965665 1.47435486 0
vt 0.621195138 1.49777341 0
vt 0.62843889 1.41264582 0
vt 0.507971764 1.48032033 0
vt 0.315895855 1.32732892 0
vt 0.352814376 1.3077991 0
vt 0.309720993 1.29565263 0
vt 0.301372409 1.49390388 0
vt 0.390541792 1.52670455 0
vt 0.672443986 1.5250845 0
vt 0.484912157 1.62276912 0
vt 0.333172023 1.3239193 0
vt 0.323115528 1.54187202 0
vt 0.521248758 1.38002706 0
vt 0.673361957 1.32308245 0
vt 0.301628202 1.42339563 0
vt 0.452606678 1.349684 0
vt 0.481091261 1.31965697 0
vt 0.552150428 1.53383017 0
vt 0.558885753 1.46546865 0
vt 0.419278324 1.55945897 0
vt 0.449660122 1.41364777 0
vt 0.488862574 1.44568706 0
vt 0.412687838 1.51419568 0
vt 0.415696502 1.28591847 0
vt 0.317605257 1.45922089 0
vt 0.648200631 1.40247941 0
vt 0.333852112 1.48869371 0
vt 0.507863462 1.50082982 0
vt 0.531652153 1.36346984 0
vt 0.440053105 1.42859089 0
vt 0.376923442 1.4168551 0
vt 0.560328364 1.72620964 0
vt 0.55326122 1.28000998 0
vt 0.578892469 1.50126243 0
vt 0.644584417 1.39062381 0
vt 0.392602205 1.48622394 0
vt 0.528760791 1.33288252 0
vt 0.629928827 1.34407866 0
vt 0.681695759 1.34369588 0
vt 0.654990673 1.27562308 0
vt 0.568959713 1.47807324 0
vt 0.52094686 1.71144319 0
vt 0.415703654 1.68855906 0
vt 0.442658424 1.69042301 0
vt 0.328180432 1.28178799 0
vt 0.325289011 1.48909867 0
vt 0.679280341 1.53208113 0
vt 0.550540328 1.6533978 0
vt 0.342306614 1.54320121 0
vt 0.521386027 1.538692 0
vt 0.496420562 1.54862928 0
vt 0.603697062 1.27566636 0
vt 0.476488948 1.67004371 0
vt 0.478780091 1.69001889 0
vt 0.413478374 1.69991493 0
vt 0.374052286 1.31956792 0
vt 0.463998258 1.32962894 0
vt 0.366869688 1.51274729 0
vt 0.475466907 1.62490916 0
vt 0.516450763 1.28276289 0
vt 0.618376076 1.45556068 0
vt 0.649680376 1.31569338 0
vt 0.469416618 1.55662918 0
vt 0.496078551 1.56456947 0
vt 0.470427215 1.51953506 0
vt 0.459414005 1.48709869 0
vt 0.450485289 1.28181338 0
vt 0.49555105 1.57389736 0
vt 0.575679421 1.43089616 0
vt 0.603086114 1.50168228 0
vt 0.326725185 1.40121531 0
vt 0.472800136 1.42519832 0
vt 0.437607467 1.52055597 0
vt 0.503846407 1.39082348 0
vt 0.486625314 1.3912648 0
vt 0.379885614 1.43453288 0
vt 0.52936095 1.57526827 0
vt 0.594829023 1.51846361 0
vt 0.660197914 1.53345275 0
vt 0.627211213 1.52973247 0
vt 0.559290349 1.67050123 0
vt 0.456541419 1.7071209 0
vt 0.377702415 1.27678096 0
vt 0.311776698 1.27183259 0
vt 0.373657465 1.50556731 0
vt 0.477186322 1.52686572 0
vt 0.538588881 1.44519985 0
vt 0.65190357 1.52965307 0
vt 0.567441344 1.56417632 0
vt 0.544252872 1.70619249 0
vt 0.383301675 1.72625828 0
vt 0.517159104 1.50570798 0
vt 0.479235649 1.55946755 0
vt 0.451801002 1.52069736 0
vt 0.485797942 1.64946628 0
vt 0.319812655 1.43048501 0
vt 0.431222558 1.4364419 0
vt 0.486332536 1.29004657 0
vt 0.534139693 1.52959824 0
vt 0.41228199 1.4710288 0
vt 0.460311949 1.27822995 0
vt 0.552317023 1.40032077 0
vt 0.548633456 1.30463862 0
vt 0.585594594 1.39101648 0
vt 0.616035759 1.47244942 0
vt 0.593262851 1.45457518 0
vt 0.320582271 1.39204895 0
vt 0.530863166 1.59626842 0
vt 0.457006633 1.38546956 0
vt 0.409933269 1.53199339 0
vt 0.419332206 1.32341218 0
vt 0.641388834 1.34602606 0
vt 0.491531909 1.31035519 0
vt 0.463339806 1.29978335 0
vt 0.556124508 1.4851675 0
vt 0.483896494 1.35179079 0
vt 0.443537831 1.3973192 0
vt 0.400301635 1.48095989 0
vt 0.669371068 1.3753159 0
vt 0.633705318 1.48597622 0
vt 0.535865903 1.29335332 0
vt 0.347119212 1.29173827 0
vt 0.558789253 1.65943408 0
vt 0.295517713 1.52574682 0
vt 0.391125143 1.73466802 0
vt 0.668797016 1.44490623 0
vt 0.328023791 1.34079182 0
vt 0.43468678 1.41699433 0
vt 0.325786948 1.47269416 0
vt 0.357472301 1.55615091 0
vt 0.638552189 1.42501903 0
vt 0.681102693 1.29666877 0
vt 0.685745716 1.47866821 0
vt 0.59569478 1.55844235 0
vt 0.678828597 1.5052712 0
vt 0.426112711 1.57263541 0
vt 0.53356415 1.62859869 0
vt 0.425459921 1.60389996 0
vt 0.573150694 1.74780416 0
vt 0.421645045 1.63650084 0
vt 0.425577641 1.76612234 0
vt 0.333838403 1.27275896 0
vt 0.569596529 1.57555056 0
vt 0.395253479 1.56668711 0
vt 0.61809957 1.28729081 0
vt 0.58730942 1.30087125 0
vt 0.587308347 1.71292496 0
vt 0.471029341 1.67720318 0
vt 0.431637704 1.73544121 0
vt 0.409379244 1.67379689 0
vt 0.439552784 1.72706723 0
vt 0.295742214 1.31107461 0
vt 0.664319575 1.42431521 0
vt 0.598218143 1.33574438 0
vt 0.589086175 1.54434705 0
vt 0.43338269 1.60169983 0
vt 0.489521444 1.67361379 0
vt 0.458091915 1.63514805 0
vt 0.500871778 1.6793077 0
vt 0.363104761 1.38350534 0
vt 0.350494564 1.51313186 0
vt 0.507674754 1.52808881 0
vt 0.627839506 1.45394766 0
vt 0.60558337 1.40828204 0
vt 0.665767789 1.48868036 0
vt 0.523034811 1.65326953 0
vt 0.366492212 1.41669977 0
vt 0.355326355 1.32847166 0
vt 0.328134298 1.3842361 0
vt 0.390506029 1.47608924 0
vt 0.451114893 1.47937083 0
vt 0.653063297 1.45275974 0
vt 0.384372771 1.3538003 0
vt 0.334133029 1.36506033 0
vt 0.349318326 1.41832209 0
vt 0.521609902 1.42421293 0
vt 0.519504905 1.3359431 0
vt 0.424815178 1.29135871 0
vt 0.495782793 1.3950876 0
vt 0.496368468 1.42705965 0
vt 0.595991373 1.37843418 0
vt 0.422783911 1.51096857 0
vt 0.408725798 1.57973003 0
vt 0.507454038 1.59981775 0
vt 0.439393163 1.6795938 0
vt 0.295615166 1.3909874 0
vt 0.385248065 1.55148602 0
vt 0.493803024 1.6199255 0
vt 0.41286093 1.74151373 0
vt 0.383532703 1.4095912 0
vt 0.317943871 1.51440907 0
vt 0.596692562 1.29532313 0
vt 0.620870054 1.3142153 0
vt 0.494889557 1.65234661 0
vt 0.442684293 1.61527848 0
vt 0.452497721 1.67100906 0
vt 0.486912429 1.32686973 0
vt 0.505198896 1.32401586 0
vt 0.494523883 1.49417281 0
vt 0.570401073 1.31567252 0
vt 0.648636699 1.28307295 0
vt 0.402185977 1.33611608 0
vt 0.401506066 1.40674543 0
vt 0.334330499 1.43082798 0
vt 0.376209915 1.51542521 0
vt 0.602253914 1.43993115 0
vt 0.596708953 1.49337816 0
vt 0.311166942 1.38863337 0
vt 0.51101011 1.40651393 0
vt 0.413126945 1.2770226 0
vt 0.554913223 1.41376591 0
vt 0.49369818 1.47868896 0
vt 0.66412276 1.43577445 0
vt 0.650074482 1.35934722 0
vt 0.615133107 1.37289405 0
vt 0.535305202 1.63591409 0
vt 0.484074533 1.36228359 0
vt 0.492059231 1.51563764 0
vt 0.442767382 1.37512362 0
vt 0.541790426 1.38109589 0
vt 0.373048842 1.46409988 0
vt 0.425238073 1.36279833 0
vt 0.426201999 1.54520178 0
vt 0.638075769 1.30533099 0
vt 0.510126233 1.28861833 0
vt 0.649510622 1.47595298 0
vt 0.58562845 1.75473237 0
vt 0.453393936 1.68929887 0
vt 0.405995429 1.28612697 0
vt 0.34992671 1.28092527 0
vt 0.418971002 1.40975833 0
vt 0.587169111 1.49486375 0
vt 0.596215844 1.34677792 0
vt 0.433167338 1.58525801 0
vt 0.545852244 1.37095535 0
vt 0.404536188 1.43283033 0
vt 0.522154391 1.47387886 0
vt 0.578821182 1.69242835 0
vt 0.573728681 1.5465548 0
vt 0.569176257 1.67340755 0
vt 0.324010134 1.50570154 0
vt 0.497430086 1.60146451 0
vt 0.526919544 1.40788698 0
vt 0.473273516 1.31440425 0
vt 0.335226476 1.50669777 0
vt 0.50861001 1.490273 0
vt 0.390157461 1.49557734 0
vt 0.623495221 1.35678768 0
vt 0.336120307 1.33426225 0
vt 0.672510743 1.30195403 0
vt 0.503455877 1.64945507 0
vt 0.479579389 1.56943321 0
vt 0.482559741 1.31080341 0
vt 0.561185956 1.54994845 0
vt 0.55423665 1.57780147 0
vt 0.563639522 1.39962959 0
vt 0.417365551 1.36631918 0
vt 0.308518589 1.51351583 0
vt 0.318797052 1.53240037 0
vt 0.293052107 1.42286444 0
vt 0.377594888 1.56515074 0
vt 0.43251735 1.2711848 0
vt 0.490095615 1.27074456 0
vt 0.403929353 1.39289975 0
vt 0.551479578 1.60022378 0
vt 0.457844853 1.50529909 0
vt 0.597329855 1.47546613 0
vt 0.562193871 1.38022304 0
vt 0.68571806 1.41658223 0
vt 0.682716489 1.36788511 0
vt 0.672526419 1.33820367 0
vt 0.685058117 1.35917962 0
vt 0.682223976 1.31908536 0
vt 0.682710469 1.30440736 0
vt 0.682987988 1.46891308 0
vt 0.576467752 1.47081244 0
vt 0.547069192 1.60949397 0
vt 0.505473435 1.63834405 0
vt 0.524751782 1.70162773 0
vt 0.595382929 1.7505877 0
vt 0.557217121 1.76697564 0
vt 0.422150016 1.64593434 0
vt 0.562007129 1.58207631 0
vt 0.481221318 1.51711249 0
vt 0.555759788 1.27146888 0
vt 0.505371451 1.55937862 0
vt 0.455374837 1.67981839 0
vt 0.415785015 1.66756105 0
vt 0.385577679 1.74995995 0
vt 0.365253806 1.29266405 0
vt 0.408387005 1.50558805 0
vt 0.455729902 1.40516174 0
vt 0.308296144 1.53629827 0
vt 0.513526559 1.36073327 0
vt 0.647092104 1.33554554 0
vt 0.589586437 1.32737565 0
vt 0.683983386 1.2879504 0
vt 0.450542569 1.60415316 0
vt 0.571747184 1.72625422 0
vt 0.446404219 1.65306568 0
vt 0.539092302 1.54807353 0
vt 0.555751383 1.50728059 0
vt 0.545039237 1.41756678 0
vt 0.532315731 1.2835505 0
vt 0.640722215 1.49481976 0
vt 0.595537901 1.54847264 0
vt 0.452233851 1.55499125 0
vt 0.436737776 1.53378987 0
vt 0.340721726 1.45403409 0
vt 0.400204241 1.34597623 0
vt 0.427635908 1.32823062 0
vt 0.307525754 1.44304562 0
vt 0.521158338 1.54782295 0
vt 0.461044133 1.47662234 0
vt 0.645715654 1.3784014 0
vt 0.640858352 1.47781456 0
vt 0.347720504 1.37431109 0
vt 0.393639624 1.32200909 0
vt 0.34917897 1.4091953 0
vt 0.453131974 1.37774825 0
vt 0.557343781 1.3903861 0
vt 0.481784582 1.42111397 0
vt 0.502829432 1.38021207 0
vt 0.301960826 1.54587054 0
vt 0.305988252 1.41442323 0
vt 0.360575259 1.43814719 0
vt 0.53285563 1.47095644 0
vt 0.492252171 1.54087949 0
vt 0.611778378 1.40170932 0
vt 0.667427063 1.36399424 0
vt 0.518088222 1.48418832 0
vt 0.674732983 1.51486468 0
vt 0.510792494 1.61959362 0
vt 0.527766168 1.64425182 0
vt 0.519835353 1.69242787 0
vt 0.552852273 1.67971349 0
vt 0.464967549 1.71408153 0
vt 0.31727916 1.35995066 0
vt 0.356247902 1.29894555 0
vt 0.384108901 1.2851665 0
vt 0.330052614 1.48022556 0
vt 0.507715464 1.45908666 0
vt 0.533336878 1.46038187 0
vt 0.567159712 1.28951252 0
vt 0.460068822 1.60862732 0
vt 0.338359058 1.29387546 0
vt 0.305364788 1.28112531 0
vt 0.317843258 1.55168414 0
vt 0.479965091 1.49006939 0
vt 0.475098312 1.35600448 0
vt 0.476499557 1.54849577 0
vt 0.604290903 1.54479337 0
vt 0.636998773 1.51338279 0
vt 0.558850646 1.49647641 0
vt 0.535513759 1.68420196 0
vt 0.466933846 1.62839389 0
vt 0.452475131 1.64414477 0
vt 0.346845746 1.31264496 0
vt 0.295484662 1.44485831 0
vt 0.457310915 1.35883439 0
vt 0.422114372 1.46948254 0
vt 0.551594317 1.45711136 0
vt 0.444558859 1.51820016 0
vt 0.451248169 1.2723484 0
vt 0.542889655 1.28463697 0
vt 0.557112753 1.29661047 0
vt 0.392537713 1.33817101 0
vt 0.437053561 1.32535791 0
vt 0.350392699 1.44116592 0
vt 0.556199849 1.37067461 0
vt 0.457777441 1.46014416 0
vt 0.480247498 1.47974908 0
vt 0.442914367 1.55967307 0
vt 0.418872058 1.53927922 0
vt 0.611533761 1.44758987 0
vt 0.594808102 1.46550441 0
vt 0.312636733 1.39770448 0
vt 0.384364843 1.37119067 0
vt 0.343158782 1.43453479 0
vt 0.522368491 1.39954114 0
vt 0.541784048 1.40079927 0
vt 0.466644406 1.44385958 0
vt 0.573422313 1.37909532 0
vt 0.583261728 1.4052844 0
vt 0.591216028 1.36901402 0
vt 0.601586938 1.39657235 0
vt 0.638304949 1.40712309 0
vt 0.528118134 1.50667965 0
vt 0.38337177 1.44303083 0
vt 0.629524946 1.42318535 0
vt 0.417186797 1.54971528 0
vt 0.645267367 1.32444537 0
vt 0.422343075 1.39973545 0
vt 0.464372814 1.37848711 0
vt 0.43538785 1.71813059 0
vt 0.325336099 1.4632194 0
vt 0.606676042 1.3017832 0
vt 0.442422628 1.41806173 0
vt 0.408347964 1.72980618 0
vt 0.379645348 1.36218572 0
vt 0.507328629 1.46935844 0
vt 0.673272133 1.46347475 0
vt 0.52146703 1.58008981 0
vt 0.601812541 1.35503244 0
vt 0.347255409 1.48189569 0
vt 0.356791437 1.48472571 0
vt 0.545230687 1.33778608 0
vt 0.67862618 1.38992453 0
vt 0.31783098 1.34406567 0
vt 0.322512627 1.35216606 0
vt 0.402252078 1.53955674 0
vt 0.407214582 1.42372644 0
vt 0.652215779 1.36862683 0
vt 0.369997203 1.45560801 0
vt 0.639802337 1.28738213 0
vt 0.4674775 1.57810855 0
vt 0.548147738 1.5440402 0
vt 0.494811594 1.36510968 0
vt 0.510249734 1.35025287 0
vt 0.461145341 1.64538622 0
vt 0.451914907 1.66121244 0
vt 0.507517397 1.30783749 0
vt 0.415928245 1.46106708 0
vt 0.420576155 1.3129797 0
vt 0.536344528 1.41042423 0
vt 0.33602339 1.38583255 0
vt 0.447540343 1.46373379 0
vt 0.627904832 1.50641119 0
vt 0.345224142 1.30196881 0
vt 0.317615807 1.30078363 0
vt 0.379468679 1.32675576 0
vt 0.664698899 1.31911564 0
vt 0.474267602 1.32569623 0
vt 0.41591084 1.57576132 0
vt 0.466304243 1.40829992 0
vt 0.447803736 1.42357552 0
vt 0.313520312 1.45085239 0
vt 0.316795528 1.49133897 0
vt 0.538528562 1.50751138 0
vt 0.526020586 1.49095321 0
vt 0.564038098 1.51540971 0
vt 0.569305837 1.49797368 0
vt 0.53739965 1.32793975 0
vt 0.339180946 1.2831285 0
vt 0.51755923 1.29310715 0
vt 0.62858963 1.39085543 0
vt 0.511681676 1.38152599 0
vt 0.375262499 1.44132638 0
vt 0.60542351 1.53557682 0
vt 0.634040534 1.52300167 0
vt 0.301321685 1.27243364 0
vt 0.38005352 1.49706948 0
vt 0.475800693 1.53708339 0
vt 0.566555917 1.54290366 0
vt 0.311306834 1.42295265 0
vt 0.420274675 1.43908954 0
vt 0.422764063 1.42871845 0
vt 0.464812934 1.39207792 0
vt 0.474457502 1.34706533 0
vt 0.629980803 1.49532723 0
vt 0.545313954 1.29574585 0
vt 0.321031809 1.48147249 0
vt 0.54168731 1.62810922 0
vt 0.394420385 1.55651689 0
vt 0.442373753 1.73803878 0
vt 0.438706934 1.63861108 0
vt 0.415626764 1.5864749 0
vt 0.604951918 1.51815724 0
vt 0.490370154 1.31864357 0
vt 0.410277367 1.3304795 0
vt 0.381619453 1.45916522 0
vt 0.59186393 1.35840464 0
vt 0.394715369 1.35385954 0
vt -1.24942803 1.2628907 0
vt -1.19877362 1.45368385 0
vt -1.14033771 1.31310248 0
vt -1.26491642 1.43963599 0
vt -1.24693298 1.53958941 0
vt -1.1823535 1.62790108 0
vt -1.10522783 1.62488317 0
vt -1.12348652 1.64358091 0
vt -1.16288424 1.63418674 0
vt -1.15777838 1.68752956 0
vt -1.19670224 1.73106766 0
vt -1.26479316 1.47154498 0
vt -1.27793026 1.4981308 0
vt -0.963238597 1.38850403 0
vt -1.08952701 1.38769484 0
vt -0.899335086 1.43852961 0
vt -1.12601089 1.47020066 0
vt -0.94743824 1.51452219 0
vt -1.03760672 1.53221822 0
vt -0.965701222 1.58001614 0
vt -1.03013372 1.62223125 0
vt -1.02736783 1.67132735 0
vt -0.977044165 1.72745943 0
vt -0.961566806 1.75195956 0
vt -1.01594925 1.75702405 0
vt -0.892931402 1.47014213 0
vt -0.885466576 1.50820243 0
vt -0.90381217 1.53930974 0
vt -0.899333894 1.33156443 0
vt -0.960478961 1.32606339 0
vt -0.903217912 1.26915884 0
vt -1.19523335 1.27951026 0
vt -1.18997598 1.47996783 0
vt -1.19779921 1.37943709 0
vt -1.24318886 1.44973421 0
vt -1.19984555 1.56253552 0
vt -1.15048409 1.58983016 0
vt -1.15317702 1.6213696 0
vt -1.13977385 1.73398876 0
vt -1.17829502 1.71492243 0
vt -1.23304296 1.47873306 0
vt -1.26764059 1.54088616 0
vt -1.16423595 1.37523568 0
vt -1.08110404 1.31200421 0
vt -0.916055799 1.40158057 0
vt -1.16874385 1.44292295 0
vt -0.931899726 1.42589486 0
vt -1.09513187 1.57161331 0
vt -1.06926703 1.60022426 0
vt -1.01210928 1.5697515 0
vt -1.02249634 1.58585596 0
vt -1.00862002 1.63782072 0
vt -0.998684049 1.67022133 0
vt -0.991018116 1.68399596 0
vt -0.940986633 1.45134258 0
vt -0.885861993 1.45242691 0
vt -0.969605327 1.26745617 0
vt -0.927152991 1.37428665 0
vt -0.983100057 1.34242928 0
vt -0.977125764 1.28919482 0
vt -0.938212454 1.25580049 0
vt -1.20196009 1.3243463 0
vt -1.18136883 1.34433639 0
vt -1.22149229 1.26574159 0
vt -1.24555397 1.52040505 0
vt -1.18006063 1.45474243 0
vt -1.13643801 1.36432326 0
vt -1.23523355 1.40430403 0
vt -1.20694971 1.45822155 0
vt -1.20810103 1.59878349 0
vt -1.20315242 1.51313758 0
vt -1.13504946 1.61852813 0
vt -1.19795656 1.61511636 0
vt -1.22409582 1.50855923 0
vt -1.25367188 1.55877018 0
vt -1.13187838 1.42753601 0
vt -1.18487895 1.43350947 0
vt -1.10159945 1.354617 0
vt -1.11708784 1.28259492 0
vt -1.16285992 1.48063016 0
vt -1.05980563 1.55003285 0
vt -1.1005944 1.59585857 0
vt -1.12842298 1.45249629 0
vt -1.01357126 1.59016418 0
vt -1.0384593 1.60189939 0
vt -0.910220385 1.44047451 0
vt -0.963507712 1.29951024 0
vt -0.988874376 1.26129866 0
vt -1.21281648 1.30480921 0
vt -1.16935921 1.31651545 0
vt -1.21580768 1.34374654 0
vt -1.11500204 1.32811522 0
vt -1.14070415 1.39686108 0
vt -1.19709849 1.40801382 0
vt -1.22711325 1.42751515 0
vt -1.27276325 1.40376318 0
vt -1.18324399 1.56103063 0
vt -1.142555 1.42415881 0
vt -1.1082356 1.41087914 0
vt -1.13572073 1.27442753 0
vt -1.04542971 1.55795479 0
vt -1.10807717 1.47901773 0
vt -1.06208968 1.49010801 0
vt -1.15213895 1.46247864 0
vt -0.971593559 1.6145978 0
vt -0.945368648 1.47911668 0
vt -0.970042109 1.53954554 0
vt -0.982278407 1.44788527 0
vt -0.92587322 1.47646987 0
vt -0.937483251 1.31686068 0
vt -1.15830135 1.25815248 0
vt -1.11883831 1.37062645 0
vt -1.16594374 1.29966497 0
vt -0.969153345 1.36782146 0
vt -1.11693263 1.52072072 0
vt -1.07593417 1.52998877 0
vt -1.06387341 1.64236498 0
vt -0.968760312 1.4895556 0
vt -0.96402961 1.50467014 0
vt -0.938006341 1.567693 0
vt -0.919784188 1.30118442 0
vt -0.927867472 1.34430397 0
vt -1.02592468 1.26387775 0
vt -1.01027608 1.37293398 0
vt -1.14414775 1.48608994 0
vt -1.05336285 1.29170394 0
vt -0.975593567 1.3745513 0
vt -0.984641075 1.42011142 0
vt -1.02326798 1.28211093 0
vt -0.992932975 1.36803532 0
vt -1.00506616 1.35419619 0
vt -1.01609349 1.32828259 0
vt -1.05174363 1.34825373 0
vt -1.01672506 1.35657477 0
vt -1.04508114 1.4177444 0
vt -1.03578389 1.38064599 0
vt -1.0033921 1.42288733 0
vt -1.26922441 1.26729977 0
vt -1.26591563 1.28660119 0
vt -1.20317459 1.25706553 0
vt -1.27363467 1.34109819 0
vt -1.22865677 1.26346302 0
vt -1.21758723 1.40258384 0
vt -1.09301829 1.26857793 0
vt -1.23078275 1.57222986 0
vt -1.22640872 1.58527875 0
vt -1.17226076 1.65515232 0
vt -1.13231683 1.65928078 0
vt -1.1275084 1.68385792 0
vt -1.15207422 1.65572166 0
vt -1.17945325 1.70429039 0
vt -1.17560792 1.75203109 0
vt -1.24310756 1.46701264 0
vt -1.27630925 1.51851773 0
vt -1.06957197 1.26116371 0
vt -1.08807015 1.33638465 0
vt -1.04076934 1.46387339 0
vt -0.970792592 1.43153214 0
vt -0.950175524 1.58737564 0
vt -1.00159574 1.53246236 0
vt -0.992182493 1.61475992 0
vt -0.985878527 1.65324426 0
vt -1.03185439 1.68127203 0
vt -1.03058147 1.70360827 0
vt -0.992735922 1.7539711 0
vt -1.00125492 1.72089911 0
vt -0.921831667 1.5560565 0
vt -0.998739362 1.31412995 0
vt -0.946384907 1.33023906 0
vt -0.950031996 1.25590158 0
vt -0.894236624 1.36430264 0
vt -0.958607256 1.30602467 0
vt -1.17471457 1.28191757 0
vt -1.15435743 1.53562975 0
vt -1.23547196 1.32990861 0
vt -1.17868257 1.50344312 0
vt -1.17247927 1.53928781 0
vt -1.13725829 1.60068703 0
vt -1.12902129 1.70961118 0
vt -1.04522347 1.25838947 0
vt -1.12693048 1.55695391 0
vt -1.14191604 1.37871754 0
vt -0.962364793 1.54451942 0
vt -1.0862 1.39774132 0
vt -1.08459544 1.54576254 0
vt -1.01543701 1.52293921 0
vt -1.00449562 1.57573724 0
vt -0.983657718 1.7078898 0
vt -1.01436853 1.70695949 0
vt -0.955158174 1.50554156 0
vt -0.920270026 1.51860619 0
vt -1.19704652 1.29824185 0
vt -1.14270532 1.35866034 0
vt -1.26125574 1.41869593 0
vt -1.1685642 1.60062456 0
vt -1.23679924 1.51987433 0
vt -1.14389133 1.62503076 0
vt -1.19545197 1.71186686 0
vt -1.22802043 1.47110569 0
vt -1.22763681 1.48934913 0
vt -1.13054895 1.34393263 0
vt -1.12550354 1.62459373 0
vt -1.07264876 1.58104968 0
vt -1.08013916 1.4934268 0
vt -1.02097583 1.57573795 0
vt -1.01072836 1.61022639 0
vt -1.04396248 1.49333811 0
vt -0.910207748 1.48603642 0
vt -0.887600899 1.35599303 0
vt -0.92019707 1.26466632 0
vt -1.2208271 1.3720336 0
vt -1.24454546 1.47692358 0
vt -1.12408042 1.35236382 0
vt -1.13326204 1.41737521 0
vt -1.20099783 1.52839184 0
vt -1.18618083 1.51922226 0
vt -1.21235156 1.5522871 0
vt -1.14616632 1.59868264 0
vt -1.18062687 1.56909561 0
vt -1.14745605 1.68739009 0
vt -1.24150753 1.52945828 0
vt -1.15923524 1.40987074 0
vt -1.05363643 1.37571788 0
vt -1.17852545 1.41212165 0
vt -1.05181456 1.32971525 0
vt -1.07272387 1.45495963 0
vt -1.14221072 1.44402325 0
vt -0.982158899 1.63693357 0
vt -0.98340565 1.57437015 0
vt -1.0286293 1.46055079 0
vt -0.920911908 1.35525942 0
vt -1.23318505 1.28910398 0
vt -1.15979075 1.32048631 0
vt -1.19975209 1.36220801 0
vt -1.27842331 1.42328799 0
vt -1.09686923 1.44262576 0
vt -1.08996344 1.52154136 0
vt -1.1073606 1.49549031 0
vt -1.08645463 1.48627818 0
vt -1.13460147 1.48837614 0
vt -0.952060342 1.46168685 0
vt -0.976193726 1.49522352 0
vt -0.94271642 1.44094229 0
vt -0.928066909 1.36002886 0
vt -1.14508748 1.28702712 0
vt -1.05911493 1.53930521 0
vt -0.986730814 1.48086262 0
vt -0.955723703 1.51796818 0
vt -0.979406297 1.51357818 0
vt -0.931376457 1.54081726 0
vt -0.90311116 1.34303761 0
vt -1.08185053 1.2839514 0
vt -0.985341787 1.46590257 0
vt -1.13700986 1.50874293 0
vt -1.02641463 1.63077569 0
vt -1.00413311 1.34162903 0
vt -0.991031647 1.39847422 0
vt -1.08365405 1.36252952 0
vt -1.08129764 1.41840816 0
vt -1.0440625 1.3562057 0
vt -1.00790179 1.4020617 0
vt -1.06269526 1.41174746 0
vt -1.24083662 1.31334722 0
vt -1.24168992 1.35390902 0
vt -1.07338333 1.27802646 0
vt -1.07269335 1.36878467 0
vt -1.10609734 1.34588599 0
vt -1.01278389 1.49264896 0
vt -1.07341528 1.46528459 0
vt -1.0186764 1.53866267 0
vt -1.00388777 1.49557948 0
vt -1.16547489 1.55815601 0
vt -1.15507734 1.51379442 0
vt -1.18044448 1.40074706 0
vt -1.11002994 1.59471226 0
vt -1.14366913 1.56338453 0
vt -1.06837153 1.42807007 0
vt -0.997348666 1.54967546 0
vt -0.987538695 1.58345103 0
vt -1.04037523 1.51619864 0
vt -1.20052123 1.34068561 0
vt -1.15701699 1.36829996 0
vt -1.16111338 1.43450642 0
vt -1.06914473 1.38578773 0
vt -1.02793074 1.29339075 0
vt -1.06186712 1.44159555 0
vt -0.991843998 1.42717123 0
vt -1.22504807 1.31553555 0
vt -1.17104542 1.34284914 0
vt -1.15034533 1.5199883 0
vt -1.02393794 1.34433174 0
vt -0.999673367 1.43390298 0
vt -1.01929331 1.30973876 0
vt -1.06121373 1.30586314 0
vt -1.05839109 1.46075439 0
vt -1.00449598 1.45966458 0
vt -1.01882994 1.44807434 0
vt -1.26996708 1.30424762 0
vt -1.27369952 1.32210279 0
vt -1.2410295 1.39829528 0
vt -1.27432084 1.37114108 0
vt -1.28251147 1.39041686 0
vt -1.17284584 1.67216682 0
vt -1.05793631 1.59978652 0
vt -1.06909502 1.62353277 0
vt -1.0506959 1.65716982 0
vt -1.04842782 1.66924 0
vt -0.988765955 1.3275001 0
vt -0.906504393 1.28525352 0
vt -0.903587341 1.31245565 0
vt -1.10891509 1.52732491 0
vt -1.25399208 1.45716405 0
vt -1.14255786 1.54849815 0
vt -1.16353416 1.73351145 0
vt -1.13168037 1.53661728 0
vt -0.954883456 1.56374598 0
vt -1.00844598 1.53829718 0
vt -1.00278854 1.71091342 0
vt -0.932678103 1.4470675 0
vt -0.914372861 1.51222289 0
vt -0.958571732 1.28681982 0
vt -1.23651576 1.4330678 0
vt -1.16664171 1.61275887 0
vt -1.26797199 1.52218771 0
vt -1.00889301 1.66777277 0
vt -1.00280511 1.6862855 0
vt -0.93257755 1.28836823 0
vt -1.24706531 1.37182403 0
vt -1.23227668 1.51080358 0
vt -1.043648 1.40731525 0
vt -1.14857244 1.2560041 0
vt -1.06241167 1.57964921 0
vt -1.03859246 1.44764853 0
vt -0.900543749 1.45475006 0
vt -0.978538334 1.30690515 0
vt -1.13286638 1.32171774 0
vt -0.916778088 1.46087575 0
vt -1.02542138 1.50698364 0
vt -0.947075307 1.53567219 0
vt -1.04558766 1.63777089 0
vt -1.08486938 1.43406355 0
vt -1.02078128 1.41554666 0
vt -1.25782514 1.39037156 0
vt -1.13478041 1.67559648 0
vt -1.0343169 1.47943461 0
vt -0.989525557 1.43789649 0
vt -1.15969658 1.49206769 0
vt -1.21802545 1.33425736 0
vt -1.18729877 1.54368925 0
vt -1.25833559 1.34665525 0
vt -1.10034227 1.46016216 0
vt -1.14361525 1.32133734 0
vt -1.04344821 1.48406005 0
vt -0.915159106 1.49272728 0
vt -1.14551461 1.38698244 0
vt -1.1313231 1.29365635 0
vt -1.09860635 1.41547942 0
vt -1.16091955 1.52193022 0
vt -1.03528917 1.4009757 0
vt -1.0627296 1.37159443 0
vt -1.03530777 1.56007576 0
vt -1.1259985 1.56727934 0
vt -1.122159 1.54860449 0
vt -1.27887058 1.27605534 0
vt -1.28161883 1.52784753 0
vt -1.01793337 1.43667722 0
vt -0.982111812 1.55489635 0
vt -0.887487531 1.26340103 0
vt -1.15550852 1.28379428 0
vt -1.28017235 1.47135079 0
vt -1.26541495 1.48292792 0
vt -0.981174231 1.66375422 0
vt -0.964154422 1.72993469 0
vt -1.19846773 1.47630405 0
vt -1.25540829 1.43677056 0
vt -1.23339176 1.45092511 0
vt -1.1809659 1.44453049 0
vt -1.1174562 1.44328308 0
vt -0.891993105 1.48903 0
vt -0.912241399 1.52397084 0
vt -0.976884246 1.32849717 0
vt -0.996180773 1.2746911 0
vt -1.19329178 1.46077061 0
vt -1.20755744 1.43604314 0
vt -1.21577621 1.456038 0
vt -1.17511415 1.53113174 0
vt -1.09193373 1.58937979 0
vt -1.06688595 1.47351456 0
vt -1.02896571 1.60150504 0
vt -0.985646486 1.29746914 0
vt -1.22674465 1.27198887 0
vt -1.11325729 1.30923867 0
vt -1.12099957 1.40042102 0
vt -1.12345481 1.42316699 0
vt -0.955542386 1.38148355 0
vt -1.00015545 1.60659003 0
vt -0.960261524 1.4441123 0
vt -1.05088913 1.30543423 0
vt -0.919136286 1.52959633 0
vt -1.01211238 1.2818675 0
vt -0.975749612 1.39642477 0
vt -0.976462483 1.36337018 0
vt -1.20183039 1.3995738 0
vt -1.09182906 1.28913248 0
vt -1.22618437 1.55763483 0
vt -1.16919518 1.71004272 0
vt -0.971560717 1.73713017 0
vt -1.01086187 1.72552156 0
vt -0.937132478 1.55786085 0
vt -0.915783226 1.32547987 0
vt -1.17647254 1.29909086 0
vt -0.999632597 1.51455259 0
vt -0.989818394 1.59969974 0
vt -0.989485204 1.72399592 0
vt -1.27023077 1.3310442 0
vt -1.21848392 1.47201443 0
vt -0.912936926 1.4114567 0
vt -0.988518238 1.64376712 0
vt -1.1885463 1.31345522 0
vt -1.19750667 1.5870502 0
vt -1.26198745 1.55057025 0
vt -1.16015029 1.40091634 0
vt -1.06965637 1.33666205 0
vt -1.09584451 1.30068541 0
vt -1.08692467 1.31905246 0
vt -1.10379219 1.5039506 0
vt -0.888306201 1.28015816 0
vt -0.968192637 1.46098638 0
vt -0.93370676 1.52945423 0
vt -1.01571095 1.38116801 0
vt -1.0610218 1.42160082 0
vt -1.06396759 1.31543982 0
vt -0.970006466 1.59133458 0
vt -1.03354061 1.52271318 0
vt -1.16289234 1.35478926 0
vt -1.13594651 1.52758431 0
vt -1.07483649 1.55205822 0
vt -1.05713892 1.40358937 0
vt -0.901700675 1.47113776 0
vt -1.10751557 1.42968893 0
vt -1.21411777 1.26254511 0
vt -1.27763581 1.35265958 0
vt -1.23156691 1.39380527 0
vt -1.27427602 1.44001102 0
vt -1.2167263 1.58203745 0
vt -1.11472857 1.6602397 0
vt -1.17771077 1.63774991 0
vt -1.14232492 1.69649625 0
vt -1.18706429 1.70961833 0
vt -0.97785902 1.64498353 0
vt -0.981901586 1.61964417 0
vt -1.04203892 1.6625433 0
vt -0.968214273 1.71975708 0
vt -1.01067901 1.74649143 0
vt -0.960210741 1.26200247 0
vt -0.903779149 1.30225396 0
vt -1.19340932 1.25667262 0
vt -1.18316221 1.66702771 0
vt -1.18644392 1.75626969 0
vt -1.16494346 1.7535758 0
vt -1.1399219 1.40860999 0
vt -1.13144374 1.58670616 0
vt -0.976464391 1.69286108 0
vt -0.893498659 1.52311635 0
vt -1.21683502 1.48819602 0
vt -1.11422145 1.62182188 0
vt -1.07971478 1.5206697 0
vt -1.03006089 1.57796407 0
vt -1.03152907 1.63855505 0
vt -1.00170863 1.61635184 0
vt -0.88894856 1.4428668 0
vt -0.930790365 1.27774012 0
vt -1.12453425 1.3270998 0
vt -1.15107989 1.73007393 0
vt -1.24374437 1.49593508 0
vt -1.2436502 1.55598569 0
vt -1.19654346 1.43261755 0
vt -0.955385685 1.33274198 0
vt -1.14992404 1.30909705 0
vt -1.2665534 1.41107631 0
vt -0.969001174 1.35642028 0
vt -1.15368807 1.47393942 0
vt -1.09531105 1.47086477 0
vt -1.04155719 1.62220693 0
vt -0.991869152 1.51967406 0
vt -0.942446589 1.29203928 0
vt -1.06757665 1.5335176 0
vt -1.00693762 1.32152009 0
vt -1.01388764 1.34772062 0
vt -1.03351688 1.35258651 0
vt -1.19715953 1.26740623 0
vt -1.24522614 1.40860415 0
vt -1.17564678 1.69644284 0
vt -0.981838644 1.43005276 0
vt -0.99168396 1.66189241 0
vt -1.03107238 1.72437716 0
vt -1.14186478 1.49343514 0
vt -0.957690299 1.52664757 0
vt -0.983615875 1.52850914 0
vt -1.23667789 1.42388988 0
vt -1.17380047 1.60907841 0
vt -1.11017752 1.63290644 0
vt -0.905659497 1.49646068 0
vt -0.90249747 1.27594578 0
vt -1.19567895 1.54315376 0
vt -1.04683328 1.36731303 0
vt -1.09958529 1.27564144 0
vt -1.02092028 1.49855208 0
vt -1.21248269 1.32404828 0
vt -1.18886578 1.36047566 0
vt -1.14587951 1.27093637 0
vt -0.9658041 1.5226922 0
vt -1.03248835 1.32508135 0
vt -1.25228143 1.30188262 0
vt -1.23213768 1.38437963 0
vt -1.1395998 1.59157133 0
vt -1.04639554 1.28984714 0
vt -1.01406407 1.45832455 0
vt -1.15984344 1.33887196 0
vt -1.11396933 1.54364967 0
vt -1.22402525 1.57575631 0
vt -1.24014568 1.3469789 0
vt -0.922091126 1.27392685 0
vt -1.04853857 1.57399797 0
vt -1.041857 1.43795455 0
vt -1.21642709 1.27334976 0
vt -1.11602879 1.55422735 0
vt -0.905947924 1.43133545 0
vt -1.16713619 1.65056777 0
vt -1.22749066 1.51973033 0
vt -1.0348947 1.31433105 0
vt -1.19189644 1.39810002 0
vt -1.10003054 1.52363181 0
vt -1.28062129 1.25527072 0
vt -1.26109767 1.25858223 0
vt -1.2693193 1.37916303 0
vt -1.09544158 1.25669038 0
vt -1.20698428 1.5804925 0
vt -1.09475946 1.61019421 0
vt -1.16637373 1.6817081 0
vt -1.18566418 1.7295804 0
vt -0.97456181 1.42292333 0
vt -1.05733562 1.60954881 0
vt -1.06547523 1.63324022 0
vt -1.03162229 1.71530151 0
vt -1.00372124 1.76137233 0
vt -0.980582476 1.7546463 0
vt -0.929917395 1.56148958 0
vt -0.999969482 1.25780976 0
vt -0.940177917 1.34677672 0
vt -1.26845622 1.44925141 0
vt -0.901641607 1.40028763 0
vt -1.12002289 1.59779596 0
vt -1.08473992 1.37930846 0
vt -1.06724262 1.54510856 0
vt -0.921367347 1.45172977 0
vt -0.960887372 1.49568355 0
vt -0.95316124 1.36267781 0
vt -1.16723371 1.36431742 0
vt -1.21397352 1.52499032 0
vt -1.15399981 1.62965703 0
vt -1.16860211 1.74374461 0
vt -0.931138694 1.41608691 0
vt -1.16455948 1.452636 0
vt -1.19179654 1.44248438 0
vt -1.03449225 1.59369159 0
vt -1.05118728 1.59062123 0
vt -0.991576314 1.71393275 0
vt -1.00747228 1.6778481 0
vt -0.941065788 1.40920341 0
vt -0.968520164 1.27979934 0
vt -1.17945099 1.31698573 0
vt -1.2576344 1.48746014 0
vt -1.18695831 1.41555142 0
vt -1.1962738 1.51865697 0
vt -1.1733458 1.56357312 0
vt -1.22295904 1.5461514 0
vt -1.25914049 1.5270462 0
vt -1.1548636 1.42489684 0
vt -1.18069434 1.47416353 0
vt -1.14004874 1.4346559 0
vt -1.01674867 1.26140976 0
vt -1.18225694 1.38346767 0
vt -1.18719411 1.40670133 0
vt -1.2212913 1.41931176 0
vt -1.18937421 1.49052393 0
vt -0.950748503 1.44930029 0
vt -0.945173562 1.46984959 0
vt -0.91042608 1.45381713 0
vt -1.12586021 1.37653935 0
vt -1.04101062 1.31985354 0
vt -0.917124927 1.54793906 0
vt -1.01693368 1.27244091 0
vt -0.966262698 1.37844586 0
vt -0.974209547 1.3858037 0
vt -1.00943601 1.31005776 0
vt -1.02153051 1.3722837 0
vt -1.13914847 1.66673779 0
vt -1.18565714 1.69476581 0
vt -1.09714794 1.33034313 0
vt -0.945634544 1.57769656 0
vt -0.997910202 1.58505869 0
vt -0.885428786 1.51968169 0
vt -1.02622819 1.31663859 0
vt -0.910639286 1.34214187 0
vt -1.25032878 1.31986451 0
vt -1.19203472 1.52647853 0
vt -1.16783309 1.53141403 0
vt -1.02856851 1.27404571 0
vt -1.0438478 1.50786519 0
vt -1.26732588 1.35107172 0
vt -1.27169514 1.43127048 0
vt -1.24606037 1.42857707 0
vt -1.13250589 1.63974142 0
vt -1.13329744 1.35440755 0
vt -0.897588372 1.41662776 0
vt -1.02059126 1.65379596 0
vt -1.04942667 1.51505804 0
vt -0.899026334 1.3545785 0
vt -0.88602978 1.34520268 0
vt -1.15183079 1.3771106 0
vt -1.21031904 1.35910177 0
vt -1.12889457 1.40713131 0
vt -1.17579436 1.55497336 0
vt -1.14031935 1.70729899 0
vt -1.06367612 1.36167932 0
vt -1.05383742 1.33886254 0
vt -1.09832168 1.38714695 0
vt -1.08760715 1.42668092 0
vt -1.13672638 1.45247769 0
vt -1.15062571 1.43836355 0
vt -1.12763381 1.28359294 0
vt -1.12237275 1.43304777 0
vt -1.09461939 1.5147965 0
vt -0.959955156 1.58810258 0
vt -0.961715102 1.4824295 0
vt -0.97032541 1.47947502 0
vt -0.993787944 1.49697423 0
vt -0.896696866 1.30466366 0
vt -1.05268002 1.4892261 0
vt -1.04940116 1.54099917 0
vt -0.960551023 1.40049613 0
vt -0.988316774 1.40920067 0
vt -1.07916808 1.38904595 0
vt -1.0290091 1.38691163 0
vt -1.10617638 1.33519328 0
vt -1.16738629 1.50048256 0
vt -1.1029489 1.58750868 0
vt -1.14529383 1.36898589 0
vt -1.03362477 1.2821244 0
vt -1.06526852 1.46583629 0
vt -1.06256115 1.45115209 0
vt -1.16515732 1.59133649 0
vt -1.00867188 1.45014668 0
vt -1.24829125 1.3827883 0
vt -1.2250855 1.5665977 0
vt -1.05544341 1.6373651 0
vt -1.17565918 1.72614145 0
vt -1.14068913 1.53533125 0
vt -0.955953956 1.57728982 0
vt -1.009377 1.69590282 0
vt -1.16355491 1.62324119 0
vt -1.00918174 1.65282488 0
vt -0.916129291 1.38882113 0
vt -1.06063461 1.3919723 0
vt -1.13538861 1.38825965 0
vt -1.04628527 1.27984416 0
vt -1.19312406 1.55771089 0
vt -1.04288268 1.47341132 0
vt -1.14431572 1.30304992 0
vt -1.02737045 1.40770173 0
vt -1.02070355 1.55411291 0
vt -1.12150478 1.58257174 0
vt -1.2758348 1.48189974 0
vt -0.896190226 1.53210354 0
vt -0.98928988 1.28764606 0
vt -1.07757223 1.48404229 0
vt -0.989031076 1.30845499 0
vt -0.960359573 1.45409298 0
vt -1.02539611 1.44132257 0
vt -1.01086736 1.71643853 0
vt -0.94475913 1.56278491 0
vt -1.14776039 1.71540833 0
vt -1.07837558 1.34198511 0
vt -1.01308274 1.39321303 0
vt -1.05864501 1.32340431 0
vt -1.05316484 1.41362584 0
vt -1.18738234 1.26509786 0
vt -1.18808961 1.73860288 0
vt -1.1586802 1.74523115 0
vt -0.953897715 1.296157 0
vt -1.1628685 1.65903378 0
vt -1.27904558 1.26550865 0
vt -1.27124619 1.25742388 0
vt -1.27951932 1.33251977 0
vt -1.22205257 1.25746107 0
vt -1.28012466 1.36186397 0
vt -1.10595298 1.25627315 0
vt -1.1224699 1.65906143 0
vt -1.18681645 1.65869331 0
vt -1.13829947 1.68609691 0
vt -1.28278756 1.50961733 0
vt -1.01565206 1.4250108 0
vt -0.964513838 1.4230932 0
vt -0.954801679 1.59701872 0
vt -0.975925744 1.56757832 0
vt -1.0751996 1.60884142 0
vt -0.960154653 1.74122763 0
vt -1.01228666 1.73588037 0
vt -0.896983147 1.49774277 0
vt -0.887455165 1.41491771 0
vt -0.890129626 1.37433767 0
vt -0.91175437 1.27313542 0
vt -0.916485906 1.25455439 0
vt -0.887925327 1.28973663 0
vt -0.885933757 1.25379753 0
vt -1.27557707 1.41343045 0
vt -1.2460134 1.5652802 0
vt -1.12430966 1.70018959 0
vt -1.1453768 1.75751996 0
vt -0.920386255 1.48513103 0
vt -0.964262128 1.56778693 0
vt -0.984294057 1.37093472 0
vt -1.17761815 1.33527279 0
vt -1.21458697 1.47979271 0
vt -1.26861858 1.51113892 0
vt -1.11802685 1.47730958 0
vt -1.20881343 1.40785635 0
vt -1.12140512 1.34447896 0
vt -0.922089219 1.41212845 0
vt -1.06281638 1.56437421 0
vt -1.10223711 1.44856966 0
vt -1.05419576 1.5811131 0
vt -1.03234768 1.46886563 0
vt -0.930512786 1.2666086 0
vt -0.939262986 1.27233768 0
vt -1.22149658 1.49754882 0
vt -1.14391184 1.6779089 0
vt -1.25752831 1.53955245 0
vt -1.07140279 1.30774248 0
vt -0.925420105 1.39559913 0
vt -0.955492139 1.39181268 0
vt -1.08997524 1.60033393 0
vt -1.02150226 1.61536098 0
vt -0.945777893 1.50516438 0
vt -1.19442201 1.36965036 0
vt -1.09739447 1.3401711 0
vt -1.09433079 1.36204278 0
vt -1.21502829 1.42800224 0
vt -1.09336424 1.45154142 0
vt -1.17139471 1.30850887 0
vt -0.97750479 1.35100818 0
vt -1.09414268 1.54707861 0
vt -1.13186193 1.46166182 0
vt -0.915774703 1.47756958 0
vt -1.03457403 1.25674963 0
vt -1.16561341 1.287431 0
vt -1.12076283 1.36158204 0
vt -0.958624363 1.37158298 0
vt -1.12791586 1.48001373 0
vt -1.03840244 1.6725843 0
vt -0.950969756 1.49758542 0
vt -0.987134457 1.50260472 0
vt -0.937732399 1.5486393 0
vt -0.90926832 1.35206187 0
vt -1.06436634 1.26896846 0
vt -1.15570569 1.50311017 0
vt -1.00096488 1.37533879 0
vt -1.00234628 1.36499286 0
vt -1.01021433 1.36292052 0
vt -1.07404542 1.36024475 0
vt -1.08816206 1.4422034 0
vt -1.18349004 1.25548124 0
vt -1.20501852 1.27633524 0
vt -1.2415297 1.25638771 0
vt -1.25981975 1.44858479 0
vt -1.12513471 1.63391566 0
vt -0.951536477 1.43909621 0
vt -1.00199413 1.66079211 0
vt -1.19153929 1.28897214 0
vt -1.14691532 1.51116931 0
vt -1.20878077 1.33353555 0
vt -1.20403433 1.37367558 0
vt -1.07102466 1.4187181 0
vt -0.986007929 1.53815889 0
vt -1.01290846 1.68710279 0
vt -1.26952958 1.42146945 0
vt -1.1610626 1.70294166 0
vt -1.2238369 1.48043776 0
vt -1.10421801 1.47032404 0
vt -1.03020883 1.65857005 0
vt -1.00946283 1.60031414 0
vt -1.02013743 1.66409016 0
vt -0.91483289 1.50215709 0
vt -0.927030146 1.25598788 0
vt -0.89640367 1.2836684 0
vt -1.24369192 1.28832865 0
vt -1.23868775 1.26688886 0
vt -1.11246014 1.35571134 0
vt -1.2512629 1.54885173 0
vt -1.17824936 1.42314363 0
vt -1.05526447 1.31333184 0
vt -1.10243344 1.30974698 0
vt -1.15946078 1.44471085 0
vt -0.962990224 1.55637217 0
vt -1.19270003 1.34347248 0
vt -1.08315706 1.50389063 0
vt -1.12439477 1.51786637 0
vt -1.06577778 1.49977779 0
vt -0.964159071 1.47200632 0
vt -0.940161228 1.51307368 0
vt -0.978123963 1.45833421 0
vt -0.993184149 1.33836198 0
vt -0.994141519 1.41603172 0
vt -1.10535216 1.37021899 0
vt -1.08936644 1.41349697 0
vt -1.07159853 1.28707957 0
vt -1.0792129 1.3520534 0
vt -1.13275099 1.56540537 0
vt -1.02868044 1.53369308 0
vt -1.15242028 1.35230315 0
vt -0.986880541 1.56575823 0
vt -1.10811782 1.5190649 0
vt -1.23154044 1.3521024 0
vt -1.22637939 1.37821269 0
vt -1.16271544 1.56576252 0
vt -1.26051474 1.29772925 0
vt -1.26783466 1.31417763 0
vt -1.26505852 1.37148201 0
vt -1.05879331 1.58886266 0
vt -1.03263521 1.61108136 0
vt -0.987931728 1.6723063 0
vt -1.06419182 1.27955246 0
vt -0.9452461 1.5558219 0
vt -0.997013628 1.651618 0
vt -0.923481405 1.28495598 0
vt -1.24204445 1.51232207 0
vt -1.12101173 1.31778657 0
vt -1.11812484 1.38021755 0
vt -1.03518367 1.49050117 0
vt -1.0773406 1.42859101 0
vt -1.21395445 1.28281426 0
vt -1.12897944 1.66785002 0
vt -1.02015829 1.49000454 0
vt -0.987701297 1.45625472 0
vt -1.16274142 1.51097298 0
vt -1.20291638 1.55203342 0
vt -1.26419473 1.34031057 0
vt -1.15029049 1.33462381 0
vt -0.923654497 1.49522412 0
vt -1.16976535 1.40670693 0
vt -1.24151754 1.29764271 0
vt -1.02737856 1.56898856 0
vt -1.2601614 1.50459123 0
vt -1.27636194 1.54067969 0
vt -0.97108674 1.55020571 0
vt -0.895213664 1.25436807 0
vt -1.24521017 1.43887627 0
vt -1.14352477 1.63640404 0
vt -1.18824124 1.45194387 0
vt -0.896544576 1.47956753 0
vt -0.887897253 1.47970676 0
vt -1.21204066 1.46549594 0
vt -1.02786994 1.30508399 0
vt -1.09027731 1.27867079 0
vt -1.23166871 1.54163337 0
vt -0.92824614 1.55063796 0
vt -0.908259213 1.33311903 0
vt -0.980462611 1.6105721 0
vt -0.979494154 1.71727061 0
vt -1.16317487 1.39194322 0
vt -0.894864798 1.27211118 0
vt -0.973963559 1.4688412 0
vt -1.00753188 1.38340724 0
vt -1.14159274 1.51889658 0
vt -1.2812171 1.43190765 0
vt -0.99823004 1.7468617 0
vt -0.93934989 1.28285825 0
vt -1.08616734 1.47597194 0
vt -1.01628256 1.3187449 0
vt -1.19925833 1.39009666 0
vt -1.10145807 1.63464856 0
vt -0.900378287 1.48866034 0
vt -1.20723295 1.60975432 0
vt -0.972834408 1.52997279 0
vt -1.25963354 1.30686271 0
vt -1.10851896 1.55038071 0
vt -1.24971628 1.34829187 0
vt -1.05171824 1.43567383 0
vt -1.03953218 1.3056581 0
vt -1.10254073 1.26603341 0
vt -1.2643652 1.45934558 0
vt -0.97031194 1.50052857 0
vt -0.948304772 1.35486615 0
vt -1.17431474 1.37069106 0
vt -1.04231954 1.59195161 0
vt -1.14994264 1.41469431 0
vt -1.04971576 1.46393573 0
vt -1.04233086 1.32761002 0
vt -1.13432288 1.62956667 0
vt -1.12907958 1.65055799 0
vt -1.02914119 1.6484983 0
vt -1.05973458 1.51590979 0
vt -1.12843323 1.39550996 0
vt -0.953625083 1.4736619 0
vt -0.889370322 1.30122352 0
vt -0.977859497 1.43983567 0
vt -0.979112804 1.50477433 0
vt -1.00748467 1.5189507 0
vt -1.00749719 1.52802277 0
vt 0.648748875 1.5129292 0
vt -1.07025313 1.39361465 0
vt -0.99243027 1.53172231 0
vt 0.605525434 1.41946375 0
vt -1.17234659 1.27133346 0
vt 0.496277452 1.286026 0
vt -1.18127275 1.29019678 0
vt 0.558092356 1.59290838 0
vt 0.434279859 1.34641695 0
vt 0.570104003 1.69401884 0
vt 0.52483052 1.30727899 0
vt 0.474061728 1.58725739 0
vt -1.02067578 1.53086948 0
vt -1.01467419 1.51507211 0
vt -1.17416763 1.38030469 0
vt -1.10701382 1.42097092 0
vt 0.420579791 1.70785522 0
vt 0.659047186 1.50781155 0
vt -0.897158682 1.54323578 0
vt -1.0988425 1.42683005 0
vt -0.887071252 1.33310759 0
vt 0.555390179 1.6878047 0
vt -1.27878547 1.39698529 0
vt -1.11475873 1.42597163 0
vt -0.966911256 1.33501816 0
vt -1.00121784 1.50420475 0
vt 0.587902248 1.41495562 0
vt -1.08331537 1.40678358 0
vt 0.573723435 1.27061033 0
vt -1.01359153 1.53238702 0
vt -0.905681849 1.47897124 0
vt 0.446188152 1.623317 0
vt 0.432705581 1.69442296 0
vt 0.645310998 1.43154025 0
vt 0.47088474 1.37249959 0
vt 0.456454039 1.59055328 0
vt 0.54229939 1.65810061 0
vt 0.371481776 1.34212875 0
vt 0.303279728 1.47101831 0
vt -0.938917339 1.53874588 0
vt 0.560426176 1.6008873 0
vt -0.971071959 1.604321 0
vt -1.18925333 1.30475318 0
vt -0.912485898 1.53763556 0
vt -1.17665362 1.49266696 0
vt -1.19034314 1.60895967 0
vt 0.5613603 1.62961054 0
vt -1.11310756 1.43527567 0
vt -0.915763378 1.29269171 0
vt -1.18745661 1.59313369 0
vt 0.464962125 1.58838201 0
vt 0.65812999 1.48264909 0
vt 0.298580259 1.46162152 0
vt -1.00459123 1.47503901 0
vt -1.1904453 1.32357025 0
vt 0.294524312 1.54831481 0
vt -0.913211405 1.55674171 0
vt -0.999380708 1.30712533 0
vt 0.506138623 1.67112756 0
vt 0.367688894 1.31311059 0
vt -1.10364938 1.43742967 0
vt -1.24679732 1.32953548 0
vt 0.507741034 1.44993925 0
vt -1.21800733 1.53563046 0
vt 0.462213516 1.42864478 0
vt -1.06566906 1.40117061 0
vt 0.645704448 1.30591393 0
vt -0.886489451 1.49800014 0
vt -1.14960921 1.72292161 0
vt 0.441833854 1.58936095 0
vt -1.1979599 1.49719894 0
vt -0.994316339 1.460675 0
vt -0.939573467 1.42092276 0
vt -1.000067 1.4428792 0
vt -1.03538918 1.39183521 0
vt 0.492144644 1.33538795 0
vt 0.623093247 1.36614287 0
vt 0.511599243 1.32974696 0
vt 0.523944318 1.61028862 0
vt -1.17264342 1.48145056 0
vt -1.16794825 1.48960817 0
vt -1.07748318 1.33219004 0
vt -1.00591874 1.64554071 0
vt 0.550946712 1.49184644 0
vt -1.0760324 1.41086149 0
vt -0.978528619 1.48613966 0
vt -1.02501166 1.52530098 0
vt 0.429958463 1.51603603 0
vt -0.999578536 1.52319121 0
vt 0.663762391 1.52512884 0
vt -1.25049996 1.25461817 0
vt 0.501704097 1.34209156 0
vt 0.629810095 1.37981093 0
vt 0.358201444 1.51083362 0
vt -1.24614143 1.45968246 0
vt -0.943554342 1.36522341 0
vt 0.654240012 1.52311802 0
vt 0.438187599 1.62044263 0
vt 0.541545153 1.47416341 0
vt 0.510267258 1.33866167 0
vt 0.576005816 1.49283409 0
vt -0.938322604 1.48637271 0
vt -1.13908768 1.54194498 0
vt -1.17469287 1.3898983 0
vt 0.549836159 1.69624734 0
vt 0.400889039 1.31653476 0
vt -1.11272323 1.57585263 0
vt -1.25562358 1.47810829 0
vt 0.559651613 1.69599056 0
vt -0.900624573 1.46228337 0
vt -1.15796328 1.58323932 0
vt 0.559945941 1.47711229 0
vt -0.905507803 1.53073096 0
vt 0.623633623 1.27887297 0
vt -1.18209231 1.32673013 0
vt -1.0031755 1.62504053 0
vt 0.507803917 1.68188715 0
vt -0.941476524 1.53005552 0
vt -1.17290974 1.29187071 0
vt 0.442125082 1.60701346 0
vt 0.516360462 1.68340945 0
vt -1.17396891 1.58584452 0
vt -1.21410203 1.25423527 0
vt 0.464211285 1.70325041 0
vt -1.01431787 1.76574445 0
vt -0.975001991 1.68422604 0
vt -0.885447025 1.32189202 0
vt -1.03650737 1.42233086 0
vt -0.988032758 1.54955006 0
vt -1.11780357 1.49634182 0
vt -1.25905561 1.26901782 0
vt 0.572795033 1.42068148 0
vt -0.930603266 1.51708388 0
vt 0.477164805 1.40582013 0
vt 0.50121212 1.27072358 0
vt 0.311154306 1.37793779 0
vt -0.947362244 1.41742718 0
vt -1.08518124 1.57106256 0
vt 0.439629555 1.51107383 0
vt -1.0094676 1.62866235 0
vt 0.551414728 1.6267159 0
vt 0.477027357 1.46928322 0
vt -1.22390389 1.28147292 0
vt -1.15618622 1.66415381 0
vt 0.417576373 1.44976425 0
vt 0.474514961 1.45979846 0
vt -1.21851587 1.59298158 0
vt 0.406325579 1.74942398 0
vt -0.987768292 1.34962571 0
vt 0.291845292 1.30431724 0
vt 0.676727474 1.48553228 0
vt 0.407630146 1.30287707 0
vt 0.666078925 1.51569486 0
vt 0.335627854 1.55126619 0
vt 0.426164508 1.55426979 0
vt -0.906644166 1.54820395 0
vt -1.10904288 1.46366811 0
vt 0.564913809 1.26889372 0
vt 0.431261837 1.50602841 0
vt 0.410900891 1.55723739 0
vt -1.01492178 1.54717565 0
vt -1.18244982 1.48394549 0
vt 0.450429976 1.48808765 0
vt -0.955325544 1.5344429 0
vt -1.15046477 1.49369037 0
vt 0.448818803 1.29017985 0
vt 0.687723398 1.50021553 0
vt 0.582533121 1.47898006 0
vt 0.686193585 1.3953166 0
vt -0.898857713 1.42747855 0
vt -0.891621888 1.32413316 0
vt -1.1134882 1.45110548 0
vt 0.471219897 1.59634256 0
vt 0.31000483 1.47508478 0
vt -1.06208467 1.61709499 0
vt 0.471215963 1.47549117 0
vt 0.363565564 1.50343251 0
vt 0.434594154 1.49477649 0
vt -1.18838203 1.68654776 0
vt -0.990618527 1.31768513 0
vt 0.379928648 1.40152788 0
vt -1.08366859 1.5553205 0
vt -1.20837331 1.58885741 0
vt 0.477673173 1.70717764 0
vt -1.09144855 1.4203161 0
vt -0.979625642 1.2661891 0
vt -1.17129397 1.46016335 0
vt 0.344658494 1.47097266 0
vt -1.08713782 1.32785666 0
vt -1.11666453 1.65013385 0
vt -1.2357707 1.46955872 0
vt -1.10589576 1.61558151 0
vt 0.308863461 1.36031759 0
vt -1.02475035 1.54479074 0
vt 0.300710946 1.30255604 0
vt -0.930819571 1.32432795 0
vt -0.963637114 1.60948944 0
vt 0.517828524 1.44384623 0
vt 0.527817011 1.69124222 0
vt 0.401827872 1.44979119 0
vt -1.05780697 1.64899111 0
vt 0.572908759 1.6834178 0
vt 0.583857179 1.42324507 0
vt 0.594951272 1.42261839 0
vt -1.0761112 1.51220608 0
vt 0.293497026 1.49338126 0
vt 0.310281038 1.34213912 0
vt 0.4878124 1.28051019 0
vt 0.373311222 1.47954524 0
vt -1.18453658 1.39256787 0
vt -0.922013819 1.30958152 0
vt 0.492024422 1.63061857 0
vt -1.04185152 1.54022431 0
vt 0.511038542 1.66438723 0
vt -1.19318569 1.54927325 0
vt -1.28161311 1.40619624 0
vt -0.937888443 1.37601328 0
vt 0.539898872 1.70051813 0
vt -1.14471209 1.57246351 0
vt -1.24176693 1.32176173 0
vt 0.339789152 1.46303523 0
vt 0.637047231 1.55001068 0
vt -0.900091231 1.37242341 0
vt -1.15283775 1.5684998 0
vt 0.521769881 1.55868673 0
vt -1.11933923 1.50866187 0
vt -0.926847339 1.53338861 0
vt 0.450475097 1.45507026 0
vt -1.25048995 1.46838462 0
vt -1.05575359 1.55913949 0
vt 0.422185361 1.694134 0
vt -1.14510608 1.47654247 0
vt 0.433904409 1.29909778 0
vt -0.913485944 1.4282831 0
vt 0.410084248 1.44232488 0
vt 0.339570343 1.31843781 0
vt 0.562176704 1.68024826 0
vt -1.18134713 1.3069911 0
vt 0.29315117 1.3520627 0
vt 0.399827063 1.4410907 0
vt -0.884663701 1.31053865 0
vt 0.665054202 1.5395062 0
vt -1.02622879 1.37965679 0
vt -1.21551013 1.38864553 0
vt -1.10662448 1.30104804 0
vt -1.02057171 1.46703005 0
vt -1.17466903 1.61995244 0
vt 0.45271945 1.54528475 0
vt 0.581811547 1.74816084 0
vt -1.16978264 1.52421951 0
vt 0.442537904 1.58007026 0
vt -0.897144496 1.38227677 0
vt 0.484769702 1.41162801 0
vt -1.00611305 1.30031252 0
vt -0.885628343 1.36680305 0
vt 0.619782627 1.39482021 0
vt -1.03814292 1.70967174 0
vt -1.23745131 1.45851481 0
vt -1.14528322 1.27835143 0
vt 0.336198449 1.5268836 0
vt 0.567475259 1.55406022 0
vt -1.27778482 1.28726244 0
vt 0.444487572 1.53861141 0
vt -1.22045135 1.36336708 0
vt -1.01370835 1.47541022 0
vt -1.01536298 1.3385731 0
vt -1.07311416 1.31705546 0
vt -0.996886611 1.34816301 0
vt -1.20605826 1.50355351 0
vt -0.994654715 1.30106688 0
vt 0.537921488 1.55778098 0
vt -1.06046939 1.38220274 0
vt 0.405533612 1.36966014 0
vt 0.611837506 1.42800879 0
vt -1.04750693 1.44574213 0
vt -0.984887242 1.25310493 0
vt -1.28297782 1.45183396 0
vt 0.351085544 1.53994536 0
vt -1.07949471 1.56257224 0
vt -1.09302199 1.53932953 0
vt 0.424431562 1.30215466 0
vt -1.11204779 1.29207015 0
vt 0.661281466 1.37107468 0
vt 0.543379188 1.52791166 0
vt 0.632644415 1.36136484 0
vt -1.12346053 1.46043456 0
vt -1.02583706 1.25446236 0
vt 0.624035358 1.29619038 0
vt 0.318012774 1.33588386 0
vt -1.17624009 1.64626384 0
vt -0.976040006 1.52176285 0
vt -0.991681695 1.38915789 0
vt 0.629562318 1.28575873 0
vt -1.24350476 1.33877897 0
vt -0.959082484 1.43273664 0
vt -1.17165363 1.50833416 0
vt 0.614786208 1.32219136 0
vt 0.420103073 1.75215435 0
vt 0.516078651 1.59921288 0
vt 0.33967334 1.55849338 0
vt -1.26367521 1.49363363 0
vt 0.442403734 1.36517739 0
vt -1.16472626 1.27763891 0
vt -1.23852324 1.57762432 0
vt 0.403019488 1.5615232 0
vt -1.22380662 1.344468 0
vt -1.08170307 1.58639908 0
vt -1.2494967 1.28302264 0
vt -1.28423262 1.51958656 0
vt 0.678416669 1.37851119 0
vt 0.34975177 1.54895401 0
vt 0.525986552 1.45050716 0
vt -1.21120501 1.51386094 0
vt 0.529633522 1.55261183 0
vt 0.36502564 1.3234303 0
vt 0.47895962 1.26856363 0
vt -1.02580106 1.60884404 0
vt 0.45689708 1.69806218 0
vt 0.301931947 1.34786987 0
vt -1.15920448 1.33038032 0
vt 0.551900327 1.6434629 0
vt -1.17877197 1.5128777 0
vt -1.25440145 1.32761335 0
vt -1.12704515 1.49144316 0
vt -1.05715346 1.49809146 0
vt 0.532469571 1.38067293 0
vt 0.516973257 1.52358818 0
vt -1.12528658 1.52771807 0
vt 0.655671477 1.43113756 0
vt 0.495118558 1.70011377 0
vt -1.15034628 1.57835054 0
vt 0.687582076 1.54592705 0
vt 0.349670172 1.32121134 0
vt 0.54237628 1.49087155 0
vt -1.19119155 1.38688731 0
vt 0.355300903 1.34743559 0
vt 0.666666567 1.4137733 0
vt -0.998165905 1.64165711 0
vt -1.0441134 1.42861712 0
vt 0.564273834 1.59134483 0
vt -1.14918351 1.29346943 0
vt -1.03116655 1.37130189 0
vt 0.461602509 1.67348766 0
vt 0.468192697 1.66913176 0
vt 0.668466091 1.47956157 0
vt 0.474439979 1.37959385 0
vt 0.453859448 1.30599976 0
vt 0.530840933 1.56459856 0
vt -1.04568267 1.53389311 0
vt -1.10207319 1.48737895 0
vt 0.396808922 1.70138955 0
vt 0.639936566 1.44075978 0
vt 0.451177597 1.44080257 0
vt 0.419601023 1.73589826 0
vt 0.400654674 1.57704544 0
vt 0.624776006 1.54084349 0
vt 0.535003722 1.66362023 0
vt 0.360770226 1.53893685 0
vt 0.411544144 1.56592822 0
vt 0.44927752 1.35903883 0
vt 0.435464799 1.66847515 0
vt -1.23027158 1.46117806 0
vt -1.04263747 1.38661003 0
vt 0.502088606 1.61714959 0
vt 0.45285207 1.52772808 0
vt 0.488174379 1.49759459 0
vt 0.435995758 1.44618273 0
vt 0.414609134 1.37396944 0
vt 0.433287084 1.36976695 0
vt -0.92880255 1.56922841 0
vt -1.10409689 1.57798195 0
vt -1.02548933 1.33426738 0
vt -1.06857872 1.32637465 0
vt -1.1203295 1.45198214 0
vt -1.1253593 1.67551732 0
vt 0.460440278 1.54101419 0
vt 0.641379893 1.31521153 0
vt -0.930626035 1.50037324 0
vt -0.983643353 1.33477986 0
vt 0.571590483 1.73817706 0
vt -1.15096068 1.76569724 0
vt -1.15133667 1.73854661 0
vt -1.22824454 1.41058898 0
vt 0.360862195 1.28258812 0
vt -1.05909038 1.47984636 0
vt -1.03891921 1.5007515 0
vt -1.11128736 1.47136045 0
vt -1.2181828 1.41027641 0
vt 0.55152899 1.61693335 0
vt 0.583953142 1.44944584 0
vt -0.908066511 1.38057184 0
vt 0.47398448 1.71448541 0
vt -0.984018683 1.49532652 0
vt -1.09183741 1.55451274 0
vt 0.612310171 1.50024605 0
vt -1.11204255 1.50281894 0
vt 0.447928548 1.50328517 0
vt -1.17206919 1.63052225 0
vt 0.429855704 1.67610717 0
vt -1.24027276 1.3880707 0
vt -1.05971479 1.65731454 0
vt -1.25186086 1.51121855 0
vt -1.15999734 1.57447982 0
vt -1.11436188 1.60261297 0
vt -1.05535936 1.44534111 0
vt 0.395693183 1.51967216 0
vt -1.03466439 1.43130136 0
vt 0.55095613 1.66353345 0
vt 0.312205791 1.43402481 0
vt -0.906770229 1.51590014 0
vt 0.432326615 1.45577908 0
vt 0.496827245 1.55584478 0
vt 0.621178985 1.42709982 0
vt 0.644795656 1.44841826 0
vt 0.516605139 1.30190861 0
vt 0.432597399 1.37762165 0
vt -1.00804281 1.50993109 0
vt -0.885250807 1.46314001 0
vt 0.383616328 1.31755567 0
vt 0.465751469 1.45501769 0
vt 0.425098777 1.41753232 0
vt 0.546933234 1.48311603 0
vt -0.989635468 1.47302532 0
vt -1.26849341 1.39453483 0
vt 0.574608624 1.34517431 0
vt 0.318385184 1.47095382 0
vt 0.505614579 1.69921732 0
vt -1.26396394 1.40137792 0
vt -1.2115798 1.41779518 0
vt 0.487823844 1.56745553 0
vt 0.574638367 1.48271501 0
vt -1.18047881 1.67409945 0
vt -1.10758352 1.55980515 0
vt 0.456254125 1.59916854 0
vt -1.14054096 1.72498274 0
vt 0.499517858 1.63428259 0
vt -1.18484008 1.55173922 0
vt -0.937436163 1.33786142 0
vt -0.889028966 1.53778005 0
vt 0.553994775 1.51621675 0
vt 0.488689721 1.40194142 0
vt 0.535891056 1.52229929 0
vt -1.11407483 1.61216044 0
vt 0.668618977 1.47143376 0
vt -1.11688328 1.30048144 0
vt -0.961976767 1.41265297 0
vt -1.16939473 1.70123863 0
vt -1.15499651 1.67883825 0
vt 0.565184057 1.70247936 0
vt -1.19953918 1.62449193 0
vt -1.17697883 1.68852139 0
vt 0.418819606 1.34505725 0
vt -0.934633136 1.45686507 0
vt -1.02336788 1.32508516 0
vt 0.684705436 1.26872003 0
vt 0.561810553 1.3367753 0
vt -1.21562624 1.37912869 0
vt -1.060812 1.3426981 0
vt -1.20950675 1.53234816 0
vt 0.523555696 1.60110855 0
vt -1.08465672 1.52754498 0
vt -1.16442704 1.25369859 0
vt -1.11734152 1.59019399 0
vt -1.16419125 1.53787827 0
vt 0.42477417 1.49914837 0
vt -1.03616714 1.41210771 0
vt 0.460035741 1.55101395 0
vt -1.15086365 1.67058301 0
vt 0.672189057 1.43871117 0
vt 0.291895449 1.27123737 0
vt -0.999267161 1.53968811 0
vt -1.11792254 1.40833092 0
vt 0.478637338 1.64339781 0
vt 0.601872385 1.7330184 0
vt -1.23795581 1.50308418 0
vt -1.15155363 1.32599664 0
vt 0.377178729 1.30938649 0
vt -0.980270982 1.28206778 0
vt 0.663734615 1.30813336 0
vt 0.366272867 1.54853773 0
vt 0.302120179 1.36587417 0
vt -1.12095916 1.69013906 0
vt 0.52871567 1.32453787 0
vt -1.19005108 1.4701674 0
vt -1.19644189 1.42118847 0
vt 0.433455169 1.70304561 0
vt -0.99924767 1.59679317 0
vt -0.894182682 1.50590038 0
vt -0.971838832 1.62339139 0
vt 0.419183195 1.59692407 0
vt -1.06072414 1.50671029 0
vt -1.05135441 1.55036211 0
vt 0.367758691 1.2699554 0
vt 0.385832131 1.51706076 0
vt -1.01888895 1.59658504 0
vt -1.02297378 1.68761349 0
vt -1.25512433 1.42708325 0
vt 0.302173048 1.38413715 0
vt 0.465203047 1.65497994 0
vt -1.0712862 1.44604611 0
vt -0.993232727 1.25301445 0
vt 0.413912475 1.72111392 0
vt 0.364425123 1.33361673 0
vt -1.23348117 1.31932569 0
vt -1.01698935 1.64464951 0
vt -1.0300591 1.41632986 0
vt -1.05256248 1.39612031 0
vt -0.955345154 1.42102802 0
vt 0.516386569 1.45334601 0
vt -0.91048646 1.37075853 0
vt -1.04854059 1.62855363 0
vt 0.662964344 1.29611742 0
vt 0.563290775 1.74855494 0
vt -1.12851882 1.51107287 0
vt 0.453665078 1.62777376 0
vt 0.505465448 1.28108728 0
vt 0.360485196 1.4731307 0
vt -0.997801721 1.26626134 0
vt 0.578749597 1.33796954 0
vt 0.674908519 1.45375943 0
vt -1.27303743 1.46529961 0
vt -1.13773775 1.25577807 0
vt 0.450306535 1.43172848 0
vt -1.2186482 1.44738507 0
vt 0.663526952 1.34493601 0
vt 0.455049574 1.3311832 0
vt -0.906342626 1.42003775 0
vt -0.898640215 1.32034564 0
vt -1.00258303 1.55564904 0
vt 0.5749681 1.51777673 0
vt 0.441840708 1.30726695 0
vt 0.585981548 1.53444695 0
vt -0.981139481 1.59105706 0
vt 0.448562443 1.7094245 0
vt 0.435592234 1.54213572 0
vt -1.17773747 1.52106977 0
vt -0.979407012 1.56170559 0
vt 0.60410428 1.31857204 0
vt -1.06112421 1.52752042 0
vt 0.555288494 1.73538995 0
vt 0.416178763 1.65186429 0
vt 0.617151439 1.30522585 0
vt 0.49698925 1.30499482 0
vt -1.02952433 1.73474383 0
vt 0.549223065 1.34397721 0
vt -0.99201709 1.54096031 0
vt 0.54071492 1.69184828 0
vt 0.342764974 1.51338351 0
vt -1.14812469 1.54034305 0
vt -1.01689935 1.63424397 0
vt -0.939644873 1.43078935 0
vt 0.469807506 1.64544702 0
vt -1.24983478 1.40174961 0
vt 0.470619559 1.66190505 0
vt -1.20661902 1.48294854 0
vt 0.566249669 1.34493852 0
vt -1.03116357 1.55230427 0
vt 0.434704363 1.59290266 0
vt -1.21462774 1.60305095 0
vt -1.24931097 1.48773229 0
vt 0.376428187 1.54593182 0
vt -1.00633073 1.5842123 0
vt 0.480414867 1.59470105 0
vt -1.08775949 1.34557652 0
vt 0.512974739 1.56417012 0
vt -1.07922149 1.6008172 0
vt 0.385971904 1.71787095 0
vt -1.19587779 1.57853794 0
vt -1.07382965 1.50230241 0
vt -0.88580209 1.39373326 0
vt -0.988915563 1.73172307 0
vt -1.18997502 1.50132585 0
vt -1.20340443 1.54051638 0
vt -1.04469168 1.45518649 0
vt -1.19862461 1.73916554 0
vt 0.38100481 1.52534032 0
vt 0.426018298 1.38359928 0
vt -1.18955445 1.37699401 0
vt 0.673263729 1.40754533 0
vt -0.960002542 1.34195614 0
vt -0.967578411 1.43976903 0
vt -1.02644849 1.42455888 0
vt 0.549771845 1.67190337 0
vt -1.01129413 1.55748272 0
vt 0.623438656 1.46346688 0
vt -1.17799246 1.66162395 0
vt -0.953441441 1.75048804 0
vt -1.08928668 1.37056184 0
vt 0.404649854 1.6988349 0
vt 0.474511802 1.36485028 0
vt -1.27475238 1.53087878 0
vt 0.372460902 1.33084524 0
vt 0.680346072 1.41064358 0
vt 0.448417246 1.47187293 0
vt 0.649693906 1.48888588 0
vt -1.08919704 1.56357837 0
vt -0.919728637 1.33634114 0
vt -1.136446 1.55671477 0
vt 0.303421646 1.52114701 0
vt 0.330432177 1.49773729 0
vt 0.632891238 1.53990865 0
vt -1.03386593 1.34290588 0
vt -1.17904997 1.74379468 0
vt -1.02386332 1.51637697 0
vt -1.26520085 1.53223515 0
vt -0.907666922 1.29498863 0
vt 0.424459219 1.61354876 0
vt 0.663119614 1.4642849 0
vt 0.42848742 1.63015413 0
vt 0.395254433 1.3054533 0
vt 0.507710755 1.53611898 0
vt -1.15849471 1.36008549 0
vt 0.495138228 1.58411336 0
vt 0.465921104 1.3195287 0
vt -0.962931097 1.31598389 0
vt 0.379982054 1.3461237 0
vt 0.634325802 1.29610538 0
vt 0.392310619 1.4561516 0
vt -1.13093662 1.60845232 0
vt -0.903376222 1.36262202 0
vt 0.493465543 1.66287494 0
vt -1.04589033 1.69046354 0
vt 0.45449239 1.29696465 0
vt -1.13985872 1.2941463 0
vt -1.00803089 1.25444913 0
vt -0.986518681 1.51112092 0
vt 0.566066563 1.76509905 0
vt 0.581558228 1.54935431 0
vt 0.522623777 1.51468635 0
vt 0.61266458 1.38362765 0
vt 0.322376132 1.31951237 0
vt 0.356384873 1.3377161 0
vt 0.364808619 1.35252786 0
vt -1.11065078 1.3174727 0
vt 0.410737514 1.32050073 0
vt -1.18607175 1.29790485 0
vt 0.513399541 1.58412957 0
vt -1.1218977 1.30833125 0
vt -1.18567491 1.46031904 0
vt 0.57618016 1.5571909 0
vt 0.301798731 1.29059672 0
vt 0.422206044 1.27039111 0
vt 0.353181362 1.50253272 0
vt 0.50303477 1.66041255 0
vt -1.0870347 1.3041352 0
vt 0.46514684 1.41935182 0
vt -0.953781784 1.54330611 0
vt -1.04543447 1.37837255 0
vt -0.936839402 1.32796907 0
vt 0.513846159 1.51469564 0
vt 0.60807848 1.33710933 0
vt -1.19453275 1.33246863 0
vt 0.617637992 1.33336759 0
vt -1.21038818 1.35160303 0
vt -0.9706285 1.40494251 0
vt 0.304327756 1.50449228 0
vt -1.01696348 1.25254416 0
vt 0.581612945 1.50986028 0
vt 0.308185041 1.45973945 0
vt 0.293982267 1.46943712 0
vt -1.05269027 1.42474127 0
vt 0.5988819 1.71566248 0
vt -0.990841031 1.59182096 0
vt 0.455873728 1.42218423 0
vt -0.894904613 1.3983171 0
vt -1.05005169 1.48057353 0
vt -1.08579624 1.5125016 0
vt -1.26825976 1.27817905 0
vt 0.577799916 1.67486906 0
vt 0.431531966 1.52665591 0
vt -1.10586333 1.32646918 0
vt 0.318763912 1.37084913 0
vt -1.15216708 1.54917431 0
vt -1.16120958 1.67104459 0
vt 0.609620392 1.26887476 0
vt -1.01164818 1.41429937 0
vt -1.04894495 1.32126117 0
vt -1.08423173 1.53590941 0
vt -0.97501111 1.33977294 0
vt -1.10302997 1.37900472 0
vt -1.14020371 1.60834241 0
vt -1.21615815 1.43935037 0
vt -1.07630968 1.40013182 0
vt -1.05179405 1.67817783 0
vt 0.550027549 1.52418947 0
vt 0.522982597 1.72204185 0
vt 0.46087271 1.3722477 0
vt 0.32580471 1.36229706 0
vt -0.987657964 1.747118 0
vt -0.97928679 1.54621458 0
vt -1.04976439 1.56599045 0
vt 0.364190936 1.36452818 0
vt 0.357687533 1.52053833 0
vt -0.946145833 1.54539585 0
vt 0.674929321 1.36914444 0
vt -1.14776099 1.74891543 0
vt 0.602478027 1.43022823 0
vt 0.401714563 1.41632748 0
vt -1.2031877 1.57173586 0
vt -1.23170495 1.57933497 0
vt -1.06976533 1.43650103 0
vt 0.427132368 1.33908415 0
vt 0.566604614 1.4700079 0
vt 0.468709707 1.29426634 0
vt -0.945832014 1.3803097 0
vt -1.23307419 1.52960849 0
vt -1.0944916 1.48951864 0
vt 0.405446708 1.75972223 0
vt -1.19169784 1.62400746 0
vt 0.325214744 1.30762219 0
vt 0.369861841 1.38840866 0
vt -1.17735863 1.57816005 0
vt 0.301844865 1.35667825 0
vt -0.971773922 1.51217914 0
vt -1.21886039 1.51607108 0
vt -0.96572119 1.29080617 0
vt 0.346249223 1.52246404 0
vt -0.998981059 1.38421106 0
vt -1.10106647 1.47812343 0
vt -0.986777902 1.69859171 0
vt 0.52329725 1.31712222 0
vt 0.491526663 1.41802883 0
vt 0.637470901 1.37570739 0
vt 0.657506406 1.43843079 0
vt 0.326846957 1.55237889 0
vt 0.6866045 1.48929358 0
vt 0.43870616 1.65822554 0
vt 0.464882791 1.30894017 0
vt 0.301824749 1.34003353 0
vt -1.15248442 1.26474857 0
vt -1.05791509 1.62665987 0
vt -1.10766292 1.38961923 0
vt 0.586029649 1.28036642 0
vt -0.8928141 1.31265271 0
vt -1.11803246 1.66988683 0
vt -0.948506951 1.27594042 0
vt -1.05298913 1.53177595 0
vt 0.48254317 1.63272095 0
vt 0.413237095 1.39456928 0
vt -1.03918743 1.64291787 0
vt 0.656895041 1.31442952 0
vt 0.528848231 1.61503768 0
vt 0.334243238 1.40886796 0
vt 0.685816288 1.38461173 0
vt -1.13722837 1.57198763 0
vt -1.14494908 1.58482146 0
vt 0.538564146 1.61114788 0
vt 0.293569773 1.45461917 0
vt 0.426983953 1.56361866 0
vt 0.312018454 1.4660064 0
vt 0.385575712 1.45130086 0
vt 0.553466618 1.55082726 0
vt -1.18038869 1.60140109 0
vt -1.16280138 1.26790702 0
vt 0.582473814 1.6837492 0
vt 0.521744311 1.59096742 0
vt 0.461297631 1.56105113 0
vt -1.18231392 1.65152383 0
vt -1.01151371 1.62000895 0
vt -1.27210402 1.49044394 0
vt 0.586120486 1.51859713 0
vt -1.01657605 1.48384094 0
vt -1.21465492 1.31296647 0
vt -1.18117011 1.37584949 0
vt 0.638467669 1.41644311 0
vt 0.332000375 1.5432899 0
vt -1.05886197 1.47005057 0
vt -1.14960766 1.43096066 0
vt 0.485504091 1.38126111 0
vt -1.05658686 1.2736423 0
vt 0.303809643 1.3747853 0
vt -0.911809325 1.47022223 0
vt -0.922189772 1.54109621 0
vt 0.611938536 1.55458307 0
vt 0.37950325 1.7330606 0
vt 0.613556087 1.48242855 0
vt -1.16041076 1.47018266 0
vt -1.20651197 1.26732683 0
vt 0.624146879 1.47892618 0
vt -1.15720272 1.54268885 0
vt 0.532423317 1.70741057 0
vt 0.624416173 1.55575848 0
vt 0.411406338 1.68277335 0
vt 0.304778993 1.32702243 0
vt 0.615383267 1.49220586 0
vt -1.22635412 1.40198088 0
vt -1.23800087 1.37747431 0
vt -1.00614452 1.54778743 0
vt -1.18682826 1.33440995 0
vt 0.434086502 1.27971768 0
vt 0.433805943 1.35798025 0
vt -0.997562885 1.2928493 0
vt 0.666821122 1.40440559 0
vt -1.22268534 1.30688047 0
vt -1.15583479 1.27367616 0
vt -1.03013885 1.50064421 0
vt -1.01807976 1.60523391 0
vt -0.978101194 1.74523759 0
vt -1.05166364 1.38698626 0
vt -1.23878026 1.48598206 0
vt 0.388942599 1.43821478 0
vt -0.886962473 1.38377953 0
vt 0.539992988 1.36225319 0
vt 0.326023459 1.33050227 0
vt -1.14160395 1.2644521 0
vt -1.04451573 1.3414377 0
vt -0.970175385 1.69811702 0
vt -1.12682593 1.50171053 0
vt 0.670800388 1.53538275 0
vt -1.11130285 1.58462358 0
vt -1.03848147 1.27383125 0
vt 0.512420654 1.65529466 0
vt -1.105196 1.56879282 0
vt -1.1566838 1.59782529 0
vt -1.12984467 1.59763956 0
vt -1.27527022 1.50741029 0
vt 0.492680848 1.6903379 0
vt -1.25166869 1.44620264 0
vt -1.23750973 1.44265676 0
vt 0.469426215 1.48993409 0
vt 0.54859513 1.36181402 0
vt 0.409594715 1.29411232 0
vt -1.09776998 1.61890507 0
vt -1.14555049 1.52881742 0
vt 0.58176285 1.73066831 0
vt -1.27202511 1.36185479 0
vt 0.395810723 1.75394034 0
vt -1.25637126 1.3680017 0
vt 0.394642234 1.54612303 0
vt -1.01796961 1.36549115 0
vt -1.15694618 1.61341858 0
vt 0.472909153 1.49786448 0
vt 0.414112389 1.52361107 0
vt -1.26121831 1.33225965 0
vt 0.339604259 1.49732828 0
vt -1.1107409 1.40087676 0
vt -1.16699433 1.58076 0
vt 0.463858664 1.72228694 0
vt 0.478550375 1.28284669 0
vt -1.2816577 1.32215309 0
vt -0.947881222 1.42912602 0
vt -0.939938307 1.52146459 0
vt -1.13483572 1.49793553 0
vt -1.03008437 1.69382644 0
vt 0.573911786 1.45404053 0
vt 0.612591088 1.53309774 0
vt 0.591945231 1.40699089 0
vt 0.606017053 1.74834371 0
vt 0.456860721 1.3225944 0
vt -1.24821234 1.27259767 0
vt -1.06843889 1.29768574 0
vt -0.953271687 1.48546052 0
vt 0.686519861 1.35020494 0
vt 0.369515657 1.53784752 0
vt 0.400061846 1.3987813 0
vt 0.526687622 1.52219486 0
vt 0.42838639 1.65001965 0
vt -1.02947593 1.45031404 0
vt -0.996967733 1.32239151 0
vt -1.08354247 1.59402585 0
vt 0.428860366 1.71013498 0
vt -1.15095282 1.44659448 0
vt -1.1203661 1.57307959 0
vt 0.503943801 1.57901907 0
vt 0.472290337 1.69787145 0
vt -1.18689799 1.64189219 0
vt -1.0273664 1.36188006 0
vt 0.56743598 1.42892969 0
vt -0.894079804 1.34862089 0
vt -0.976924717 1.6557045 0
vt 0.49916327 1.59353566 0
vt 0.523650467 1.67595005 0
vt -1.25695491 1.40899301 0
vt -1.25720334 1.28811443 0
vt 0.657919347 1.40627694 0
vt 0.430468619 1.62129712 0
vt -1.07108283 1.49141073 0
vt -1.2580235 1.46709728 0
vt 0.308085442 1.33405304 0
vt 0.495639324 1.40979338 0
vt -1.16772437 1.7200501 0
vt -0.938144505 1.58177066 0
vt -1.17371321 1.25474143 0
vt -1.22519708 1.3257755 0
vt -1.01846099 1.29058731 0
vt -1.16235876 1.46194291 0
vt -1.1132803 1.56557894 0
vt 0.373909473 1.37084174 0
vt -1.12649977 1.30167651 0
vt -1.07414865 1.59214187 0
vt 0.434095144 1.57671833 0
vt 0.409263611 1.45383549 0
vt 0.559403419 1.43077016 0
vt -1.17288017 1.45058012 0
vt 0.444505095 1.49452055 0
vt 0.486009836 1.4742949 0
vt -1.10615933 1.60433555 0
vt 0.543579757 1.43874049 0
vt -0.967621863 1.34603548 0
vt 0.535832047 1.62094808 0
vt 0.370397389 1.39878488 0
vt 0.451109886 1.73798299 0
vt -1.23154402 1.31033516 0
vt -1.25401354 1.33894789 0
vt -1.23310566 1.27783668 0
vt -1.18650508 1.57630587 0
vt -1.11530781 1.4173609 0
vt -1.00871539 1.29146743 0
vt 0.684130371 1.27794945 0
vt 0.402926564 1.51284766 0
vt -1.28296566 1.37142825 0
vt 0.486750484 1.70571208 0
vt -1.09347212 1.50587869 0
vt 0.303556889 1.52914643 0
vt -1.03769672 1.6888988 0
vt -1.16710687 1.38441503 0
vt 0.327486575 1.533113 0
vt 0.488314569 1.37108016 0
vt 0.479788899 1.69952083 0
vt 0.672045171 1.49629927 0
vt 0.438331425 1.39150155 0
vt -1.12227404 1.26433659 0
vt 0.318729997 1.40382743 0
vt -1.16029429 1.55137897 0
vt -1.00032651 1.28356957 0
vt 0.583651066 1.4324435 0
vt 0.564591706 1.73330832 0
vt 0.393149316 1.50255859 0
vt 0.6337533 1.46252537 0
vt 0.512436271 1.59239793 0
vt -1.17222559 1.35246444 0
vt -1.17421746 1.32546651 0
vt -1.24923658 1.39259171 0
vt 0.60804981 1.36395144 0
vt 0.481040537 1.43206179 0
vt -1.15160394 1.3167156 0
vt 0.658915639 1.47272587 0
vt -1.15331197 1.48335671 0
vt -0.934322596 1.30873013 0
vt 0.387169719 1.41863871 0
vt 0.541046917 1.42793775 0
vt -0.926392913 1.52542305 0
vt -0.976957619 1.67287016 0
vt 0.641415 1.54127765 0
vt 0.377837777 1.3923105 0
vt -1.1112802 1.37440717 0
vt 0.36096406 1.30792904 0
vt 0.64559263 1.42093539 0
vt 0.659036219 1.41581368 0
vt -1.04129374 1.34795761 0
vt -1.16629124 1.42612493 0
vt -1.13132524 1.6926744 0
vt 0.305058539 1.43160641 0
vt -0.932875514 1.36658216 0
vt -1.03602004 1.33432257 0
vt -0.941580415 1.26339531 0
vt -1.23966527 1.36158252 0
vt 0.402962267 1.68246555 0
vt -1.20629859 1.49223697 0
vt 0.456045091 1.716676 0
vt 0.375470579 1.55592346 0
vt 0.416725695 1.50532305 0
vt -0.993602157 1.50846863 0
vt 0.554798782 1.63548589 0
vt 0.460843086 1.66374469 0
vt 0.363413274 1.42831588 0
vt 0.635764241 1.45082486 0
vt 0.562132359 1.42087305 0
vt -0.934663892 1.50699961 0
vt 0.675560117 1.28147435 0
vt 0.536746025 1.33574009 0
vt 0.665523112 1.32919943 0
vt -1.08956003 1.35492802 0
vt -1.2710042 1.29516649 0
vt 0.573281944 1.36218619 0
vt -0.90454936 1.50602651 0
vt 0.370153427 1.56428242 0
vt -1.2347002 1.49467206 0
vt 0.589399576 1.26774395 0
vt -1.2070241 1.74395418 0
vt -0.895160735 1.44881582 0
vt 0.494278729 1.68136573 0
vt 0.6535514 1.29217911 0
vt -1.06813145 1.37698722 0
vt -1.24133062 1.57038999 0
vt 0.585395277 1.29349542 0
vt 0.57794255 1.41404259 0
vt -1.17013836 1.54907537 0
vt 0.60694629 1.32890987 0
vt 0.567531288 1.44750869 0
vt 0.392506599 1.51097667 0
vt -0.947107017 1.3902986 0
vt -1.28274059 1.44130802 0
vt -1.09303653 1.53045726 0
vt -0.983320117 1.39235091 0
vt 0.52245903 1.43360901 0
vt -1.1989677 1.59519935 0
vt 0.561218619 1.44464624 0
vt 0.604794979 1.46875632 0
vt 0.576779485 1.38838363 0
vt -1.20608687 1.52294803 0
vt 0.553696632 1.74840951 0
vt 0.517011523 1.37167072 0
vt 0.334259331 1.46997738 0
vt -1.024351 1.47596669 0
vt 0.57439518 1.56617594 0
vt 0.592154205 1.72329617 0
vt -1.25170946 1.41844821 0
vt 0.40986973 1.38630056 0
vt -1.06011569 1.43149662 0
vt -0.952629328 1.40939569 0
vt 0.628246307 1.54919744 0
vt -1.28194618 1.48895037 0
vt -0.884579003 1.47258484 0
vt -1.04914868 1.64688373 0
vt 0.610523164 1.73409462 0
vt -1.22787356 1.369519 0
vt -0.927127659 1.30308795 0
vt -1.12274528 1.60575438 0
vt -1.21056032 1.75234079 0
vt 0.434514225 1.68580031 0
vt -1.14522433 1.4684912 0
vt -1.0099256 1.44118953 0
vt -1.03289223 1.51093304 0
vt -1.08195567 1.44961548 0
vt -1.00183427 1.39391959 0
vt -0.948902309 1.37287498 0
vt -0.978132963 1.70177746 0
vt -1.07142353 1.56276584 0
vt 0.649868548 1.44142818 0
vt -0.994945765 1.56557298 0
vt -1.10816157 1.65532303 0
vt -0.988617778 1.27914882 0
vt 0.381423295 1.47961068 0
vt -0.925202966 1.44215167 0
vt 0.292785078 1.29333735 0
vt 0.590172172 1.56391954 0
vt 0.369576335 1.47106361 0
vt 0.480212808 1.37195289 0
vt -1.18197608 1.35383093 0
vt 0.293077469 1.34191275 0
vt 0.465639174 1.63776326 0
vt 0.450422645 1.61291099 0
vt -0.968988001 1.39584076 0
vt 0.48740828 1.52405953 0
vt -1.16831279 1.33366406 0
vt 0.461165667 1.52456188 0
vt 0.623618782 1.37422895 0
vt -1.27975321 1.29952383 0
vt 0.574129999 1.66569495 0
vt 0.404598594 1.55013204 0
vt -1.11733973 1.46697319 0
vt 0.39125824 1.40280938 0
vt 0.616429031 1.36207497 0
vt 0.580419481 1.35520744 0
vt 0.537246585 1.48117626 0
vt 0.576293528 1.3714205 0
vt -1.28313923 1.41596651 0
vt -1.00793433 1.26470971 0
vt -1.05262578 1.45383811 0
vt -0.923329353 1.32824612 0
vt -1.22962427 1.41885066 0
vt -1.05292583 1.50745225 0
vt -1.08860421 1.57989502 0
vt -1.18108916 1.27315259 0
vt 0.396100104 1.37557793 0
vt -0.933785796 1.43755364 0
vt -1.21313214 1.36915326 0
vt -1.10889924 1.27490699 0
vt 0.501163125 1.36978483 0
vt -0.981847763 1.4026792 0
vt -1.23592305 1.56193376 0
vt -1.03416169 1.54218817 0
vt 0.59457016 1.70607996 0
vt -1.16595292 1.32584679 0
vt 0.548689306 1.71365666 0
vt 0.295066655 1.50272679 0
vt -1.05631614 1.66551185 0
vt -1.04525161 1.31274712 0
vt -0.92318964 1.42318702 0
vt 0.386600256 1.37985003 0
vt -1.16170955 1.34717703 0
vt 0.512524068 1.31796765 0
vt -1.11796331 1.39118004 0
vt -1.26335096 1.42982054 0
vt 0.561154664 1.35259068 0
vt -1.13862753 1.5805614 0
vt 0.451261759 1.34002948 0
vt -1.27673578 1.44754958 0
vt -1.04004943 1.65278196 0
vt -1.16122985 1.31028342 0
vt -0.912748456 1.30490255 0
vt 0.684429705 1.32684755 0
vt -0.901995838 1.52336001 0
vt 0.52876997 1.44298863 0
vt 0.437351942 1.62964797 0
vt -1.02667785 1.59261131 0
vt -1.19802237 1.31573701 0
vt 0.369389057 1.49649537 0
vt 0.497906744 1.44562519 0
vt -0.937774479 1.38651919 0
vt 0.331083596 1.31600547 0
vt -1.07873011 1.32291508 0
vt -0.943518519 1.58414674 0
vt -1.09636641 1.58132434 0
vt 0.678199053 1.4457221 0
vt 0.524999738 1.28743958 0
vt -1.2209661 1.35403776 0
vt 0.392287612 1.31373215 0
vt -1.18493128 1.68026996 0
vt -0.94062829 1.49741507 0
vt -1.1962235 1.53449273 0
vt 0.363338649 1.37421894 0
vt 0.321893752 1.42026937 0
vt -0.894555211 1.33995104 0
vt -1.12413561 1.41414523 0
vt 0.385874987 1.48742783 0
vt -0.973576069 1.63344526 0
vt -0.962520003 1.51315832 0
vt -0.885378897 1.27264595 0
vt 0.539237738 1.34498751 0
vt -1.1123656 1.48707724 0
vt -1.06710482 1.57263899 0
vt -1.06527615 1.60770631 0
vt 0.474292636 1.30326891 0
vt -1.28184891 1.34413624 0
vt 0.300712138 1.43868423 0
vt 0.535309792 1.35323656 0
vt 0.462802291 1.59878087 0
vt 0.549902558 1.43206716 0
vt 0.488484085 1.5597589 0
vt -1.24323988 1.41925502 0
vt -1.18361282 1.52771187 0
vt -1.16947556 1.41592884 0
vt -1.05509055 1.2835772 0
vt -1.21206141 1.54542685 0
vt -1.28346968 1.5360713 0
vt 0.385561407 1.54233313 0
vt -1.10305703 1.54327679 0
vt -1.1154741 1.45888257 0
vt 0.452242851 1.36769235 0
vt 0.608767152 1.28324986 0
vt 0.459399343 1.26957524 0
vt 0.59845984 1.40381896 0
vt 0.44730556 1.63448715 0
vt -1.15042877 1.70472836 0
vt -1.18890631 1.53547215 0
vt 0.667077363 1.45470476 0
vt 0.480925918 1.50051928 0
vt 0.431309819 1.46725202 0
vt 0.497983038 1.67023349 0
vt 0.531676948 1.6059196 0
vt -1.15992332 1.71277189 0
vt 0.422596216 1.62470007 0
vt 0.542135417 1.46497262 0
vt -1.19763875 1.48668456 0
vt 0.628402054 1.40141773 0
vt 0.354640245 1.52995515 0
vt -1.02374458 1.70877385 0
vt 0.392423332 1.57448816 0
vt -0.945333958 1.32241631 0
vt 0.436732531 1.38462031 0
vt 0.371154964 1.36018753 0
vt -1.05005622 1.60704708 0
vt -1.20706892 1.31649256 0
vt -1.2221899 1.39458799 0
vt -1.00946164 1.43173611 0
vt 0.420538664 1.52927995 0
vt 0.406268895 1.69100332 0
vt 0.512184083 1.54295468 0
vt -0.915507734 1.28207159 0
vt 0.535287023 1.31905723 0
vt -0.999708354 1.63223386 0
vt -1.09383738 1.46119189 0
vt 0.404980838 1.70752144 0
vt 0.43869257 1.46351147 0
vt 0.335627258 1.51790118 0
vt -1.08624005 1.29517484 0
vt 0.477957249 1.29325819 0
vt -1.22111249 1.52587962 0
vt -1.1625253 1.76230836 0
vt -1.07830811 1.26261163 0
vt 0.410592914 1.31183279 0
vt -1.11239851 1.26496625 0
vt 0.327529311 1.37383008 0
vt 0.562310696 1.31936908 0
vt 0.459607005 1.51543689 0
vt 0.457627177 1.44840276 0
vt -1.0773716 1.29307723 0
vt 0.373214543 1.73724318 0
vt -1.2488718 1.36071968 0
vt 0.633921802 1.47393417 0
vt -1.04186678 1.56700277 0
vt -1.01186585 1.6601572 0
vt -1.23364949 1.54993439 0
vt 0.626308858 1.33626199 0
vt 0.575797617 1.46205783 0
vt -1.23655343 1.41343725 0
vt -1.06529284 1.55541492 0
vt 0.531439841 1.30260599 0
vt 0.349432707 1.45068026 0
vt 0.435305357 1.55150747 0
vt -1.05156863 1.61788702 0
vt 0.375785828 1.7464695 0
vt -1.21881866 1.29793215 0
vt 0.367695212 1.52074194 0
vt -1.12199807 1.29196608 0
vt -1.12306225 1.53874302 0
vt -1.07566404 1.54048634 0
vt -0.997375846 1.67826796 0
vt -1.26907849 1.50044632 0
vt -0.905194819 1.40853274 0
vt -1.12483323 1.59127402 0
vt 0.587780952 1.30905008 0
vt 0.551295936 1.31332004 0
vt 0.520060658 1.61821127 0
vt -0.933996737 1.57540417 0
vt -0.954146922 1.32312608 0
vt -0.978453696 1.41277659 0
vt 0.519759893 1.63712621 0
vt 0.552467465 1.35247695 0
vt 0.480606794 1.65273261 0
vt -1.10172594 1.29294443 0
vt -1.07623959 1.37956905 0
vt -1.17341375 1.75998521 0
vt 0.587844431 1.69244146 0
vt 0.319708884 1.29085016 0
vt -1.18540573 1.28183818 0
vt -1.0250442 1.39618361 0
vt 0.511295021 1.70974517 0
vt 0.342693865 1.44517112 0
vt -1.10678482 1.6441474 0
vt 0.293640018 1.36271691 0
vt 0.593215048 1.43213463 0
vt 0.559324563 1.71133137 0
vt 0.674871683 1.27082849 0
vt 0.599570394 1.26852906 0
vt 0.29575634 1.47782123 0
vt 0.353653252 1.40261328 0
vt -0.997152328 1.40503263 0
vt 0.409897029 1.36039913 0
vt 0.570246398 1.35354078 0
vt 0.530259967 1.53551626 0
vt -1.14765048 1.64667988 0
vt 0.489762306 1.45409143 0
vt -1.06918144 1.40841341 0
vt 0.305170774 1.55281997 0
vt -0.982837439 1.73709726 0
vt -0.992029428 1.37842107 0
vt -1.14660931 1.66192579 0
vt 0.369514823 1.43585038 0
vt 0.679049551 1.40053308 0
vt 0.301172704 1.3199631 0
vt 0.334253669 1.30219626 0
vt -1.28215885 1.46198905 0
vt 0.456071675 1.72767949 0
vt 0.291835546 1.40804493 0
vt -1.26075101 1.51558185 0
vt -1.20862484 1.56265521 0
vt -0.959649026 1.27120817 0
vt 0.359016538 1.49455428 0
vt -1.04364228 1.39600396 0
vt -0.993900061 1.73905301 0
vt -1.09406447 1.43473959 0
vt -1.00479078 1.75319099 0
vt 0.305374086 1.31204176 0
vt -1.16907287 1.26189351 0
vt -0.891694903 1.5139035 0
vt -0.983247578 1.38211215 0
vt 0.510354459 1.64590836 0
vt 0.686775863 1.53639793 0
vt 0.536832631 1.39088976 0
vt -1.17920721 1.46543574 0
vt -1.15042281 1.34326243 0
vt 0.501616716 1.49555099 0
vt 0.348933816 1.55900264 0
vt -1.07034242 1.34664702 0
vt -1.03738737 1.26535344 0
vt -0.997202098 1.48881638 0
vt 0.494361222 1.29497862 0
vt 0.612359345 1.54325104 0
vt 0.675219059 1.33090615 0
vt -1.21251678 1.39800549 0
vt 0.340917349 1.35551596 0
vt -1.27196574 1.54711533 0
vt 0.343721807 1.32804823 0
vt -1.07843709 1.30186737 0
vt -0.981711626 1.31833851 0
vt -1.03990459 1.57574105 0
vt 0.42032665 1.56784034 0
vt -0.947377682 1.31642151 0
vt -0.93852663 1.46385348 0
vt 0.520286739 1.3260684 0
vt 0.551349103 1.28986776 0
vt -0.979346514 1.47565472 0
vt -1.19119 1.6006906 0
vt -0.991088986 1.44691014 0
vt 0.643132567 1.50540876 0
vt -1.20100117 1.46603227 0
vt 0.586064517 1.38347554 0
vt -1.04792142 1.59851861 0
vt -0.884827971 1.42573476 0
vt -1.24968886 1.31061029 0
vt 0.618852079 1.41824603 0
vt 0.44653517 1.71946383 0
vt -1.06191564 1.2895968 0
vt -0.945281982 1.48978841 0
vt -1.19886541 1.75377345 0
vt -0.889972985 1.43320668 0
vt -1.17817712 1.36178839 0
vt 0.381648958 1.33750033 0
vt 0.500577509 1.4751687 0
vt 0.615165412 1.51723647 0
vt -1.15151072 1.39432991 0
vt -1.27435255 1.45618916 0
vt 0.321290135 1.49757671 0
vt 0.408621132 1.4783206 0
vt 0.507419229 1.51979423 0
vt 0.599781036 1.52677608 0
vt 0.527253866 1.39409637 0
vt -1.15722513 1.65020871 0
vt -0.994551301 1.70454001 0
vt 0.483864486 1.58566713 0
vt -1.24100041 1.27915192 0
vt 0.440208316 1.29254985 0
vt 0.486244142 1.6121738 0
vt -1.08016467 1.57850862 0
vt -1.13003576 1.31181931 0
vt 0.425565779 1.66753364 0
vt -1.15483177 1.30143559 0
vt -0.994774818 1.35773969 0
vt 0.546182692 1.58405352 0
vt 0.435425818 1.56719542 0
vt -0.977741957 1.27450931 0
vt -1.11999631 1.48604703 0
vt 0.377954841 1.53576398 0
vt -1.08180022 1.37181711 0
vt -0.918690622 1.37736559 0
vt 0.334896207 1.39993846 0
vt 0.631525993 1.31472981 0
vt 0.29335615 1.39911819 0
vt 0.449206948 1.59406376 0
vt -0.959548771 1.46436942 0
vt -0.93869853 1.35708976 0
vt 0.530301034 1.42667472 0
vt -1.28398228 1.47878623 0
vt 0.418477952 1.35609758 0
vt -0.903840184 1.39020765 0
vt -1.28014612 1.38066745 0
vt 0.688016713 1.50969529 0
vt -1.18815994 1.35054326 0
vt -1.22862267 1.36084723 0
vt -1.11117935 1.51162136 0
vt -1.19352555 1.70039153 0
vt -1.18500972 1.63563204 0
vt 0.684982955 1.31255269 0
vt -1.09749675 1.2840414 0
vt -1.17806482 1.54588628 0
vt -1.02106321 1.73016953 0
vt -1.09307432 1.31196213 0
vt -1.13595903 1.71566224 0
vt 0.449320734 1.31457353 0
vt 0.686659813 1.37494946 0
vt -1.15683961 1.38498008 0
vt -0.992731631 1.62457466 0
vt -1.13142109 1.33242011 0
vt 0.486249387 1.68392682 0
vt -1.25324368 1.52048302 0
vt -0.993654311 1.55793929 0
vt 0.512964129 1.63874555 0
vt -0.948612452 1.52565551 0
vt -0.894198239 1.38974118 0
vt -0.903475702 1.44687819 0
vt 0.526171684 1.41650009 0
vt 0.623531044 1.48877358 0
vt -0.918713331 1.3470813 0
vt -1.25695801 1.35659909 0
vt -0.905212462 1.25457263 0
vt 0.311446369 1.31982207 0
vt 0.66274488 1.39038777 0
vt -0.908497572 1.46316481 0
vt 0.662492514 1.38158274 0
vt 0.612674952 1.4632895 0
vt -0.970052004 1.75548697 0
vt -1.1130569 1.36459434 0
vt 0.510405779 1.69172382 0
vt -1.20507455 1.42636156 0
vt -1.13551068 1.47060978 0
vt -1.08129978 1.46751928 0
vt -1.06533492 1.59377456 0
vt -0.987647474 1.27005887 0
vt 0.61478591 1.29632854 0
vt 0.325697422 1.4111625 0
vt 0.463403165 1.36556673 0
vt 0.41252929 1.7118454 0
vt 0.60316813 1.46029651 0
vt 0.43117702 1.42601633 0
vt 0.472938776 1.44940329 0
vt -0.945563018 1.33887696 0
vt 0.655153632 1.37746239 0
vt -0.95591259 1.55163503 0
vt -1.11709142 1.27239537 0
vt -1.11034632 1.66605377 0
vt 0.491980553 1.34587455 0
vt -0.884304583 1.48735249 0
vt -0.947890639 1.57009721 0
vt 0.550861359 1.46563768 0
vt -1.08899903 1.4965899 0
vt -1.06047237 1.33265662 0
vt -1.12272882 1.3358922 0
vt 0.538513303 1.71565938 0
vt 0.357491612 1.44627118 0
vt -1.01942647 1.56459618 0
vt 0.578144312 1.43946075 0
vt 0.684030831 1.33653533 0
vt 0.484945893 1.66808128 0
vt -0.899094403 1.51410472 0
vt -1.12577939 1.38596463 0
vt 0.333370686 1.44834781 0
vt 0.542587876 1.51745105 0
vt 0.470509887 1.70743036 0
vt 0.384963989 1.56984353 0
vt -1.1506362 1.60649347 0
vt 0.66260457 1.39793682 0
vt -0.969835997 1.25574481 0
vt -1.00085258 1.73015428 0
vt -1.06051433 1.35206151 0
vt -1.21955037 1.31935596 0
vt -1.18634796 1.71940875 0
vt -1.25115252 1.50062513 0
vt 0.483741403 1.44075549 0
vt 0.593903124 1.31701434 0
vt -0.932436109 1.493101 0
vt -1.21540666 1.5056659 0
vt -1.11351264 1.33921051 0
vt -1.2628758 1.36229682 0
vt -1.1168828 1.25573385 0
vt -1.2060616 1.38297617 0
vt 0.364824355 1.47992027 0
vt -1.13839746 1.64539552 0
vt -0.916524231 1.44504333 0
vt -1.16222596 1.64317155 0
vt 0.348562241 1.42659748 0
vt -1.18042088 1.5372045 0
vt -1.25573373 1.39858508 0
vt -1.13471091 1.30389667 0
vt 0.500935197 1.43630886 0
vt 0.67380935 1.29212618 0
vt -0.998756766 1.45278502 0
vt -1.0395093 1.37217259 0
vt -0.923237264 1.40396142 0
vt -1.11683226 1.53192043 0
vt 0.579541862 1.32132351 0
vt 0.447915852 1.4034158 0
vt -1.04853833 1.49960828 0
vt 0.326894939 1.42797887 0
vt 0.510537028 1.26758528 0
vt -1.20516777 1.30701482 0
vt 0.413413346 1.66003275 0
vt 0.572051406 1.50822639 0
vt -0.93145448 1.35199642 0
vt 0.317770958 1.28095579 0
vt -1.09488392 1.39590812 0
vt 0.558095217 1.64945793 0
vt -1.10163975 1.51298928 0
vt 0.357065797 1.35871196 0
vt -1.02166867 1.38745022 0
vt -0.976504862 1.58255529 0
vt -0.915403306 1.41885591 0
vt -1.19574022 1.30751419 0
vt -1.11181879 1.38317966 0
vt -1.19499075 1.74690032 0
vt -1.15838802 1.29303575 0
vt -1.05205023 1.47269154 0
vt 0.652651608 1.46473384 0
vt -1.07952738 1.45893502 0
vt 0.51244688 1.39841938 0
vt -0.934628546 1.29774976 0
vt 0.39494729 1.74505734 0
vt -1.22922277 1.50065279 0
vt 0.488258958 1.64064932 0
vt -1.22004747 1.56036806 0
vt -1.04269719 1.61180019 0
vt -1.03728831 1.63107395 0
vt -1.16583955 1.69260859 0
vt -0.913661897 1.36136317 0
vt -1.22173142 1.46285319 0
vt -1.1973393 1.50772154 0
vt -1.14094496 1.41638088 0
vt 0.4699229 1.43429136 0
vt 0.457979321 1.41357422 0
vt 0.394535244 1.36815619 0
vt 0.547419131 1.50069451 0
vt 0.395481586 1.33052862 0
vt -0.984104693 1.51949382 0
vt -1.12549448 1.27417171 0
vt 0.561703265 1.3270905 0
vt -1.06744266 1.51092362 0
vt -1.03706765 1.36311066 0
vt 0.558283985 1.56017566 0
vt 0.654890358 1.55131483 0
vt 0.350068569 1.3545084 0
vt 0.300200909 1.40600038 0
vt -1.09265685 1.40554512 0
vt 0.627509117 1.43191624 0
vt 0.583051264 1.36482036 0
vt -1.03709126 1.61666703 0
vt -1.2722435 1.47455275 0
vt -1.12478495 1.44337094 0
vt -0.928673148 1.33481658 0
vt -0.964208484 1.53315258 0
vt 0.474249363 1.48318148 0
vt -1.00528729 1.59147501 0
vt -0.923311949 1.50759542 0
vt -1.13378048 1.70109749 0
vt -1.14497924 1.5020225 0
vt 0.621108413 1.26972651 0
vt 0.589735746 1.28749835 0
vt 0.678753018 1.523175 0
vt 0.404939651 1.52166915 0
vt -0.898881257 1.26266098 0
vt -1.16082847 1.53093743 0
vt 0.399991035 1.38480973 0
vt -1.16953802 1.51659346 0
vt -0.990432441 1.63421631 0
vt -1.18121409 1.61162162 0
vt 0.62291187 1.34955466 0
vt -0.921442747 1.56531763 0
vt 0.534413159 1.48854482 0
vt 0.562783062 1.64070582 0
vt 0.492306232 1.4701755 0
vt -1.09833443 1.37082386 0
vt 0.543028295 1.72463322 0
vt 0.484045148 1.46287227 0
vt -1.01683211 1.67182922 0
vt -1.10876703 1.53649926 0
vt -1.05570936 1.36690044 0
vt -0.891910851 1.4235357 0
vt -0.909529507 1.39720058 0
vt -1.15433252 1.52727866 0
vt -1.03815484 1.58406496 0
vt -0.909282029 1.26304126 0
vt -0.925473809 1.31784678 0
vt 0.44276011 1.26885402 0
vt 0.501277745 1.70677137 0
vt 0.571062684 1.32480729 0
vt 0.554372311 1.70357847 0
vt -1.14082646 1.46122551 0
vt 0.484195232 1.53306675 0
vt 0.332173645 1.41950488 0
vt -1.03936982 1.69978428 0
vt 0.654030442 1.39559233 0
vt -1.20649052 1.34422135 0
vt -1.09386218 1.37834144 0
vt -1.16000235 1.60600662 0
vt 0.463501871 1.68392682 0
vt -1.17837572 1.26402736 0
vt 0.438819706 1.3165077 0
vt -1.20168543 1.33245635 0
vt -1.02362108 1.35255098 0
vt -0.918672919 1.43543398 0
vt -1.23308611 1.34103787 0
vt 0.308944225 1.493469 0
vt -1.24058414 1.5464735 0
vt -1.08255672 1.27266145 0
vt -0.897520542 1.29354167 0
vt -0.92634213 1.4320209 0
vt 0.359027028 1.45533037 0
vt 0.480989218 1.45156169 0
vt 0.5784657 1.31252837 0
vt 0.679742396 1.46002126 0
vt 0.357577562 1.41240704 0
vt -0.971146762 1.44910145 0
vt -1.21278548 1.29123855 0
vt 0.554316223 1.32195961 0
vt -0.945883751 1.45930433 0
vt -0.98916322 1.48768783 0
vt -0.996787488 1.69445229 0
vt -1.19907761 1.60504293 0
vt -0.925936282 1.45862806 0
vt 0.514365852 1.4745903 0
vt -1.07371128 1.2689693 0
vt -1.0035615 1.73980784 0
vt -0.972580135 1.57420897 0
vt 0.514031053 1.42655826 0
vt 0.670748234 1.38541532 0
vt -1.18519282 1.58531618 0
vt 0.523707747 1.52991772 0
vt 0.399588764 1.36160278 0
vt 0.60941273 1.52484012 0
vt -1.23137927 1.25588202 0
vt 0.425405979 1.68554497 0
vt 0.366917312 1.74363732 0
vt -1.06921864 1.35398006 0
vt 0.632639587 1.35252285 0
vt -1.22181153 1.43390918 0
vt 0.580814064 1.5409236 0
vt -1.00234318 1.4121269 0
vt 0.500720322 1.35081005 0
vt 0.554892778 1.44884229 0
vt -1.14042068 1.74365664 0
vt -0.913975298 1.31577706 0
vt 0.526801765 1.62452698 0
vt 0.37283498 1.42612767 0
vt -1.05374956 1.52241015 0
vt 0.410034657 1.48845351 0
vt -0.98847121 1.606776 0
vt 0.345993519 1.39490616 0
vt -1.17516911 1.67983413 0
vt 0.50012666 1.51477659 0
vt -1.17633677 1.7349987 0
vt -1.13711798 1.28470957 0
vt 0.410835922 1.35051298 0
vt 0.309357166 1.40557265 0
vt 0.631310105 1.27252436 0
vt 0.441040158 1.70052576 0
vt -1.18552923 1.74783468 0
vt -1.25775528 1.37866378 0
vt 0.571204126 1.65565705 0
vt 0.478301287 1.60489178 0
vt -1.23677826 1.36836267 0
vt 0.505483568 1.41102493 0
vt -1.017308 1.40409017 0
vt 0.445054054 1.33294773 0
vt -0.930448115 1.46739399 0
vt -1.05250371 1.25406229 0
vt 0.545785487 1.57400584 0
vt -0.924861848 1.2941885 0
vt -0.942628264 1.30059469 0
vt -1.14574325 1.61528182 0
vt -1.18945098 1.27360141 0
vt 0.647083104 1.548774 0
vt -0.970350921 1.74693584 0
vt 0.686558127 1.44301689 0
vt -1.0983572 1.56260061 0
vt 0.518918633 1.40789223 0
vt 0.481626689 1.33333969 0
vt -0.974052429 1.29812157 0
vt 0.507198691 1.44219589 0
vt 0.670614362 1.39631629 0
vt -1.20383668 1.41589308 0
vt -0.968694329 1.30776894 0
vt 0.579214275 1.57152486 0
vt -1.07556415 1.57162905 0
vt -0.978010714 1.53530502 0
vt 0.559427679 1.40666628 0
vt -1.10149205 1.40456843 0
vt -1.19685388 1.72199798 0
vt -0.930994868 1.40668464 0
vt -1.18916893 1.42596102 0
vt 0.526317596 1.37209892 0
vt -1.01743555 1.30032849 0
vt 0.518848777 1.62765026 0
vt 0.292689621 1.38425314 0
vt -1.01430607 1.57990718 0
vt -0.973190784 1.3171314 0
vt 0.423587084 1.71775889 0
vt -1.25158525 1.29350495 0
vt -1.20696712 1.39175749 0
vt 0.582442582 1.56385231 0
vt -1.1903398 1.64892459 0
vt 0.331754744 1.3530947 0
vt 0.467754245 1.50422037 0
vt 0.582297742 1.7215004 0
vt -1.00827646 1.33210874 0
vt -1.0990057 1.49719715 0
vt 0.442267597 1.59836006 0
vt -1.04427719 1.52417898 0
vt 0.592860341 1.73366308 0
vt 0.573723674 1.5348227 0
vt -1.11593962 1.64005327 0
vt -1.13383365 1.44397867 0
vt 0.546958268 1.27433074 0
vt 0.419362068 1.49048328 0
vt -1.05591488 1.26381588 0
vt -1.10111618 1.53331804 0
vt 0.653273106 1.38613224 0
vt -1.04358208 1.68110108 0
vt -0.96159637 1.36160076 0
vt 0.363815069 1.52919793 0
vt -1.13521409 1.37292206 0
vt 0.477084935 1.57734394 0
vt -0.985019624 1.35972774 0
vt -1.1690892 1.64074731 0
vt 0.651135206 1.50086272 0
vt 0.654348016 1.30353546 0
vt 0.489997506 1.59364533 0
vt 0.636938334 1.33804238 0
vt -1.09300196 1.32193923 0
vt -1.2006824 1.44315481 0
vt -1.13153076 1.54768133 0
vt 0.388069153 1.42914677 0
vt 0.376711845 1.2933445 0
vt -0.932271183 1.391397 0
vt 0.6198259 1.44602776 0
vt 0.505063653 1.5501945 0
vt 0.519159853 1.66228127 0
vt -1.12957263 1.5765028 0
vt -1.25788188 1.31536138 0
vt 0.530525506 1.26891708 0
vt 0.491306186 1.4362973 0
vt 0.629525483 1.44299757 0
vt -0.956613064 1.27990663 0
vt -1.27900338 1.31148219 0
vt 0.498771191 1.45557249 0
vt -0.949534416 1.28669834 0
vt 0.508530438 1.42003202 0
vt 0.365944147 1.44643331 0
vt -0.938464344 1.39793134 0
vt 0.531512856 1.73063231 0
vt -1.15598226 1.45404911 0
vt 0.454244792 1.49598408 0
vt 0.545719504 1.68583751 0
vt -1.02703381 1.4840486 0
vt -1.10969043 1.44489241 0
vt 0.370693922 1.37930024 0
vt -1.08692074 1.45815134 0
vt -0.990238011 1.76065683 0
vt 0.361392379 1.56285405 0
vt 0.520212531 1.26879752 0
vt 0.529274821 1.71635246 0
vt 0.608803809 1.50958538 0
vt 0.502977073 1.29050136 0
vt 0.610684037 1.45573032 0
vt -0.895073116 1.40779853 0
vt -1.24991298 1.5305953 0
vt -1.05758417 1.57159472 0
vt 0.466951311 1.35907745 0
vt 0.545855701 1.59339142 0
vt 0.345765471 1.38403726 0
vt -1.1303221 1.43621516 0
vt 0.40034312 1.5053519 0
vt -1.14142013 1.32892752 0
vt 0.291890085 1.31801653 0
vt 0.354582787 1.46599245 0
vt 0.467784882 1.38475454 0
vt 0.405391991 1.27015138 0
vt -1.15513277 1.75558233 0
vt 0.551694214 1.56664658 0
vt 0.4292593 1.39184093 0
vt 0.338894427 1.39397025 0
vt 0.523836911 1.45829201 0
vt -1.07038331 1.6152482 0
vt 0.399734974 1.49035704 0
vt -1.27443314 1.38749409 0
vt -1.03662574 1.2977612 0
vt 0.536665857 1.64435148 0
vt 0.618822932 1.50815332 0
vt -1.13143826 1.72304201 0
vt -0.962515891 1.59967303 0
vt 0.55914855 1.30563009 0
vt -1.07603443 1.47452617 0
vt 0.663253546 1.26871824 0
vt 0.475681186 1.4416647 0
vt -1.10418987 1.3618207 0
vt 0.540256858 1.26851177 0
vt 0.460667133 1.57100105 0
vt 0.553613126 1.33363581 0
vt 0.397221267 1.69398284 0
vt 0.466464758 1.51116514 0
vt -1.18363976 1.49741316 0
vt -1.02030265 1.69731832 0
vt 0.436522186 1.64876628 0
vt 0.563595116 1.36213148 0
vt -1.04617476 1.29860091 0
vt 0.524977744 1.49936795 0
vt -1.06876969 1.52159214 0
vt -1.20533967 1.73392797 0
vt -1.154037 1.6393497 0
vt 0.588201046 1.34941101 0
vt 0.315569699 1.54105067 0
vt -1.10031104 1.55344391 0
vt 0.569429159 1.70990133 0
vt 0.557380438 1.34392595 0
vt -0.983007908 1.68078566 0
vt 0.429391444 1.40859449 0
vt -1.03449154 1.66622663 0
vt -1.02766728 1.49278474 0
vt -1.0649538 1.2531116 0
vt 0.643704653 1.45821786 0
vt -1.11493421 1.34805775 0
vt -1.00617504 1.48533666 0
vt 0.444076777 1.67271614 0
vt -0.994438946 1.57440066 0
vt 0.651978254 1.5388546 0
vt -1.03581071 1.45761132 0
vt 0.383652449 1.74187851 0
vt -0.958787501 1.3523221 0
vt -1.13197279 1.38046825 0
vt 0.582753062 1.48767638 0
vt 0.435224116 1.48405635 0
vt -1.02397501 1.63920307 0
vt -1.05342352 1.35818136 0
vt 0.480502307 1.39734066 0
vt -1.12030911 1.56288433 0
vt -1.13692856 1.48002625 0
vt -1.18805933 1.51044607 0
vt 0.538355887 1.59049916 0
vt -1.17035961 1.47122145 0
vt 0.677822471 1.35271049 0
vt 0.667108834 1.3536365 0
vt 0.687551796 1.43280363 0
vt 0.40000838 1.46034491 0
vt 0.342147589 1.48813248 0
vt -1.09817052 1.60223317 0
vt 0.644804657 1.53252316 0
vt -1.00911999 1.46682858 0
vt 0.470795453 1.39845097 0
vt 0.396735609 1.26965463 0
vt -0.996263385 1.47981834 0
vt -1.03291011 1.44012713 0
vt 0.533245981 1.65334487 0
vt -1.15090787 1.36158442 0
vt -1.19341481 1.63322258 0
vt 0.492596328 1.53110862 0
vt -1.0784986 1.43995261 0
vt -1.04101431 1.55057645 0
vt 0.609499872 1.39342332 0
vt -1.13186932 1.26471949 0
vt 0.501967907 1.54256678 0
vt -1.0838356 1.25462079 0
vt -1.17067647 1.57172275 0
vt 0.342915118 1.40269518 0
vt 0.527778625 1.35489142 0
vt -1.09690237 1.34780979 0
vt 0.687572479 1.46247923 0
vt -0.886507332 1.40428948 0
vt 0.571562886 1.39594626 0
vt -1.2155602 1.5720489 0
vt -0.955030084 1.31340551 0
vt 0.587831616 1.47198772 0
vt -1.127702 1.25548077 0
vt 0.518035054 1.34432721 0
vt -1.2258966 1.53367615 0
vt 0.495225549 1.61001301 0
vt -1.09388757 1.48079407 0
vt 0.492294431 1.46147239 0
vt 0.614394188 1.27751482 0
vt 0.441394985 1.4548893 0
vt -1.17026639 1.39781165 0
vt -1.0201726 1.67897129 0
vt 0.530408144 1.54359317 0
vt -0.971140742 1.55923915 0
vt -1.12772048 1.3684814 0
vt 0.514855206 1.53260374 0
vt 0.475670099 1.50870442 0
vt -1.12365746 1.61542988 0
vt -1.14013219 1.33871102 0
vt -1.04574442 1.33480477 0
vt -1.22453356 1.45266366 0
vt 0.345557392 1.34675145 0
vt -1.17600894 1.59348702 0
vt -1.08898091 1.46747255 0
vt 0.459308088 1.53211617 0
vt 0.377390504 1.26859426 0
vt -1.03449893 1.57010341 0
vt 0.569004118 1.30816412 0
vt 0.500335038 1.41830754 0
vt -1.2064538 1.36582971 0
vt -1.25799918 1.27878654 0
vt 0.346894801 1.33750927 0
vt -1.26462793 1.38627362 0
vt 0.507127225 1.50943542 0
vt 0.637559474 1.38570213 0
vt -1.2020092 1.28752065 0
vt 0.459702194 1.43804944 0
vt 0.502093375 1.29917192 0
vt -1.19196177 1.56857586 0
vt 0.567138255 1.41236711 0
vt -1.06674516 1.58716273 0
vt -1.01672721 1.50737286 0
vt 0.53555119 1.42001009 0
vt -1.18501687 1.36802435 0
vt 0.488657832 1.42692232 0
vt -1.0381521 1.28846645 0
vt -0.999590516 1.33084178 0
vt -1.20672584 1.29763269 0
vt 0.551490247 1.47450209 0
vt 0.443681896 1.52775693 0
vt 0.655709088 1.3342855 0
vt 0.439919055 1.7108624 0
vt -0.977446377 1.2582382 0
vt 0.533259511 1.72267485 0
vt -1.15928268 1.41822362 0
vt 0.599200606 1.51092768 0
vt 0.527780414 1.65968132 0
vt -1.07459617 1.2543602 0
vt 0.471841395 1.33690262 0
vt -1.15327561 1.69579864 0
vt 0.602755666 1.55310583 0
vt -1.22433996 1.38629842 0
vt -0.9696877 1.3252039 0
vt 0.656972945 1.35171652 0
vt -1.02674234 1.56024432 0
vt -1.11823702 1.63026214 0
vt -1.22704363 1.33493745 0
vt -1.2016983 1.35135376 0
vt -1.04745424 1.268484 0
vt -1.05037153 1.40364146 0
vt 0.533533752 1.67414689 0
vt -1.06857729 1.48275161 0
vt 0.393180728 1.70846295 0
vt -1.23845553 1.53741765 0
vt -1.02252746 1.45658958 0
vt -1.06647432 1.45960629 0
vt -1.13224912 1.51887822 0
vt -1.22293258 1.29089844 0
vt 0.524437487 1.27757406 0
vt 0.375846148 1.48842764 0
vt 0.579707861 1.70816731 0
vt 0.460625768 1.62536025 0
vt -0.893045962 1.45934987 0
vt -0.950610876 1.26688099 0
vt -1.01057589 1.50181031 0
vt -1.14637733 1.45356274 0
vt 0.357530117 1.42207968 0
vt -1.0062077 1.27418661 0
vt 0.341788352 1.36696935 0
vt 0.410754204 1.54249167 0
vt 0.381033063 1.42519093 0
vt 0.430824995 1.65914464 0
vt 0.323694587 1.45062733 0
vt 0.594484985 1.50220692 0
vt -1.1027739 1.39541912 0
vt -0.951081336 1.34474492 0
vt -1.06092989 1.25820816 0
vt 0.330659866 1.28913713 0
vt 0.467054486 1.54803967 0
vt 0.642695248 1.46809173 0
vt -1.20788598 1.47319663 0
vt -1.08713484 1.26323581 0
vt -0.985271573 1.68937302 0
vt 0.554618478 1.43904781 0
vt -1.0459702 1.58261847 0
vt 0.672240794 1.34634376 0
vt 0.419919491 1.3898859 0
vt 0.580267847 1.39776123 0
vt 0.467921972 1.34354782 0
vt -1.21298671 1.49675798 0
vt 0.593787849 1.2751472 0
vt 0.602246106 1.45024014 0
vt -1.16548061 1.54424787 0
vt 0.539355576 1.73618531 0
vt 0.647856236 1.35127914 0
vt -1.24363232 1.30546188 0
vt -1.05727017 1.29816294 0
vt -1.00441432 1.70193601 0
vt -1.0213927 1.71850276 0
vt -1.14635873 1.5558219 0
vt 0.581515551 1.34442377 0
vt 0.478848517 1.66151953 0
vt 0.441678286 1.28477585 0
vt 0.631650984 1.37047267 0
vt -0.929344535 1.48486853 0
vt -0.979294479 1.60038161 0
vt -1.20910192 1.44866705 0
vt -1.14983463 1.40432131 0
vt 0.543039858 1.64826107 0
vt 0.541094124 1.53807259 0
vt 0.31325841 1.48243511 0
vt -1.10673499 1.28403807 0
vt 0.612517357 1.41147077 0
vt 0.319353998 1.52356958 0
vt 0.424216568 1.27981925 0
vt -0.936043024 1.47572136 0
vt 0.552779615 1.75848508 0
vt -1.01994014 1.75004244 0
vt -0.960178494 1.25312638 0
vt 0.63282001 1.33089304 0
vt 0.537441254 1.57149696 0
vt 0.500442922 1.31492901 0
vt -1.14126348 1.3481698 0
vt -0.921476424 1.46852803 0
vt 0.415521979 1.30404007 0
vt -1.01945496 1.62431812 0
vt -1.0226388 1.74222016 0
vt 0.311090648 1.28791809 0
vt -0.981919885 1.62779355 0
vt -1.09656703 1.62562823 0
vt 0.33736968 1.30942988 0
vt -1.28463578 1.49899602 0
vt 0.580222726 1.52645969 0
vt -1.24585271 1.5044024 0
vt 0.395940781 1.72677159 0
vt 0.54423207 1.32086229 0
vt 0.385610223 1.39565301 0
vt -1.15486503 1.55930209 0
vt 0.57790029 1.28710723 0
vt -1.19471121 1.35386527 0
vt -1.17690802 1.43873549 0
vt -0.946916878 1.30728483 0
vt -1.12897325 1.36025918 0
vt 0.386106193 1.26945627 0
vt -1.02498734 1.43290186 0
vt -1.13446403 1.40190065 0
vt -0.90629226 1.32321024 0
vt 0.394695044 1.2861774 0
vt -1.22743154 1.44058084 0
vt 0.413160264 1.26798797 0
vt -1.04035902 1.25179482 0
vt 0.511758387 1.39046574 0
vt 0.471704423 1.68683743 0
vt -1.10781693 1.45449877 0
vt -1.15753782 1.59049559 0
vt -1.18643236 1.61859846 0
vt 0.686617076 1.52500844 0
vt -1.25553393 1.49592805 0
vt 0.641709685 1.39936113 0
vt -1.18666577 1.70243716 0
vt 0.61961174 1.54910064 0
vt -1.14058638 1.65489697 0
vt 0.297040433 1.33372998 0
vt 0.658688605 1.5444324 0
vt -1.18843102 1.67251801 0
vt 0.574230313 1.28001165 0
vt 0.63882947 1.27941203 0
vt 0.614101231 1.74252248 0
vt 0.559591949 1.28720522 0
vt 0.356181026 1.27199304 0
vt 0.653205693 1.26741886 0
vt 0.500375688 1.68990088 0
vt -1.22991443 1.2987715 0
vt 0.515803218 1.70166039 0
vt 0.662265062 1.49869978 0
vt -1.23662901 1.30487692 0
vt -0.969267309 1.41611505 0
vt -1.15857077 1.72282124 0
vt 0.612699628 1.34252214 0
vt 0.389188766 1.29546845 0
vt -0.886819363 1.52978659 0
vt -1.17299843 1.43301392 0
vt 0.430845916 1.3090831 0
vt -1.03007793 1.58700252 0
vt -0.927412152 1.38435459 0
vt -1.16948116 1.66385031 0
vt 0.653207302 1.3424598 0
vt 0.594142258 1.44475198 0
vt 0.586422324 1.50371838 0
vt 0.466678858 1.26684201 0
vt 0.534261525 1.43586254 0
vt 0.59413743 1.38880658 0
vt -1.26250362 1.32243228 0
vt -0.921356916 1.36652708 0
vt 0.678496003 1.54392886 0
vt 0.54425621 1.75157046 0
vt -1.00335193 1.56484771 0
vt 0.643601 1.52266717 0
vt 0.430078208 1.6395731 0
vt -1.10059047 1.31896937 0
vt -0.948819458 1.39987063 0
vt 0.682634056 1.42683363 0
vt -0.883443713 1.29674745 0
vt -0.998112798 1.46831524 0
vt 0.360907495 1.39821553 0
vt -1.11768615 1.68007708 0
vt 0.534496844 1.45131516 0
vt -0.883888543 1.43863225 0
vt -0.971154213 1.70934963 0
vt 0.535445869 1.49804807 0
g panel0
usemtl dragon
f 2168/2168 7/7 157/157
f 159/159 158/158 451/451
f 2168/2168 451/451 158/158
f 380/380 2711/2711 987/987
f 3883/3883 504/504 1077/1077
f 380/380 161/161 160/160
f 504/504 156/156 1077/1077
f 3189/3189 161/161 380/380
f 2412/2412 2266/2266 154/154
f 379/379 2423/2423 859/859
f 524/524 167/167 1088/1088
f 744/744 989/989 524/524
f 3831/3831 3089/3089 454/454
f 650/650 550/550 825/825
f 3089/3089 150/150 990/990
f 2754/2754 991/991 30/30
f 2428/2428 34/34 384/384
f 830/830 3255/3255 1093/1093
f 525/525 3852/3852 1122/1122
f 606/606 3146/3146 899/899
f 36/36 35/35 992/992
f 2428/2428 992/992 35/35
f 3569/3569 2247/2247 355/355
f 3272/3272 149/149 148/148
f 3635/3635 705/705 993/993
f 994/994 3841/3841 441/441
f 699/699 2864/2864 1146/1146
f 599/599 2472/2472 745/745
f 490/490 2270/2270 1014/1014
f 906/906 598/598 766/766
f 3111/3111 996/996 541/541
f 2141/2141 44/44 43/43
f 605/605 997/997 1099/1099
f 3938/3938 71/71 70/70
f 2141/2141 490/490 4127/4127
f 66/66 998/998 67/67
f 3091/3091 464/464 4052/4052
f 66/66 660/660 998/998
f 409/409 860/860 1119/1119
f 3308/3308 661/661 767/767
f 3475/3475 62/62 999/999
f 3629/3629 48/48 47/47
f 2422/2422 3475/3475 999/999
f 3527/3527 1000/1000 768/768
f 622/622 3865/3865 769/769
f 2965/2965 768/768 3912/3912
f 50/50 4132/4132 51/51
f 3468/3468 687/687 1002/1002
f 1003/1003 57/57 56/56
f 1026/1026 861/861 56/56
f 861/861 1003/1003 56/56
f 3021/3021 2567/2567 3348/3348
f 3021/3021 55/55 54/54
f 54/54 1/1 2567/2567
f 392/392 863/863 86/86
f 430/430 3938/3938 70/70
f 467/467 863/863 1035/1035
f 2886/2886 85/85 84/84
f 3309/3309 603/603 1005/1005
f 2334/2334 83/83 82/82
f 3462/3462 469/469 75/75
f 74/74 3462/3462 75/75
f 362/362 4125/4125 80/80
f 80/80 79/79 362/362
f 2444/2444 4156/4156 78/78
f 2444/2444 78/78 2/2
f 912/912 147/147 1196/1196
f 2501/2501 619/619 1006/1006
f 3012/3012 866/866 1192/1192
f 2602/2602 145/145 867/867
f 688/688 2501/2501 1006/1006
f 869/869 2721/2721 3266/3266
f 3031/3031 2296/2296 3024/3024
f 3162/3162 3731/3731 474/474
f 3498/3498 2539/2539 4135/4135
f 496/496 3347/3347 665/665
f 397/397 3338/3338 967/967
f 3186/3186 100/100 99/99
f 2781/2781 97/97 96/96
f 4055/4055 3822/3822 114/114
f 475/475 108/108 956/956
f 4078/4078 3114/3114 4157/4157
f 475/475 868/868 370/370
f 370/370 2739/2739 475/475
f 635/635 2586/2586 3128/3128
f 106/106 105/105 2960/2960
f 107/107 1009/1009 956/956
f 2960/2960 4129/4129 369/369
f 112/112 111/111 4078/4078
f 370/370 1010/1010 2739/2739
f 111/111 4/4 1010/1010
f 4160/4160 869/869 1011/1011
f 2653/2653 142/142 141/141
f 2511/2511 476/476 3704/3704
f 2343/2343 2145/2145 3704/3704
f 140/140 879/879 1017/1017
f 125/125 124/124 698/698
f 138/138 3871/3871 3281/3281
f 3591/3591 2260/2260 498/498
f 497/497 123/123 1194/1194
f 373/373 2820/2820 127/127
f 2820/2820 129/129 128/128
f 698/698 870/870 125/125
f 870/870 373/373 127/127
f 870/870 126/126 5/5
f 2679/2679 136/136 135/135
f 820/820 135/135 134/134
f 133/133 3705/3705 3302/3302
f 6/6 3705/3705 133/133
f 3369/3369 453/453 3615/3615
f 31/31 30/30 991/991
f 3849/3849 4111/4111 28/28
f 479/479 3345/3345 173/173
f 2745/2745 2448/2448 3578/3578
f 480/480 4109/4109 440/440
f 4105/4105 3967/3967 812/812
f 2841/2841 4124/4124 3153/3153
f 3846/3846 178/178 177/177
f 4131/4131 24/24 23/23
f 21/21 482/482 871/871
f 482/482 20/20 813/813
f 20/20 482/482 21/21
f 481/481 22/22 871/871
f 774/774 871/871 482/482
f 180/180 376/376 181/181
f 813/813 19/19 1180/1180
f 18/18 2582/2582 1180/1180
f 8/8 2582/2582 18/18
f 2712/2712 775/775 3428/3428
f 737/737 2688/2688 486/486
f 3369/3369 3615/3615 3453/3453
f 440/440 4109/4109 958/958
f 384/384 3255/3255 830/830
f 2470/2470 2592/2592 2966/2966
f 163/163 2318/2318 452/452
f 3118/3118 818/818 872/872
f 2467/2467 3272/3272 148/148
f 2452/2452 89/89 1012/1012
f 384/384 4151/4151 3255/3255
f 3868/3868 408/408 3785/3785
f 41/41 3868/3868 3785/3785
f 89/89 872/872 1012/1012
f 3755/3755 87/87 3772/3772
f 508/508 694/694 4163/4163
f 3785/3785 1014/1014 41/41
f 3349/3349 781/781 2787/2787
f 2281/2281 1137/1137 3364/3364
f 464/464 2141/2141 4127/4127
f 2787/2787 3629/3629 47/47
f 3205/3205 3527/3527 59/59
f 538/538 875/875 387/387
f 874/874 2400/2400 2405/2405
f 769/769 4132/4132 388/388
f 53/53 3348/3348 2567/2567
f 4002/4002 2886/2886 1081/1081
f 85/85 392/392 86/86
f 492/492 747/747 1146/1146
f 3631/3631 776/776 4118/4118
f 81/81 80/80 3613/3613
f 470/470 2602/2602 867/867
f 3932/3932 3282/3282 2723/2723
f 118/118 3024/3024 119/119
f 144/144 2719/2719 145/145
f 2285/2285 493/493 3732/3732
f 2469/2469 2149/2149 3924/3924
f 3885/3885 2561/2561 3347/3347
f 397/397 3186/3186 99/99
f 99/99 3338/3338 397/397
f 2774/2774 635/635 101/101
f 114/114 113/113 4055/4055
f 2492/2492 2937/2937 1028/1028
f 101/101 635/635 102/102
f 103/103 3128/3128 4129/4129
f 110/110 109/109 2739/2739
f 113/113 4157/4157 690/690
f 2504/2504 120/120 119/119
f 3571/3571 140/140 1017/1017
f 957/957 3668/3668 1016/1016
f 2466/2466 878/878 399/399
f 3591/3591 1018/1018 2939/2939
f 4014/4014 136/136 2679/2679
f 497/497 698/698 124/124
f 373/373 2260/2260 2820/2820
f 1018/1018 3316/3316 131/131
f 2605/2605 812/812 3967/3967
f 1046/1046 432/432 527/527
f 375/375 177/177 176/176
f 2262/2262 179/179 178/178
f 3148/3148 376/376 180/180
f 643/643 1019/1019 1068/1068
f 178/178 881/881 2262/2262
f 3388/3388 153/153 152/152
f 2837/2837 2878/2878 741/741
f 3566/3566 750/750 1021/1021
f 684/684 778/778 2266/2266
f 683/683 1022/1022 988/988
f 383/383 2120/2120 1012/1012
f 532/532 385/385 891/891
f 2153/2153 91/91 90/90
f 3749/3749 2188/2188 926/926
f 3656/3656 32/32 31/31
f 699/699 2383/2383 460/460
f 2524/2524 1015/1015 3808/3808
f 3115/3115 1023/1023 726/726
f 3812/3812 408/408 3868/3868
f 2449/2449 882/882 621/621
f 515/515 413/413 809/809
f 3326/3326 538/538 3682/3682
f 426/426 511/511 536/536
f 49/49 388/388 50/50
f 3800/3800 1024/1024 612/612
f 3544/3544 1025/1025 513/513
f 3658/3658 3565/3565 929/929
f 46/46 2787/2787 47/47
f 55/55 1026/1026 56/56
f 2591/2591 3798/3798 2853/2853
f 862/862 72/72 71/71
f 2279/2279 74/74 73/73
f 809/809 360/360 1179/1179
f 4122/4122 2894/2894 3124/3124
f 2770/2770 559/559 4150/4150
f 2752/2752 467/467 2740/2740
f 2869/2869 674/674 3869/3869
f 877/877 398/398 782/782
f 2311/2311 1008/1008 473/473
f 2988/2988 2210/2210 365/365
f 3479/3479 3094/3094 886/886
f 4023/4023 396/396 520/520
f 496/496 761/761 1028/1028
f 364/364 1029/1029 1086/1086
f 3398/3398 2348/2348 740/740
f 485/485 2589/2589 593/593
f 167/167 524/524 168/168
f 671/671 932/932 644/644
f 2427/2427 785/785 2172/2172
f 786/786 2638/2638 608/608
f 499/499 889/889 432/432
f 3453/3453 915/915 171/171
f 3029/3029 2372/2372 502/502
f 890/890 2206/2206 2755/2755
f 699/699 1030/1030 2383/2383
f 2534/2534 2446/2446 2196/2196
f 648/648 2477/2477 3991/3991
f 384/384 425/425 2428/2428
f 3195/3195 2833/2833 461/461
f 3670/3670 420/420 3474/3474
f 29/29 2754/2754 30/30
f 3957/3957 2723/2723 3282/3282
f 828/828 3355/3355 4071/4071
f 521/521 1085/1085 3154/3154
f 2124/2124 3794/3794 1145/1145
f 387/387 386/386 538/538
f 3984/3984 1154/1154 3486/3486
f 3219/3219 850/850 1033/1033
f 38/38 3832/3832 39/39
f 1058/1058 4074/4074 611/611
f 1025/1025 3565/3565 701/701
f 633/633 3504/3504 874/874
f 3452/3452 2489/2489 953/953
f 69/69 430/430 70/70
f 467/467 1035/1035 884/884
f 462/462 620/620 936/936
f 2375/2375 3991/3991 1037/1037
f 3998/3998 895/895 3809/3809
f 2324/2324 2548/2548 472/472
f 3716/3716 896/896 3078/3078
f 3343/3343 681/681 3531/3531
f 3225/3225 432/432 889/889
f 931/931 544/544 1199/1199
f 931/931 1039/1039 544/544
f 351/351 1040/1040 1097/1097
f 3670/3670 4144/4144 351/351
f 713/713 2822/2822 1159/1159
f 2445/2445 3398/3398 897/897
f 3297/3297 560/560 898/898
f 744/744 3065/3065 1184/1184
f 506/506 2524/2524 780/780
f 696/696 1042/1042 3282/3282
f 3817/3817 3212/3212 3357/3357
f 3159/3159 3299/3299 823/823
f 3212/3212 2175/2175 3751/3751
f 3763/3763 758/758 507/507
f 553/553 1043/1043 795/795
f 865/865 424/424 3003/3003
f 2628/2628 2118/2118 3835/3835
f 3219/3219 1033/1033 4020/4020
f 536/536 511/511 832/832
f 4064/4064 405/405 2902/2902
f 3849/3849 3921/3921 440/440
f 429/429 2697/2697 834/834
f 834/834 3111/3111 541/541
f 583/583 901/901 653/653
f 3587/3587 653/653 901/901
f 583/583 3142/3142 901/901
f 3834/3834 1197/1197 3425/3425
f 3297/3297 898/898 649/649
f 649/649 1046/1046 4030/4030
f 433/433 902/902 1202/1202
f 1047/1047 3606/3606 419/419
f 4030/4030 1046/1046 421/421
f 2351/2351 175/175 174/174
f 3451/3451 444/444 800/800
f 2725/2725 406/406 3435/3435
f 1049/1049 719/719 838/838
f 714/714 3697/3697 436/436
f 2532/2532 3510/3510 1111/1111
f 2532/2532 2258/2258 3510/3510
f 568/568 2246/2246 1164/1164
f 905/905 566/566 3697/3697
f 3534/3534 150/150 149/149
f 382/382 3903/3903 729/729
f 4076/4076 753/753 907/907
f 721/721 2264/2264 630/630
f 831/831 1050/1050 722/722
f 2650/2650 2409/2409 359/359
f 722/722 3384/3384 1110/1110
f 2316/2316 2809/2809 2116/2116
f 432/432 724/724 499/499
f 2825/2825 2593/2593 2305/2305
f 2593/2593 3345/3345 479/479
f 2992/2992 2553/2553 2365/2365
f 803/803 1052/1052 354/354
f 446/446 354/354 1052/1052
f 3412/3412 910/910 678/678
f 678/678 910/910 1114/1114
f 883/883 513/513 1025/1025
f 2980/2980 2244/2244 3080/3080
f 354/354 804/804 908/908
f 3359/3359 504/504 1053/1053
f 853/853 160/160 159/159
f 453/453 169/169 989/989
f 562/562 1054/1054 1184/1184
f 152/152 3831/3831 859/859
f 3448/3448 2673/2673 3250/3250
f 3078/3078 1055/1055 3363/3363
f 4166/4166 3013/3013 499/499
f 382/382 728/728 3903/3903
f 911/911 752/752 570/570
f 447/447 873/873 1193/1193
f 147/147 2467/2467 148/148
f 595/595 2913/2913 1118/1118
f 780/780 1057/1057 506/506
f 3444/3444 984/984 3739/3739
f 3474/3474 420/420 2961/2961
f 3516/3516 2188/2188 641/641
f 617/617 2320/2320 2118/2118
f 3860/3860 3425/3425 515/515
f 361/361 3431/3431 807/807
f 4097/4097 658/658 3687/3687
f 3618/3618 3169/3169 678/678
f 3079/3079 2526/2526 2464/2464
f 731/731 2877/2877 1116/1116
f 3091/3091 4052/4052 3349/3349
f 2368/2368 2742/2742 3930/3930
f 2691/2691 2449/2449 621/621
f 4153/4153 442/442 910/910
f 999/999 62/62 1001/1001
f 2395/2395 1059/1059 686/686
f 3800/3800 3308/3308 767/767
f 884/884 2740/2740 467/467
f 709/709 884/884 1035/1035
f 589/589 1060/1060 975/975
f 2354/2354 2921/2921 808/808
f 2209/2209 4159/4159 817/817
f 2265/2265 2202/2202 738/738
f 509/509 809/809 413/413
f 555/555 2363/2363 702/702
f 1196/1196 2602/2602 470/470
f 689/689 472/472 1007/1007
f 534/534 493/493 396/396
f 689/689 1062/1062 472/472
f 2210/2210 3208/3208 2144/2144
f 2134/2134 2349/2349 1065/1065
f 3825/3825 2134/2134 1065/1065
f 2361/2361 868/868 475/475
f 475/475 2739/2739 109/109
f 869/869 143/143 142/142
f 1029/1029 364/364 3875/3875
f 120/120 2950/2950 121/121
f 3368/3368 122/122 121/121
f 692/692 3571/3571 1017/1017
f 914/914 2511/2511 3133/3133
f 3072/3072 3368/3368 2950/2950
f 3014/3014 123/123 122/122
f 522/522 3895/3895 925/925
f 2430/2430 628/628 811/811
f 3070/3070 138/138 3281/3281
f 2614/2614 3769/3769 3507/3507
f 171/171 3766/3766 172/172
f 172/172 479/479 173/173
f 25/25 3967/3967 26/26
f 26/26 4105/4105 27/27
f 3214/3214 2743/2743 740/740
f 629/629 1067/1067 2305/2305
f 22/22 481/481 23/23
f 3059/3059 643/643 1068/1068
f 500/500 735/735 2307/2307
f 19/19 813/813 20/20
f 402/402 592/592 2372/2372
f 609/609 814/814 934/934
f 577/577 737/737 486/486
f 3073/3073 447/447 916/916
f 2947/2947 657/657 3916/3916
f 414/414 815/815 794/794
f 3817/3817 651/651 1071/1071
f 2424/2424 3854/3854 1072/1072
f 4130/4130 490/490 762/762
f 360/360 3918/3918 4159/4159
f 88/88 3755/3755 872/872
f 3438/3438 494/494 3732/3732
f 3241/3241 2546/2546 1074/1074
f 2983/2983 2725/2725 3799/3799
f 94/94 3731/3731 95/95
f 3162/3162 2781/2781 96/96
f 2867/2867 97/97 2781/2781
f 2798/2798 116/116 115/115
f 2122/2122 2561/2561 697/697
f 123/123 497/497 124/124
f 498/498 918/918 1128/1128
f 135/135 820/820 2679/2679
f 919/919 2293/2293 455/455
f 3351/3351 4166/4166 724/724
f 851/851 1075/1075 1158/1158
f 1076/1076 3574/3574 813/813
f 382/382 668/668 728/728
f 988/988 3883/3883 741/741
f 706/706 920/920 502/502
f 3906/3906 2246/2246 2553/2553
f 2834/2834 1051/1051 3986/3986
f 741/741 1077/1077 2837/2837
f 157/157 3359/3359 1053/1053
f 2478/2478 672/672 1078/1078
f 3030/3030 2881/2881 446/446
f 845/845 1079/1079 946/946
f 2542/2542 822/822 981/981
f 488/488 1080/1080 506/506
f 575/575 742/742 1176/1176
f 3914/3914 694/694 3746/3746
f 2581/2581 694/694 508/508
f 1178/1178 709/709 1081/1081
f 3544/3544 2650/2650 510/510
f 466/466 3913/3913 1059/1059
f 3452/3452 539/539 922/922
f 2591/2591 1161/1161 687/687
f 622/622 390/390 514/514
f 2507/2507 3834/3834 3860/3860
f 2552/2552 1170/1170 1031/1031
f 3605/3605 1083/1083 2196/2196
f 3991/3991 823/823 1092/1092
f 2509/2509 3007/3007 423/423
f 2611/2611 704/704 3077/3077
f 416/416 923/923 824/824
f 2326/2326 2756/2756 2171/2171
f 3825/3825 1084/1084 2659/2659
f 2627/2627 4023/4023 520/520
f 493/493 3241/3241 1074/1074
f 1074/1074 3155/3155 520/520
f 788/788 534/534 396/396
f 416/416 2733/2733 923/923
f 2924/2924 3809/3809 895/895
f 2664/2664 3154/3154 1149/1149
f 478/478 3895/3895 914/914
f 2744/2744 2615/2615 897/897
f 734/734 1087/1087 523/523
f 2521/2521 650/650 825/825
f 166/166 1088/1088 167/167
f 759/759 826/826 669/669
f 582/582 3291/3291 3237/3237
f 561/561 902/902 1129/1129
f 393/393 747/747 492/492
f 2396/2396 828/828 4071/4071
f 668/668 382/382 1090/1090
f 679/679 1091/1091 748/748
f 763/763 2213/2213 1171/1171
f 3280/3280 2782/2782 570/570
f 2915/2915 3240/3240 758/758
f 830/830 531/531 601/601
f 385/385 3927/3927 1057/1057
f 928/928 581/581 672/672
f 2968/2968 2439/2439 3700/3700
f 2552/2552 356/356 3532/3532
f 3732/3732 493/493 534/534
f 2850/2850 739/739 788/788
f 605/605 722/722 1050/1050
f 850/850 1094/1094 1033/1033
f 3863/3863 386/386 1095/1095
f 2139/2139 2316/2316 537/537
f 4049/4049 727/727 833/833
f 3298/3298 3658/3658 929/929
f 3098/3098 387/387 875/875
f 2405/2405 2729/2729 1144/1144
f 2263/2263 2457/2457 894/894
f 4021/4021 2321/2321 610/610
f 717/717 3606/3606 1047/1047
f 545/545 840/840 1199/1199
f 547/547 1097/1097 1040/1040
f 2814/2814 2564/2564 401/401
f 2967/2967 705/705 3165/3165
f 576/576 3736/3736 547/547
f 571/571 2393/2393 907/907
f 4076/4076 2902/2902 991/991
f 2916/2916 2743/2743 733/733
f 2728/2728 2150/2150 716/716
f 3774/3774 3396/3396 434/434
f 563/563 933/933 1108/1108
f 711/711 3313/3313 1038/1038
f 3813/3813 3559/3559 909/909
f 3751/3751 2175/2175 2310/2310
f 900/900 795/795 1043/1043
f 3261/3261 2478/2478 1078/1078
f 605/605 1099/1099 964/964
f 438/438 2438/2438 742/742
f 787/787 934/934 814/814
f 3847/3847 2629/2629 693/693
f 1078/1078 672/672 1101/1101
f 674/674 1102/1102 555/555
f 952/952 1103/1103 1120/1120
f 3869/3869 702/702 363/363
f 662/662 2148/2148 363/363
f 537/537 2116/2116 893/893
f 944/944 2742/2742 556/556
f 1105/1105 3111/3111 3508/3508
f 620/620 541/541 996/996
f 4053/4053 935/935 4149/4149
f 557/557 935/935 1104/1104
f 937/937 422/422 1106/1106
f 1039/1039 433/433 1202/1202
f 836/836 937/937 1106/1106
f 681/681 1108/1108 933/933
f 2855/2855 3662/3662 725/725
f 2677/2677 435/435 564/564
f 2799/2799 1049/1049 1123/1123
f 723/723 1109/1109 972/972
f 535/535 1110/1110 1154/1154
f 2254/2254 2258/2258 676/676
f 2340/2340 1100/1100 3300/3300
f 2175/2175 3817/3817 1071/1071
f 2288/2288 2254/2254 676/676
f 2776/2776 2177/2177 2758/2758
f 700/700 505/505 1147/1147
f 403/403 3280/3280 1103/1103
f 3074/3074 752/752 911/911
f 3295/3295 2264/2264 721/721
f 2754/2754 4111/4111 939/939
f 572/572 2191/2191 2572/2572
f 3112/3112 3412/3412 1112/1112
f 3981/3981 428/428 985/985
f 3707/3707 841/841 767/767
f 2765/2765 2763/2763 4140/4140
f 2959/2959 727/727 1113/1113
f 445/445 803/803 908/908
f 3250/3250 577/577 486/486
f 3087/3087 3876/3876 448/448
f 883/883 357/357 962/962
f 3256/3256 893/893 1115/1115
f 3110/3110 3102/3102 578/578
f 4045/4045 3110/3110 578/578
f 603/603 679/679 748/748
f 736/736 3675/3675 631/631
f 4034/4034 550/550 650/650
f 3363/3363 1055/1055 3820/3820
f 1185/1185 1186/1186 682/682
f 567/567 3951/3951 2340/2340
f 891/891 3430/3430 532/532
f 3424/3424 651/651 3643/3643
f 4083/4083 927/927 3195/3195
f 842/842 982/982 1198/1198
f 508/508 942/942 2581/2581
f 3260/3260 583/583 653/653
f 3061/3061 465/465 463/463
f 465/465 2987/2987 755/755
f 3269/3269 731/731 1116/1116
f 3166/3166 2189/2189 977/977
f 3789/3789 3664/3664 3492/3492
f 2397/2397 586/586 587/587
f 4056/4056 943/943 4005/4005
f 680/680 3166/3166 977/977
f 3084/3084 588/588 3992/3992
f 821/821 3878/3878 589/589
f 757/757 3975/3975 821/821
f 3332/3332 3765/3765 689/689
f 771/771 2893/2893 1008/1008
f 3916/3916 580/580 756/756
f 2805/2805 2206/2206 890/890
f 2423/2423 2390/2390 778/778
f 931/931 3606/3606 1096/1096
f 1098/1098 1055/1055 417/417
f 2333/2333 2300/2300 711/711
f 2913/2913 614/614 3804/3804
f 838/838 565/565 1187/1187
f 2702/2702 2147/2147 3151/3151
f 589/589 757/757 821/821
f 3927/3927 3157/3157 3661/3661
f 766/766 3083/3083 1172/1172
f 604/604 3936/3936 598/598
f 679/679 3712/3712 1091/1091
f 948/948 2528/2528 3274/3274
f 600/600 644/644 1141/1141
f 3888/3888 639/639 525/525
f 843/843 2816/2816 531/531
f 2951/2951 384/384 601/601
f 602/602 2479/2479 826/826
f 2502/2502 2957/2957 675/675
f 2815/2815 2224/2224 770/770
f 700/700 726/726 1023/1023
f 722/722 949/949 3384/3384
f 949/949 605/605 964/964
f 3680/3680 693/693 1143/1143
f 1200/1200 950/950 606/606
f 401/401 3459/3459 951/951
f 3103/3103 2606/2606 2518/2518
f 584/584 3269/3269 1116/1116
f 731/731 1119/1119 2877/2877
f 3866/3866 3047/3047 3602/3602
f 4031/4031 1120/1120 1103/1103
f 2941/2941 916/916 1193/1193
f 612/612 411/411 4081/4081
f 588/588 1121/1121 1024/1024
f 613/613 608/608 745/745
f 505/505 845/845 946/946
f 896/896 4028/4028 3078/3078
f 588/588 791/791 1121/1121
f 2179/2179 953/953 2489/2489
f 639/639 846/846 525/525
f 3353/3353 3459/3459 3725/3725
f 3718/3718 668/668 3429/3429
f 3103/3103 3022/3022 3844/3844
f 36/36 2247/2247 37/37
f 3804/3804 458/458 3052/3052
f 624/624 92/92 91/91
f 838/838 1123/1123 1049/1049
f 565/565 719/719 846/846
f 541/541 620/620 2888/2888
f 508/508 621/621 882/882
f 2856/2856 3475/3475 2422/2422
f 848/848 2395/2395 3494/3494
f 3494/3494 3512/3512 3789/3789
f 3082/3082 622/622 514/514
f 2891/2891 3304/3304 429/429
f 2707/2707 2164/2164 955/955
f 619/619 624/624 91/91
f 92/92 2159/2159 93/93
f 117/117 3657/3657 118/118
f 475/475 956/956 2361/2361
f 635/635 3781/3781 2586/2586
f 634/634 496/496 1028/1028
f 3781/3781 2937/2937 626/626
f 478/478 773/773 957/957
f 784/784 2343/2343 772/772
f 880/880 878/878 1194/1194
f 880/880 1124/1124 627/627
f 2934/2934 753/753 958/958
f 452/452 631/631 3350/3350
f 754/754 2538/2538 1125/1125
f 42/42 41/41 1014/1014
f 3785/3785 408/408 1094/1094
f 2446/2446 3641/3641 4171/4171
f 757/757 589/589 975/975
f 359/359 1126/1126 510/510
f 3254/3254 358/358 633/633
f 496/496 634/634 3885/3885
f 625/625 369/369 3781/3781
f 3776/3776 3119/3119 876/876
f 2236/2236 2430/2430 811/811
f 24/24 2605/2605 25/25
f 637/637 2496/2496 374/374
f 3366/3366 2822/2822 4092/4092
f 959/959 638/638 2496/2496
f 857/857 1127/1127 639/639
f 3033/3033 525/525 846/846
f 383/383 3841/3841 994/994
f 353/353 640/640 806/806
f 641/641 845/845 3516/3516
f 1162/1162 3749/3749 926/926
f 734/734 3059/3059 1068/1068
f 3805/3805 643/643 485/485
f 960/960 644/644 600/600
f 2810/2810 618/618 458/458
f 561/561 1129/1129 1107/1107
f 418/418 3193/3193 667/667
f 501/501 646/646 899/899
f 2863/2863 1118/1118 400/400
f 2647/2647 2375/2375 1037/1037
f 815/815 414/414 1182/1182
f 563/563 3555/3555 904/904
f 455/455 350/350 896/896
f 4030/4030 421/421 3396/3396
f 3842/3842 1046/1046 649/649
f 378/378 1041/1041 1088/1088
f 3949/3949 3357/3357 3646/3646
f 3969/3969 538/538 386/386
f 659/659 557/557 3807/3807
f 4041/4041 3304/3304 1045/1045
f 430/430 3683/3683 3938/3938
f 2720/2720 2556/2556 1131/1131
f 393/393 654/654 528/528
f 4150/4150 763/763 2770/2770
f 2749/2749 1132/1132 564/564
f 4062/4062 3882/3882 357/357
f 962/962 1133/1133 449/449
f 468/468 579/579 816/816
f 4168/4168 2424/2424 1072/1072
f 2657/2657 3870/3870 1136/1136
f 2568/2568 2668/2668 708/708
f 2422/2422 1137/1137 2856/2856
f 65/65 660/660 66/66
f 3639/3639 767/767 661/661
f 470/470 963/963 424/424
f 856/856 1138/1138 1139/1139
f 3774/3774 2800/2800 903/903
f 2621/2621 489/489 3854/3854
f 3207/3207 4152/4152 3108/3108
f 471/471 3859/3859 4070/4070
f 474/474 852/852 810/810
f 496/496 665/665 761/761
f 627/627 399/399 878/878
f 497/497 666/666 698/698
f 3828/3828 2823/2823 645/645
f 418/418 667/667 705/705
f 829/829 529/529 501/501
f 3951/3951 2479/2479 2523/2523
f 623/623 2707/2707 955/955
f 3587/3587 2720/2720 653/653
f 3032/3032 4136/4136 670/670
f 685/685 2480/2480 615/615
f 671/671 960/960 1122/1122
f 3624/3624 2932/2932 1078/1078
f 3008/3008 672/672 941/941
f 2933/2933 3333/3333 407/407
f 3198/3198 3333/3333 673/673
f 554/554 3445/3445 1102/1102
f 2360/2360 2375/2375 352/352
f 3943/3943 675/675 1005/1005
f 553/553 2288/2288 1043/1043
f 2941/2941 1140/1140 577/577
f 737/737 577/577 677/677
f 4153/4153 3412/3412 833/833
f 679/679 2957/2957 3102/3102
f 449/449 680/680 4140/4140
f 550/550 681/681 933/933
f 614/614 965/965 458/458
f 1141/1141 682/682 600/600
f 380/380 160/160 853/853
f 920/920 483/483 987/987
f 165/165 2772/2772 2165/2165
f 3350/3350 2151/2151 2772/2772
f 153/153 2412/2412 154/154
f 778/778 2878/2878 2266/2266
f 671/671 2851/2851 993/993
f 2689/2689 3852/3852 3274/3274
f 587/587 586/586 943/943
f 3468/3468 58/58 57/57
f 1002/1002 687/687 743/743
f 1192/1192 2253/2253 688/688
f 688/688 3012/3012 1192/1192
f 427/427 2476/2476 1062/1062
f 3715/3715 3765/3765 590/590
f 691/691 2652/2652 690/690
f 3114/3114 2625/2625 691/691
f 3039/3039 2652/2652 691/691
f 692/692 2969/2969 1011/1011
f 4096/4096 854/854 498/498
f 3345/3345 2351/2351 174/174
f 950/950 1143/1143 693/693
f 68/68 3746/3746 69/69
f 583/583 855/855 942/942
f 732/732 3693/3693 1130/1130
f 930/930 1144/1144 647/647
f 2337/2337 696/696 2677/2677
f 394/394 3794/3794 981/981
f 2314/2314 967/967 2867/2867
f 397/397 697/697 4022/4022
f 125/125 870/870 5/5
f 3954/3954 2426/2426 1030/1030
f 492/492 2864/2864 983/983
f 569/569 2204/2204 2212/2212
f 652/652 3298/3298 929/929
f 515/515 1082/1082 1157/1157
f 2113/2113 2209/2209 491/491
f 2752/2752 2373/2373 818/818
f 363/363 702/702 662/662
f 702/702 674/674 555/555
f 474/474 969/969 3162/3162
f 518/518 2611/2611 2666/2666
f 925/925 1150/1150 522/522
f 3635/3635 993/993 3121/3121
f 683/683 4075/4075 920/920
f 974/974 2712/2712 970/970
f 3312/3312 2123/2123 426/426
f 461/461 2123/2123 2527/2527
f 3609/3609 708/708 3658/3658
f 357/357 2631/2631 4062/4062
f 2873/2873 361/361 807/807
f 3393/3393 2958/2958 1178/1178
f 2488/2488 710/710 414/414
f 822/822 506/506 1080/1080
f 2929/2929 4133/4133 3094/3094
f 1134/1134 2300/2300 580/580
f 548/548 3437/3437 4064/4064
f 2822/2822 713/713 2743/2743
f 735/735 500/500 1159/1159
f 3819/3819 566/566 3734/3734
f 789/789 954/954 1174/1174
f 3979/3979 2655/2655 1151/1151
f 1129/1129 3000/3000 1107/1107
f 2804/2804 2745/2745 3578/3578
f 2749/2749 2976/2976 718/718
f 3947/3947 494/494 3438/3438
f 2481/2481 2528/2528 948/948
f 829/829 668/668 1090/1090
f 720/720 2257/2257 1152/1152
f 3295/3295 721/721 2218/2218
f 723/723 1154/1154 1110/1110
f 949/949 552/552 2438/2438
f 3748/3748 1109/1109 3589/3589
f 3351/3351 724/724 3720/3720
f 649/649 1155/1155 3842/3842
f 904/904 3684/3684 1048/1048
f 1113/1113 2139/2139 2959/2959
f 568/568 2365/2365 2246/2246
f 2470/2470 3270/3270 2390/2390
f 2966/2966 3448/3448 484/484
f 2706/2706 729/729 900/900
f 462/462 2507/2507 2897/2897
f 410/410 1157/1157 1082/1082
f 581/581 3424/3424 941/941
f 695/695 489/489 966/966
f 2859/2859 2854/2854 3012/3012
f 2896/2896 4124/4124 2991/2991
f 500/500 3378/3378 713/713
f 2445/2445 1087/1087 2348/2348
f 851/851 1158/1158 1068/1068
f 713/713 1159/1159 500/500
f 452/452 736/736 631/631
f 2768/2768 3189/3189 380/380
f 2531/2531 1160/1160 717/717
f 2606/2606 2688/2688 737/737
f 1061/1061 670/670 2265/2265
f 2324/2324 917/917 739/739
f 854/854 3591/3591 498/498
f 2401/2401 2916/2916 733/733
f 552/552 3763/3763 2438/2438
f 742/742 575/575 438/438
f 509/509 2468/2468 809/809
f 2713/2713 3056/3056 360/360
f 3527/3527 3394/3394 1000/1000
f 2853/2853 588/588 1161/1161
f 168/168 524/524 989/989
f 453/453 744/744 1054/1054
f 745/745 576/576 599/599
f 3200/3200 576/576 745/745
f 2726/2726 1162/1162 973/973
f 747/747 393/393 528/528
f 940/940 3758/3758 831/831
f 912/912 1163/1163 457/457
f 3603/3603 1164/1164 1021/1021
f 759/759 1165/1165 1127/1127
f 3681/3681 3543/3543 3866/3866
f 3280/3280 2945/2945 839/839
f 616/616 3844/3844 1020/1020
f 907/907 548/548 4076/4076
f 378/378 1166/1166 1041/1041
f 465/465 755/755 1116/1116
f 584/584 4120/4120 764/764
f 706/706 974/974 970/970
f 3428/3428 775/775 1167/1167
f 3387/3387 597/597 757/757
f 732/732 975/975 1060/1060
f 507/507 3936/3936 604/604
f 533/533 1168/1168 1117/1117
f 589/589 1169/1169 1060/1060
f 750/750 639/639 1127/1127
f 677/677 577/577 1140/1140
f 368/368 761/761 665/665
f 832/832 3863/3863 1095/1095
f 784/784 2701/2701 3287/3287
f 642/642 4014/4014 372/372
f 654/654 1170/1170 528/528
f 530/530 2213/2213 2543/2543
f 755/755 3664/3664 764/764
f 609/609 976/976 1181/1181
f 3284/3284 511/511 426/426
f 2705/2705 2691/2691 621/621
f 680/680 3639/3639 661/661
f 3727/3727 388/388 49/49
f 4128/4128 3727/3727 2405/2405
f 61/61 2965/2965 1001/1001
f 466/466 3912/3912 3913/3913
f 769/769 390/390 622/622
f 390/390 769/769 930/930
f 530/530 2224/2224 844/844
f 2334/2334 82/82 3744/3744
f 2798/2798 3833/3833 771/771
f 139/139 3070/3070 879/879
f 740/740 978/978 3398/3398
f 179/179 3148/3148 180/180
f 851/851 1173/1173 1075/1075
f 1070/1070 775/775 756/756
f 468/468 3267/3267 1091/1091
f 4100/4100 3098/3098 3630/3630
f 633/633 358/358 921/921
f 3076/3076 2433/2433 3642/3642
f 495/495 3576/3576 852/852
f 592/592 402/402 778/778
f 2968/2968 828/828 2554/2554
f 488/488 506/506 1057/1057
f 3808/3808 780/780 2524/2524
f 687/687 979/979 2591/2591
f 782/782 4063/4063 2666/2666
f 3528/3528 4063/4063 782/782
f 398/398 783/783 3479/3479
f 643/643 2589/2589 485/485
f 3221/3221 2531/2531 1047/1047
f 2840/2840 2726/2726 973/973
f 706/706 3289/3289 974/974
f 814/814 2289/2289 787/787
f 356/356 3605/3605 1168/1168
f 2393/2393 4144/4144 2345/2345
f 739/739 534/534 788/788
f 715/715 1174/1174 954/954
f 355/355 789/789 4020/4020
f 4020/4020 408/408 3812/3812
f 355/355 3832/3832 3569/3569
f 1080/1080 4040/4040 792/792
f 702/702 3869/3869 674/674
f 542/542 3809/3809 415/415
f 543/543 980/980 1007/1007
f 793/793 797/797 435/435
f 394/394 981/981 822/822
f 3261/3261 2944/2944 3958/3958
f 3958/3958 794/794 1013/1013
f 2932/2932 795/795 551/551
f 746/746 982/982 973/973
f 843/843 2840/2840 3237/3237
f 405/405 796/796 1093/1093
f 531/531 2278/2278 2735/2735
f 435/435 2976/2976 564/564
f 2368/2368 1175/1175 556/556
f 798/798 578/578 3526/3526
f 2146/2146 409/409 2464/2464
f 961/961 4035/4035 936/936
f 730/730 2507/2507 3860/3860
f 3035/3035 3505/3505 800/800
f 517/517 2251/2251 1092/1092
f 913/913 2411/2411 3042/3042
f 655/655 564/564 1132/1132
f 726/726 1176/1176 3115/3115
f 4113/4113 3589/3589 575/575
f 804/804 596/596 3906/3906
f 596/596 2881/2881 2458/2458
f 400/400 1177/1177 3820/3820
f 4082/4082 806/806 640/640
f 353/353 806/806 1132/1132
f 3997/3997 559/559 807/807
f 413/413 2958/2958 509/509
f 3897/3897 808/808 817/817
f 2209/2209 2202/2202 491/491
f 4159/4159 1179/1179 360/360
f 819/819 2217/2217 2330/2330
f 2659/2659 2217/2217 3825/3825
f 2695/2695 2520/2520 664/664
f 969/969 474/474 810/810
f 1066/1066 2236/2236 811/811
f 480/480 812/812 1069/1069
f 374/374 812/812 637/637
f 18/18 1180/1180 19/19
f 815/815 3157/3157 1013/1013
f 710/710 1182/1182 414/414
f 2310/2310 2424/2424 3207/3207
f 579/579 3010/3010 816/816
f 808/808 2209/2209 817/817
f 3612/3612 381/381 818/818
f 968/968 1183/1183 2373/2373
f 3739/3739 460/460 4082/4082
f 367/367 664/664 4012/4012
f 367/367 4012/4012 1084/1084
f 3523/3523 3188/3188 819/819
f 4096/4096 820/820 854/854
f 3975/3975 3722/3722 3430/3430
f 394/394 822/822 792/792
f 4047/4047 2637/2637 3913/3913
f 517/517 3299/3299 995/995
f 3966/3966 2477/2477 648/648
f 2664/2664 2585/2585 521/521
f 1184/1184 3226/3226 562/562
f 600/600 682/682 1186/1186
f 2533/2533 3509/3509 857/857
f 827/827 2951/2951 3291/3291
f 2744/2744 2448/2448 549/549
f 779/779 3355/3355 3700/3700
f 533/533 2554/2554 3532/3532
f 3429/3429 668/668 829/829
f 529/529 829/829 1152/1152
f 601/601 531/531 2816/2816
f 531/531 830/830 796/796
f 3981/3981 3758/3758 940/940
f 535/535 831/831 1110/1110
f 3327/3327 652/652 3863/3863
f 850/850 536/536 1190/1190
f 558/558 3038/3038 3526/3526
f 573/573 3112/3112 1112/1112
f 833/833 727/727 4153/4153
f 3495/3495 834/834 2697/2697
f 834/834 2891/2891 429/429
f 835/835 2502/2502 675/675
f 898/898 560/560 836/836
f 800/800 444/444 836/836
f 441/441 3264/3264 2859/2859
f 503/503 1187/1187 565/565
f 565/565 838/838 719/719
f 351/351 840/840 1040/1040
f 419/419 2747/2747 2218/2218
f 612/612 1024/1024 1121/1121
f 926/926 404/404 1198/1198
f 2655/2655 3979/3979 3392/3392
f 682/682 2347/2347 1185/1185
f 3237/3237 2816/2816 843/843
f 2459/2459 2735/2735 712/712
f 530/530 844/844 1083/1083
f 401/401 2903/2903 2121/2121
f 2385/2385 2480/2480 986/986
f 613/613 4050/4050 608/608
f 845/845 641/641 1188/1188
f 719/719 3033/3033 846/846
f 565/565 3566/3566 1021/1021
f 3856/3856 847/847 765/765
f 1059/1059 2807/2807 466/466
f 623/623 849/849 1034/1034
f 631/631 2151/2151 3350/3350
f 378/378 2771/2771 1166/1166
f 832/832 1190/1190 536/536
f 536/536 850/850 3312/3312
f 851/851 959/959 1173/1173
f 638/638 851/851 1068/1068
f 2520/2520 852/852 777/777
f 852/852 474/474 495/495
f 437/437 676/676 1100/1100
f 1111/1111 3978/3978 3300/3300
f 451/451 853/853 159/159
f 3302/3302 3899/3899 2887/2887
f 2632/2632 3218/3218 855/855
f 978/978 2916/2916 856/856
f 3774/3774 856/856 1139/1139
f 826/826 3509/3509 1186/1186
f 3888/3888 2533/2533 857/857
f 775/775 1191/1191 1167/1167
f 152/152 859/859 3388/3388
f 859/859 2592/2592 379/379
f 67/67 3914/3914 68/68
f 4163/4163 621/621 508/508
f 3060/3060 465/465 2877/2877
f 463/463 2146/2146 2441/2441
f 861/861 979/979 1003/1003
f 3560/3560 3082/3082 514/514
f 72/72 2838/2838 73/73
f 3032/3032 2263/2263 894/894
f 86/86 3149/3149 87/87
f 863/863 467/467 3149/3149
f 469/469 3462/3462 864/864
f 391/391 2279/2279 2838/2838
f 424/424 865/865 1163/1163
f 945/945 1192/1192 866/866
f 2719/2719 3266/3266 2988/2988
f 519/519 2233/2233 1064/1064
f 2253/2253 3076/3076 2159/2159
f 3523/3523 3995/3995 3645/3645
f 2492/2492 868/868 626/626
f 625/625 2361/2361 956/956
f 869/869 4160/4160 2721/2721
f 126/126 870/870 127/127
f 870/870 2410/2410 373/373
f 4141/4141 2722/2722 630/630
f 374/374 3805/3805 1069/1069
f 21/21 871/871 22/22
f 481/481 871/871 1173/1173
f 88/88 872/872 89/89
f 872/872 818/818 381/381
f 873/873 447/447 3534/3534
f 3163/3163 1193/1193 2417/2417
f 606/606 2321/2321 3146/3146
f 532/532 3927/3927 385/385
f 633/633 874/874 3254/3254
f 921/921 3098/3098 875/875
f 510/510 3326/3326 3544/3544
f 2988/2988 365/365 2719/2719
f 100/100 2774/2774 101/101
f 634/634 3776/3776 876/876
f 3077/3077 2456/2456 2666/2666
f 627/627 878/878 880/880
f 497/497 878/878 666/666
f 139/139 879/879 140/140
f 476/476 2895/2895 772/772
f 497/497 1194/1194 878/878
f 3769/3769 627/627 1124/1124
f 3378/3378 2307/2307 881/881
f 375/375 3365/3365 3846/3846
f 508/508 882/882 942/942
f 882/882 3061/3061 463/463
f 513/513 3101/3101 2650/2650
f 449/449 883/883 962/962
f 4122/4122 2468/2468 509/509
f 3709/3709 2644/2644 3782/3782
f 884/884 709/709 2644/2644
f 517/517 2509/2509 2251/2251
f 2275/2275 3007/3007 3824/3824
f 365/365 885/885 867/867
f 398/398 3528/3528 782/782
f 2733/2733 3528/3528 886/886
f 1086/1086 1149/1149 887/887
f 888/888 2171/2171 3263/3263
f 692/692 4033/4033 2969/2969
f 2973/2973 2129/2129 3769/3769
f 4144/4144 2643/2643 2345/2345
f 2697/2697 3041/3041 892/892
f 727/727 3256/3256 1115/1115
f 391/391 3032/3032 864/864
f 894/894 2164/2164 540/540
f 921/921 510/510 1126/1126
f 1063/1063 3332/3332 366/366
f 4028/4028 896/896 3684/3684
f 896/896 760/760 455/455
f 2427/2427 523/523 897/897
f 1155/1155 649/649 898/898
f 444/444 898/898 836/836
f 3949/3949 3646/3646 3643/3643
f 606/606 899/899 646/646
f 899/899 847/847 501/501
f 795/795 2275/2275 3824/3824
f 729/729 439/439 900/900
f 715/715 3979/3979 1151/1151
f 582/582 3392/3392 827/827
f 2213/2213 3902/3902 2543/2543
f 530/530 2543/2543 770/770
f 3005/3005 2980/2980 3080/3080
f 3892/3892 901/901 2526/2526
f 2642/2642 4094/4094 2873/2873
f 559/559 2873/2873 807/807
f 902/902 2728/2728 716/716
f 902/902 433/433 2728/2728
f 1067/1067 2800/2800 1139/1139
f 904/904 725/725 563/563
f 2983/2983 913/913 718/718
f 3799/3799 2675/2675 494/494
f 3486/3486 972/972 3748/3748
f 3734/3734 445/445 2992/2992
f 598/598 3945/3945 604/604
f 548/548 907/907 2345/2345
f 907/907 753/753 571/571
f 441/441 3910/3910 837/837
f 354/354 908/908 803/803
f 436/436 909/909 3559/3559
f 910/910 585/585 656/656
f 585/585 910/910 442/442
f 456/456 2577/2577 3786/3786
f 1163/1163 2471/2471 457/457
f 146/146 1196/1196 147/147
f 3711/3711 2204/2204 3516/3516
f 572/572 913/913 427/427
f 478/478 914/914 773/773
f 3766/3766 915/915 2610/2610
f 422/422 3453/3453 3615/3615
f 454/454 3073/3073 2592/2592
f 2941/2941 3250/3250 916/916
f 3799/3799 494/494 971/971
f 2476/2476 3947/3947 917/917
f 918/918 2410/2410 666/666
f 3165/3165 4098/4098 2293/2293
f 380/380 987/987 2768/2768
f 970/970 3428/3428 483/483
f 1126/1126 3504/3504 633/633
f 875/875 510/510 921/921
f 574/574 2409/2409 2765/2765
f 807/807 1197/1197 3997/3997
f 923/923 3593/3593 824/824
f 543/543 923/923 980/980
f 520/520 2144/2144 2627/2627
f 365/365 2232/2232 885/885
f 1029/1029 522/522 1150/1150
f 2455/2455 2456/2456 3077/3077
f 1198/1198 404/404 4083/4083
f 404/404 2188/2188 569/569
f 2190/2190 3195/3195 927/927
f 3387/3387 581/581 928/928
f 597/597 2478/2478 459/459
f 3969/3969 386/386 3863/3863
f 3682/3682 389/389 3326/3326
f 388/388 930/930 769/769
f 390/390 3095/3095 2624/2624
f 545/545 1199/1199 544/544
f 1039/1039 3725/3725 544/544
f 618/618 3165/3165 919/919
f 420/420 2638/2638 2961/2961
f 550/550 3568/3568 825/825
f 609/609 934/934 2606/2606
f 934/934 3318/3318 484/484
f 611/611 3416/3416 731/731
f 935/935 557/557 2809/2809
f 431/431 936/936 620/620
f 936/936 799/799 462/462
f 560/560 937/937 836/836
f 422/422 2610/2610 915/915
f 3734/3734 3970/3970 3819/3819
f 445/445 3589/3589 803/803
f 750/750 3603/3603 1021/1021
f 568/568 2758/2758 801/801
f 753/753 939/939 958/958
f 1032/1032 450/450 940/940
f 535/535 940/940 831/831
f 581/581 941/941 672/672
f 3643/3643 651/651 3949/3949
f 583/583 2836/2836 3142/3142
f 882/882 2441/2441 942/942
f 686/686 943/943 1142/1142
f 587/587 4056/4056 841/841
f 3160/3160 944/944 556/556
f 585/585 3046/3046 656/656
f 891/891 2439/2439 3430/3430
f 597/597 3975/3975 757/757
f 590/590 945/945 866/866
f 4070/4070 2433/2433 471/471
f 592/592 3270/3270 2829/2829
f 580/580 3116/3116 1070/1070
f 2333/2333 594/594 3116/3116
f 1079/1079 2702/2702 946/946
f 505/505 946/946 1147/1147
f 947/947 597/597 459/459
f 599/599 2414/2414 2472/2472
f 552/552 949/949 964/964
f 949/949 722/722 605/605
f 646/646 1200/1200 606/606
f 606/606 950/950 3150/3150
f 2414/2414 2903/2903 2481/2481
f 986/986 607/607 951/951
f 952/952 2647/2647 403/403
f 618/618 3052/3052 458/458
f 805/805 3804/3804 4032/4032
f 539/539 2729/2729 2400/2400
f 789/789 2628/2628 954/954
f 455/455 3013/3013 350/350
f 499/499 2823/2823 889/889
f 623/623 955/955 1045/1045
f 625/625 956/956 1009/1009
f 107/107 956/956 108/108
f 625/625 3781/3781 626/626
f 628/628 957/957 773/773
f 925/925 478/478 1016/1016
f 2825/2825 2431/2431 2351/2351
f 939/939 440/440 958/958
f 638/638 959/959 851/851
f 644/644 960/960 671/671
f 889/889 3828/3828 3225/3225
f 527/527 2804/2804 3578/3578
f 550/550 3531/3531 681/681
f 594/594 4034/4034 1125/1125
f 511/511 3327/3327 832/832
f 3807/3807 3814/3814 659/659
f 2464/2464 3142/3142 2146/2146
f 763/763 961/961 2213/2213
f 431/431 961/961 936/936
f 680/680 449/449 1133/1133
f 656/656 1201/1201 1114/1114
f 963/963 2363/2363 3003/3003
f 2670/2670 885/885 3779/3779
f 1099/1099 2933/2933 964/964
f 552/552 2915/2915 758/758
f 682/682 965/965 2347/2347
f 965/965 614/614 2352/2352
f 695/695 966/966 1056/1056
f 632/632 966/966 1060/1060
f 967/967 697/697 397/397
f 697/697 967/967 2122/2122
f 3782/3782 968/968 3709/3709
f 3772/3772 2752/2752 3118/3118
f 2349/2349 2314/2314 969/969
f 706/706 970/970 920/920
f 2983/2983 3799/3799 971/971
f 913/913 971/971 427/427
f 566/566 3748/3748 938/938
f 723/723 972/972 1154/1154
f 746/746 973/973 1162/1162
f 591/591 974/974 2660/2660
f 975/975 732/732 581/581
f 976/976 3856/3856 765/765
f 616/616 3040/3040 3844/3844
f 977/977 3707/3707 3639/3639
f 434/434 978/978 856/856
f 861/861 3560/3560 979/979
f 2869/2869 394/394 792/792
f 980/980 2756/2756 2924/2924
f 923/923 2756/2756 980/980
f 981/981 406/406 2542/2542
f 406/406 3794/3794 3435/3435
f 982/982 582/582 3237/3237
f 582/582 982/982 842/842
f 3851/3851 3612/3612 699/699
f 492/492 983/983 1183/1183
f 984/984 381/381 3851/3851
f 381/381 984/984 1012/1012
f 3396/3396 903/903 4030/4030
f 831/831 985/985 1050/1050
f 573/573 985/985 3940/3940
f 3459/3459 986/986 951/951
f 607/607 2480/2480 685/685
f 987/987 683/683 920/920
f 683/683 2711/2711 3026/3026
f 988/988 4075/4075 683/683
f 168/168 989/989 169/169
f 989/989 744/744 453/453
f 3656/3656 991/991 405/405
f 2902/2902 548/548 4064/4064
f 992/992 2320/2320 617/617
f 615/615 3121/3121 685/685
f 2967/2967 932/932 671/671
f 383/383 994/994 2120/2120
f 619/619 994/994 1006/1006
f 551/551 995/995 3775/3775
f 620/620 996/996 431/431
f 3943/3943 996/996 1105/1105
f 448/448 997/997 1112/1112
f 573/573 997/997 1050/1050
f 464/464 4127/4127 2845/2845
f 386/386 387/387 1073/1073
f 998/998 621/621 4163/4163
f 621/621 998/998 2705/2705
f 45/45 3349/3349 46/46
f 358/358 2845/2845 3630/3630
f 466/466 999/999 1001/1001
f 3084/3084 3394/3394 743/743
f 61/61 1001/1001 62/62
f 1001/1001 3912/3912 466/466
f 58/58 3205/3205 59/59
f 743/743 3205/3205 1002/1002
f 57/57 1003/1003 3468/3468
f 687/687 1003/1003 979/979
f 71/71 1004/1004 862/862
f 412/412 1004/1004 1131/1131
f 3943/3943 1005/1005 2280/2280
f 1005/1005 2815/2815 770/770
f 77/77 2444/2444 2/2
f 3383/3383 776/776 4156/4156
f 688/688 2859/2859 3012/3012
f 441/441 1006/1006 994/994
f 1007/1007 3482/3482 689/689
f 366/366 3482/3482 3382/3382
f 4135/4135 1008/1008 1064/1064
f 690/690 3114/3114 691/691
f 1009/1009 369/369 625/625
f 369/369 1009/1009 2960/2960
f 110/110 1010/1010 4/4
f 142/142 1011/1011 869/869
f 4160/4160 2969/2969 3875/3875
f 170/170 3453/3453 171/171
f 165/165 2860/2860 166/166
f 378/378 2165/2165 2771/2771
f 383/383 1012/1012 984/984
f 381/381 1012/1012 872/872
f 815/815 1013/1013 794/794
f 1013/1013 947/947 459/459
f 490/490 1014/1014 762/762
f 540/540 4136/4136 894/894
f 696/696 1015/1015 2677/2677
f 2124/2124 2675/2675 3435/3435
f 3732/3732 534/534 3438/3438
f 3342/3342 3657/3657 117/117
f 957/957 1016/1016 478/478
f 476/476 1017/1017 879/879
f 130/130 1018/1018 131/131
f 3899/3899 3302/3302 3316/3316
f 880/880 3417/3417 1124/1124
f 3728/3728 2646/2646 628/628
f 1020/1020 456/456 616/616
f 456/456 1020/1020 3074/3074
f 1021/1021 503/503 565/565
f 503/503 1021/1021 1164/1164
f 504/504 1022/1022 1053/1053
f 451/451 3026/3026 853/853
f 700/700 1023/1023 1148/1148
f 1023/1023 507/507 604/604
f 3992/3992 512/512 3084/3084
f 1025/1025 357/357 883/883
f 357/357 701/701 2631/2631
f 1027/1027 3454/3454 3779/3779
f 3454/3454 1027/1027 2546/2546
f 704/704 1029/1029 1150/1150
f 522/522 1029/1029 2839/2839
f 4071/4071 1030/1030 1146/1146
f 528/528 2552/2552 2797/2797
f 2730/2730 3915/3915 2312/2312
f 595/595 2730/2730 2312/2312
f 535/535 1032/1032 940/940
f 450/450 3053/3053 3242/3242
f 408/408 1033/1033 1094/1094
f 410/410 1034/1034 1189/1189
f 709/709 1035/1035 1081/1081
f 392/392 4002/4002 863/863
f 674/674 1036/1036 1102/1102
f 352/352 2647/2647 3314/3314
f 2333/2333 711/711 1038/1038
f 594/594 3531/3531 4034/4034
f 433/433 1039/1039 1096/1096
f 547/547 2814/2814 2121/2121
f 545/545 1040/1040 840/840
f 650/650 1041/1041 1166/1166
f 524/524 3065/3065 744/744
f 1042/1042 2426/2426 3954/3954
f 655/655 2337/2337 2677/2677
f 1043/1043 437/437 900/900
f 3976/3976 2835/2835 2205/2205
f 586/586 1044/1044 1142/1142
f 4041/4041 1045/1045 955/955
f 1045/1045 849/849 623/623
f 421/421 1046/1046 527/527
f 3842/3842 1155/1155 3853/3853
f 717/717 1047/1047 2531/2531
f 593/593 3221/3221 2722/2722
f 1048/1048 725/725 904/904
f 719/719 1049/1049 948/948
f 720/720 2523/2523 602/602
f 605/605 1050/1050 997/997
f 573/573 1050/1050 985/985
f 3986/3986 909/909 2834/2834
f 1052/1052 3182/3182 446/446
f 726/726 1052/1052 1176/1176
f 157/157 1053/1053 2168/2168
f 451/451 1053/1053 1022/1022
f 3820/3820 1143/1143 400/400
f 632/632 1056/1056 966/966
f 695/695 1056/1056 1072/1072
f 488/488 1057/1057 3661/3661
f 1057/1057 3932/3932 385/385
f 611/611 2368/2368 1058/1058
f 893/893 1058/1058 1115/1115
f 686/686 1059/1059 3913/3913
f 732/732 1060/1060 3693/3693
f 632/632 1060/1060 1169/1169
f 670/670 1061/1061 864/864
f 427/427 1062/1062 572/572
f 1062/1062 3765/3765 3328/3328
f 895/895 1063/1063 366/366
f 1063/1063 945/945 590/590
f 367/367 2695/2695 664/664
f 3533/3533 1066/1066 2504/2504
f 784/784 2129/2129 371/371
f 663/663 1067/1067 1139/1139
f 734/734 1068/1068 1158/1158
f 638/638 1068/1068 1019/1019
f 374/374 1069/1069 812/812
f 1069/1069 4109/4109 480/480
f 580/580 1070/1070 756/756
f 775/775 1070/1070 1191/1191
f 489/489 1071/1071 1130/1130
f 1072/1072 468/468 4168/4168
f 386/386 1073/1073 1095/1095
f 1074/1074 396/396 493/493
f 396/396 1074/1074 520/520
f 1075/1075 4039/4039 377/377
f 1173/1173 4039/4039 1075/1075
f 376/376 1076/1076 1180/1180
f 155/155 1077/1077 156/156
f 1077/1077 741/741 3883/3883
f 3840/3840 1079/1079 613/613
f 613/613 1079/1079 1188/1188
f 822/822 1080/1080 792/792
f 710/710 1080/1080 1182/1182
f 509/509 3393/3393 4122/4122
f 1035/1035 4002/4002 1081/1081
f 3609/3609 2568/2568 708/708
f 3233/3233 2657/2657 1136/1136
f 410/410 3410/3410 1034/1034
f 3797/3797 2113/2113 2130/2130
f 530/530 1083/1083 1171/1171
f 516/516 1083/1083 1031/1031
f 1084/1084 2311/2311 473/473
f 519/519 1084/1084 4012/4012
f 396/396 1085/1085 788/788
f 704/704 1086/1086 1029/1029
f 2348/2348 3398/3398 2445/2445
f 4092/4092 1087/1087 1158/1158
f 524/524 3239/3239 3065/3065
f 378/378 2860/2860 2165/2165
f 1089/1089 613/613 745/745
f 613/613 1089/1089 3840/3840
f 829/829 1090/1090 1152/1152
f 720/720 1090/1090 3262/3262
f 748/748 1091/1091 3519/3519
f 468/468 1091/1091 579/579
f 517/517 1092/1092 823/823
f 830/830 1093/1093 796/796
f 405/405 1093/1093 3656/3656
f 3406/3406 1094/1094 1190/1190
f 832/832 1095/1095 1190/1190
f 762/762 3406/3406 4130/4130
f 931/931 1096/1096 1039/1039
f 3670/3670 351/351 1097/1097
f 1039/1039 1202/1202 546/546
f 546/546 3701/3701 3353/3353
f 1108/1108 3343/3343 1098/1098
f 1099/1099 3876/3876 673/673
f 448/448 1099/1099 997/997
f 437/437 1100/1100 1156/1156
f 3300/3300 567/567 2340/2340
f 3646/3646 3008/3008 3643/3643
f 1102/1102 3314/3314 554/554
f 1103/1103 952/952 403/403
f 3836/3836 1104/1104 4053/4053
f 1105/1105 675/675 3943/3943
f 836/836 3035/3035 800/800
f 1107/1107 3193/3193 3178/3178
f 1108/1108 3555/3555 563/563
f 417/417 1108/1108 1098/1098
f 3589/3589 938/938 3748/3748
f 575/575 1109/1109 3432/3432
f 723/723 3384/3384 3432/3432
f 722/722 1110/1110 831/831
f 1111/1111 3602/3602 3978/3978
f 573/573 1112/1112 997/997
f 428/428 1113/1113 4049/4049
f 677/677 2518/2518 737/737
f 656/656 1114/1114 910/910
f 1114/1114 3618/3618 678/678
f 442/442 1115/1115 3930/3930
f 450/450 3005/3005 3080/3080
f 584/584 1116/1116 4120/4120
f 2877/2877 860/860 3060/3060
f 4171/4171 1117/1117 1168/1168
f 4141/4141 485/485 593/593
f 485/485 4141/4141 3805/3805
f 1200/1200 2730/2730 2863/2863
f 400/400 1118/1118 1177/1177
f 1181/1181 4021/4021 3211/3211
f 1119/1119 3617/3617 409/409
f 659/659 3617/3617 2525/2525
f 1120/1120 2267/2267 952/952
f 749/749 1120/1120 2272/2272
f 1121/1121 411/411 612/612
f 411/411 1121/1121 2489/2489
f 525/525 1122/1122 3888/3888
f 1122/1122 2851/2851 671/671
f 2147/2147 2799/2799 1123/1123
f 3848/3848 1123/1123 838/838
f 3769/3769 1124/1124 2973/2973
f 3417/3417 3993/3993 1124/1124
f 754/754 1125/1125 4034/4034
f 921/921 1126/1126 633/633
f 4022/4022 697/697 3885/3885
f 876/876 3186/3186 397/397
f 750/750 1127/1127 1165/1165
f 1127/1127 857/857 759/759
f 642/642 2614/2614 3507/3507
f 399/399 1128/1128 2466/2466
f 1129/1129 3275/3275 3000/3000
f 716/716 1129/1129 902/902
f 649/649 903/903 3297/3297
f 651/651 1130/1130 1071/1071
f 489/489 3693/3693 966/966
f 412/412 2556/2556 2457/2457
f 653/653 2720/2720 3260/3260
f 655/655 1132/1132 806/806
f 1132/1132 2868/2868 353/353
f 655/655 2677/2677 564/564
f 680/680 3046/3046 3166/3166
f 656/656 1133/1133 1201/1201
f 487/487 1134/1134 1135/1135
f 3916/3916 756/756 2947/2947
f 1134/1134 657/657 1135/1135
f 2629/2629 487/487 1135/1135
f 658/658 1136/1136 3870/3870
f 660/660 2281/2281 3364/3364
f 663/663 1139/1139 1138/1138
f 777/777 2149/2149 2520/2520
f 677/677 1140/1140 839/839
f 682/682 1141/1141 965/965
f 458/458 1141/1141 2810/2810
f 943/943 586/586 1142/1142
f 3820/3820 1177/1177 3363/3363
f 400/400 1143/1143 1200/1200
f 1144/1144 930/930 4128/4128
f 696/696 3808/3808 1015/1015
f 385/385 2723/2723 891/891
f 699/699 1146/1146 1030/1030
f 700/700 3182/3182 726/726
f 446/446 1147/1147 3030/3030
f 604/604 1148/1148 1023/1023
f 700/700 3711/3711 505/505
f 704/704 1149/1149 1086/1086
f 1150/1150 3077/3077 704/704
f 1151/1151 2527/2527 715/715
f 461/461 1151/1151 3195/3195
f 720/720 1152/1152 1090/1090
f 1152/1152 3004/3004 529/529
f 2393/2393 4086/4086 1153/1153
f 1153/1153 840/840 351/351
f 535/535 1154/1154 1032/1032
f 3457/3457 3984/3984 3486/3486
f 3853/3853 3720/3720 3842/3842
f 444/444 1155/1155 898/898
f 725/725 3935/3935 2855/2855
f 444/444 3853/3853 1155/1155
f 437/437 2706/2706 900/900
f 729/729 3288/3288 3262/3262
f 515/515 1157/1157 3860/3860
f 730/730 1157/1157 1189/1189
f 734/734 1158/1158 1087/1087
f 4092/4092 1158/1158 3366/3366
f 4089/4089 1076/1076 2753/2753
f 3339/3339 774/774 3574/3574
f 735/735 1159/1159 3339/3339
f 377/377 1159/1159 2822/2822
f 717/717 1160/1160 3423/3423
f 1160/1160 785/785 2704/2704
f 743/743 1161/1161 3084/3084
f 746/746 1162/1162 926/926
f 1162/1162 786/786 4000/4000
f 424/424 1163/1163 1196/1196
f 503/503 1164/1164 3920/3920
f 1164/1164 2758/2758 568/568
f 750/750 1165/1165 2776/2776
f 650/650 1166/1166 4034/4034
f 483/483 3675/3675 2768/2768
f 4072/4072 1167/1167 1191/1191
f 632/632 3641/3641 3168/3168
f 4171/4171 3878/3878 1117/1117
f 763/763 3572/3572 2770/2770
f 763/763 1171/1171 3572/3572
f 516/516 1171/1171 1083/1083
f 766/766 1172/1172 2595/2595
f 4097/4097 3687/3687 3327/3327
f 774/774 1173/1173 871/871
f 481/481 1173/1173 959/959
f 1174/1174 3219/3219 789/789
f 1174/1174 2527/2527 707/707
f 794/794 3958/3958 3872/3872
f 1175/1175 584/584 3976/3976
f 1175/1175 3269/3269 584/584
f 1176/1176 4113/4113 575/575
f 803/803 1176/1176 1052/1052
f 1177/1177 805/805 3363/3363
f 1118/1118 805/805 1177/1177
f 709/709 3431/3431 361/361
f 3431/3431 1178/1178 3702/3702
f 1179/1179 515/515 809/809
f 515/515 1179/1179 1082/1082
f 813/813 1180/1180 1076/1076
f 376/376 2582/2582 181/181
f 1181/1181 814/814 609/609
f 814/814 1181/1181 3211/3211
f 488/488 1182/1182 1080/1080
f 492/492 1183/1183 393/393
f 1183/1183 968/968 3782/3782
f 825/825 1184/1184 2521/2521
f 744/744 1184/1184 1054/1054
f 1185/1185 602/602 826/826
f 2257/2257 602/602 1185/1185
f 826/826 1186/1186 1185/1185
f 600/600 2533/2533 960/960
f 601/601 384/384 830/830
f 838/838 1187/1187 3848/3848
f 4000/4000 1188/1188 641/641
f 845/845 1188/1188 1079/1079
f 849/849 1189/1189 1034/1034
f 410/410 1189/1189 1157/1157
f 850/850 1190/1190 1094/1094
f 4072/4072 1191/1191 2538/2538
f 858/858 1191/1191 1070/1070
f 1192/1192 945/945 471/471
f 447/447 1193/1193 916/916
f 1194/1194 477/477 880/880
f 3014/3014 122/122 3368/3368
f 1195/1195 364/364 3257/3257
f 912/912 1196/1196 1163/1163
f 424/424 1196/1196 470/470
f 3425/3425 3860/3860 3834/3834
f 413/413 3425/3425 3702/3702
f 1198/1198 746/746 926/926
f 746/746 1198/1198 982/982
f 1199/1199 419/419 931/931
f 419/419 1199/1199 2747/2747
f 950/950 1200/1200 1143/1143
f 400/400 1200/1200 2863/2863
f 1201/1201 3882/3882 3167/3167
f 962/962 1201/1201 1133/1133
f 1202/1202 561/561 3701/3701
f 561/561 1202/1202 902/902
f 2113/2113 3410/3410 1082/1082
f 893/893 2116/2116 4074/4074
f 2116/2116 2386/2386 3416/3416
f 3835/3835 2118/2118 3392/3392
f 827/827 3392/3392 2118/2118
f 1012/1012 2120/2120 2452/2452
f 2153/2153 90/90 2452/2452
f 576/576 2121/2121 599/599
f 2221/2221 2122/2122 703/703
f 536/536 3312/3312 426/426
f 2123/2123 2833/2833 426/426
f 2675/2675 2124/2124 2285/2285
f 2163/2163 3241/3241 2285/2285
f 3769/3769 2129/2129 3507/3507
f 4136/4136 2130/2130 670/670
f 670/670 2130/2130 2265/2265
f 2598/2598 2145/2145 371/371
f 2134/2134 2221/2221 703/703
f 2315/2315 2139/2139 3099/3099
f 1113/1113 3099/3099 2139/2139
f 490/490 2141/2141 2270/2270
f 2144/2144 3155/3155 924/924
f 409/409 2146/2146 860/860
f 2146/2146 3060/3060 860/860
f 3151/3151 2147/2147 2458/2458
f 2458/2458 2881/2881 3151/3151
f 2605/2605 4131/4131 637/637
f 959/959 2496/2496 4131/4131
f 2163/2163 2148/2148 3241/3241
f 2148/2148 2546/2546 3241/3241
f 2149/2149 777/777 4070/4070
f 716/716 2150/2150 2745/2745
f 2150/2150 2615/2615 549/549
f 2151/2151 2862/2862 2771/2771
f 631/631 2286/2286 2151/2151
f 619/619 2153/2153 994/994
f 2120/2120 994/994 2153/2153
f 2853/2853 3798/3798 791/791
f 3798/3798 2179/2179 791/791
f 93/93 2159/2159 3642/3642
f 2159/2159 3076/3076 3642/3642
f 363/363 2163/2163 1145/1145
f 2124/2124 1145/1145 2163/2163
f 2164/2164 2457/2457 3049/3049
f 2316/2316 2116/2116 537/537
f 7/7 2168/2168 158/158
f 2326/2326 2171/2171 415/415
f 888/888 2229/2229 2171/2171
f 2427/2427 2172/2172 523/523
f 2172/2172 3059/3059 523/523
f 3437/3437 2345/2345 712/712
f 2310/2310 2175/2175 2621/2621
f 2473/2473 4033/4033 3441/3441
f 692/692 3441/3441 4033/4033
f 2758/2758 2177/2177 801/801
f 3602/3602 2177/2177 3978/3978
f 953/953 2179/2179 647/647
f 136/136 4014/4014 137/137
f 4014/4014 2463/2463 137/137
f 963/963 2182/2182 2363/2363
f 3454/3454 2182/2182 3779/3779
f 3516/3516 2204/2204 2188/2188
f 2397/2397 2189/2189 4065/4065
f 3160/3160 2189/2189 944/944
f 2212/2212 2190/2190 569/569
f 2190/2190 927/927 569/569
f 3264/3264 2191/2191 2854/2854
f 2854/2854 2859/2859 3264/3264
f 3990/3990 2534/2534 844/844
f 2534/2534 2196/2196 844/844
f 1083/1083 844/844 2196/2196
f 570/570 2200/2200 911/911
f 2200/2200 2271/2271 911/911
f 1061/1061 2265/2265 738/738
f 2188/2188 2204/2204 569/569
f 1175/1175 2205/2205 556/556
f 556/556 2205/2205 3160/3160
f 2755/2755 2206/2206 2289/2289
f 787/787 2289/2289 2206/2206
f 365/365 2210/2210 924/924
f 2144/2144 924/924 2210/2210
f 3990/3990 3267/3267 2211/2211
f 2190/2190 2212/2212 906/906
f 2212/2212 3945/3945 906/906
f 419/419 2218/2218 1047/1047
f 2218/2218 3221/3221 1047/1047
f 2134/2134 2217/2217 2221/2221
f 3990/3990 844/844 2224/2224
f 2226/2226 874/874 2405/2405
f 2310/2310 714/714 3751/3751
f 1027/1027 3779/3779 2232/2232
f 365/365 924/924 2232/2232
f 2229/2229 2233/2233 415/415
f 2233/2233 2984/2984 415/415
f 2463/2463 3871/3871 137/137
f 138/138 137/137 3871/3871
f 3533/3533 2236/2236 1066/1066
f 2229/2229 4133/4133 3498/3498
f 4133/4133 2539/2539 3498/3498
f 798/798 2315/2315 2244/2244
f 2553/2553 2246/2246 2365/2365
f 2628/2628 2247/2247 617/617
f 36/36 992/992 2247/2247
f 560/560 2248/2248 937/937
f 2883/2883 2610/2610 2248/2248
f 2644/2644 4094/4094 3782/3782
f 654/654 3782/3782 4094/4094
f 1092/1092 2251/2251 802/802
f 2200/2200 802/802 2251/2251
f 2159/2159 624/624 2253/2253
f 1101/1101 3008/3008 2254/2254
f 404/404 926/926 2188/2188
f 3510/3510 2258/2258 3681/3681
f 2254/2254 3646/3646 2258/2258
f 2149/2149 664/664 2520/2520
f 498/498 2260/2260 918/918
f 2262/2262 2307/2307 3148/3148
f 412/412 2263/2263 862/862
f 2263/2263 2838/2838 862/862
f 2934/2934 2264/2264 4086/4086
f 4086/4086 2264/2264 3295/3295
f 2202/2202 2265/2265 491/491
f 2130/2130 491/491 2265/2265
f 154/154 2266/2266 2837/2837
f 554/554 2267/2267 2861/2861
f 1120/1120 749/749 2267/2267
f 42/42 2270/2270 43/43
f 2141/2141 43/43 2270/2270
f 2290/2290 2577/2577 2271/2271
f 2200/2200 2251/2251 2271/2271
f 2417/2417 2272/2272 3163/3163
f 439/439 2275/2275 900/900
f 795/795 900/900 2275/2275
f 92/92 624/624 2159/2159
f 712/712 2278/2278 3437/3437
f 2279/2279 864/864 3462/3462
f 391/391 864/864 2279/2279
f 3902/3902 2280/2280 2543/2543
f 64/64 2281/2281 65/65
f 660/660 65/65 2281/2281
f 2124/2124 2163/2163 2285/2285
f 2151/2151 2286/2286 2862/2862
f 2286/2286 2538/2538 2862/2862
f 2254/2254 2288/2288 1101/1101
f 2288/2288 3624/3624 1101/1101
f 2289/2289 3373/3373 2755/2755
f 2289/2289 3211/3211 3373/3373
f 3013/3013 2293/2293 3057/3057
f 3057/3057 2293/2293 4098/4098
f 3024/3024 2296/2296 119/119
f 2296/2296 2504/2504 119/119
f 3847/3847 2300/2300 487/487
f 1134/1134 487/487 2300/2300
f 2825/2825 2305/2305 663/663
f 1067/1067 663/663 2305/2305
f 2262/2262 881/881 2307/2307
f 2310/2310 3207/3207 3108/3108
f 1064/1064 2311/2311 519/519
f 1084/1084 519/519 2311/2311
f 2312/2312 3004/3004 2347/2347
f 2122/2122 2314/2314 703/703
f 2139/2139 2315/2315 2316/2316
f 452/452 2318/2318 736/736
f 2841/2841 2431/2431 2319/2319
f 2118/2118 2320/2320 827/827
f 610/610 2321/2321 3551/3551
f 606/606 3150/3150 2321/2321
f 3593/3593 2324/2324 2850/2850
f 739/739 2850/2850 2324/2324
f 2326/2326 3809/3809 2924/2924
f 2893/2893 819/819 2330/2330
f 2300/2300 2333/2333 3116/3116
f 2334/2334 3056/3056 2713/2713
f 2426/2426 2337/2337 2460/2460
f 1100/1100 2340/2340 1156/1156
f 2145/2145 2343/2343 371/371
f 784/784 371/371 2343/2343
f 3214/3214 2348/2348 4092/4092
f 1087/1087 4092/4092 2348/2348
f 1065/1065 2349/2349 810/810
f 2349/2349 969/969 810/810
f 2351/2351 2431/2431 3153/3153
f 2312/2312 2352/2352 595/595
f 2352/2352 2913/2913 595/595
f 161/161 3189/3189 162/162
f 2318/2318 162/162 3189/3189
f 104/104 4129/4129 2960/2960
f 362/362 2354/2354 4125/4125
f 808/808 4125/4125 2354/2354
f 2579/2579 2360/2360 1036/1036
f 868/868 2361/2361 626/626
f 625/625 626/626 2361/2361
f 451/451 2168/2168 1053/1053
f 1051/1051 2365/2365 568/568
f 1175/1175 2368/2368 3269/3269
f 3612/3612 2373/2373 983/983
f 1183/1183 983/983 2373/2373
f 2360/2360 648/648 2375/2375
f 2372/2372 592/592 2829/2829
f 2271/2271 423/423 2290/2290
f 1030/1030 2426/2426 2383/2383
f 615/615 2385/2385 3178/3178
f 2385/2385 3701/3701 3604/3604
f 2525/2525 2386/2386 659/659
f 557/557 659/659 2386/2386
f 778/778 2390/2390 592/592
f 3494/3494 2395/2395 3512/3512
f 1142/1142 3512/3512 2395/2395
f 2554/2554 2396/2396 3532/3532
f 2396/2396 2797/2797 3532/3532
f 2113/2113 4159/4159 2209/2209
f 2189/2189 2397/2397 977/977
f 539/539 2400/2400 2654/2654
f 874/874 3504/3504 2400/2400
f 2212/2212 2204/2204 1148/1148
f 856/856 2401/2401 1138/1138
f 2401/2401 2319/2319 1138/1138
f 2405/2405 3727/3727 2226/2226
f 1144/1144 4128/4128 2405/2405
f 359/359 2409/2409 922/922
f 2409/2409 574/574 922/922
f 918/918 2260/2260 2410/2410
f 2572/2572 2411/2411 572/572
f 913/913 572/572 2411/2411
f 2266/2266 2412/2412 684/684
f 153/153 3388/3388 2412/2412
f 2414/2414 2481/2481 948/948
f 457/457 2417/2417 873/873
f 1193/1193 873/873 2417/2417
f 3698/3698 2422/2422 848/848
f 2422/2422 2807/2807 848/848
f 3388/3388 2423/2423 684/684
f 778/778 684/684 2423/2423
f 2310/2310 2621/2621 2424/2424
f 897/897 2615/2615 2427/2427
f 34/34 2428/2428 35/35
f 957/957 2430/2430 636/636
f 2236/2236 636/636 2430/2430
f 2319/2319 2431/2431 663/663
f 3576/3576 2433/2433 777/777
f 4070/4070 777/777 2433/2433
f 3700/3700 2439/2439 3957/3957
f 3957/3957 779/779 3700/3700
f 2836/2836 2441/2441 3142/3142
f 2146/2146 3142/3142 2441/2441
f 77/77 3383/3383 2444/2444
f 1087/1087 2445/2445 523/523
f 897/897 523/523 2445/2445
f 2196/2196 2446/2446 3605/3605
f 3973/3973 3963/3963 2448/2448
f 3061/3061 2449/2449 2987/2987
f 89/89 2452/2452 90/90
f 2120/2120 2153/2153 2452/2452
f 877/877 2455/2455 3668/3668
f 925/925 1016/1016 2455/2455
f 782/782 2456/2456 877/877
f 2455/2455 877/877 2456/2456
f 2314/2314 2122/2122 967/967
f 2164/2164 894/894 2457/2457
f 3848/3848 2458/2458 1123/1123
f 2147/2147 1123/1123 2458/2458
f 2840/2840 2459/2459 526/526
f 2459/2459 3474/3474 526/526
f 2383/2383 2460/2460 460/460
f 806/806 4082/4082 2460/2460
f 3079/3079 2464/2464 3814/3814
f 409/409 3814/3814 2464/2464
f 3978/3978 2465/2465 3300/3300
f 666/666 2466/2466 918/918
f 1128/1128 918/918 2466/2466
f 873/873 2467/2467 457/457
f 912/912 457/457 2467/2467
f 2713/2713 2468/2468 3124/3124
f 2468/2468 4122/4122 3124/3124
f 2149/2149 2469/2469 664/664
f 4012/4012 664/664 2469/2469
f 2390/2390 379/379 2470/2470
f 2272/2272 2471/2471 749/749
f 1163/1163 3402/3402 2471/2471
f 1089/1089 2472/2472 3253/3253
f 2414/2414 3253/3253 2472/2472
f 2473/2473 3895/3895 522/522
f 404/404 927/927 4083/4083
f 927/927 404/404 569/569
f 1062/1062 2476/2476 472/472
f 2476/2476 917/917 472/472
f 3991/3991 2477/2477 823/823
f 2477/2477 3159/3159 823/823
f 672/672 2478/2478 928/928
f 826/826 2479/2479 669/669
f 3951/3951 567/567 2479/2479
f 2480/2480 607/607 986/986
f 607/607 2481/2481 951/951
f 884/884 3709/3709 2740/2740
f 624/624 619/619 2501/2501
f 648/648 2488/2488 3966/3966
f 2489/2489 791/791 2179/2179
f 868/868 2492/2492 2625/2625
f 2492/2492 3039/3039 691/691
f 2349/2349 2134/2134 703/703
f 374/374 2496/2496 1019/1019
f 638/638 1019/1019 2496/2496
f 688/688 2253/2253 2501/2501
f 443/443 2502/2502 3526/3526
f 4149/4149 2502/2502 835/835
f 120/120 2504/2504 1066/1066
f 2296/2296 3533/3533 2504/2504
f 2372/2372 2829/2829 3289/3289
f 2829/2829 2660/2660 3289/3289
f 686/686 1142/1142 2395/2395
f 799/799 2507/2507 462/462
f 730/730 2897/2897 2507/2507
f 2290/2290 423/423 3007/3007
f 517/517 995/995 2509/2509
f 476/476 2511/2511 3441/3441
f 914/914 2473/2473 2511/2511
f 3103/3103 2518/2518 3022/3022
f 3632/3632 3022/3022 2518/2518
f 852/852 2520/2520 810/810
f 810/810 2520/2520 2695/2695
f 650/650 2521/2521 1041/1041
f 2521/2521 3065/3065 1041/1041
f 3288/3288 2523/2523 3262/3262
f 720/720 3262/3262 2523/2523
f 506/506 3243/3243 2524/2524
f 2386/2386 2525/2525 3416/3416
f 2464/2464 2526/2526 3142/3142
f 2123/2123 707/707 2527/2527
f 2528/2528 2689/2689 3274/3274
f 1160/1160 2531/2531 785/785
f 2531/2531 2589/2589 785/785
f 2258/2258 2532/2532 676/676
f 1100/1100 676/676 2532/2532
f 600/600 1186/1186 2533/2533
f 3990/3990 2211/2211 2534/2534
f 3354/3354 2537/2537 2668/2668
f 2537/2537 2631/2631 708/708
f 858/858 2538/2538 1191/1191
f 2286/2286 4072/4072 2538/2538
f 4135/4135 2539/2539 3342/3342
f 2442/2442 3657/3657 2539/2539
f 3243/3243 2542/2542 793/793
f 2542/2542 797/797 793/793
f 770/770 2543/2543 1005/1005
f 2280/2280 1005/1005 2543/2543
f 2148/2148 3454/3454 2546/2546
f 3854/3854 2424/2424 2621/2621
f 1007/1007 2548/2548 543/543
f 2324/2324 543/543 2548/2548
f 356/356 2552/2552 1031/1031
f 2553/2553 804/804 3906/3906
f 908/908 804/804 2553/2553
f 2396/2396 2554/2554 828/828
f 533/533 2968/2968 2554/2554
f 2720/2720 1131/1131 3260/3260
f 412/412 1131/1131 2556/2556
f 496/496 3885/3885 3347/3347
f 2122/2122 2221/2221 2561/2561
f 3725/3725 2564/2564 544/544
f 545/545 544/544 2564/2564
f 1/1 53/53 2567/2567
f 3609/3609 3870/3870 2568/2568
f 2191/2191 3264/3264 2572/2572
f 2271/2271 2577/2577 911/911
f 456/456 3074/3074 2577/2577
f 2360/2360 2579/2579 2488/2488
f 792/792 4040/4040 2579/2579
f 3218/3218 2581/2581 855/855
f 942/942 855/855 2581/2581
f 8/8 181/181 2582/2582
f 3593/3593 2585/2585 824/824
f 2585/2585 3334/3334 824/824
f 3128/3128 2586/2586 369/369
f 3781/3781 369/369 2586/2586
f 2589/2589 2172/2172 785/785
f 3798/3798 2591/2591 2624/2624
f 979/979 2624/2624 2591/2591
f 859/859 454/454 2592/2592
f 2305/2305 2593/2593 629/629
f 479/479 2883/2883 2593/2593
f 3405/3405 2595/2595 2833/2833
f 3284/3284 426/426 2833/2833
f 1074/1074 2546/2546 1027/1027
f 2145/2145 2598/2598 3728/3728
f 3993/3993 2598/2598 2973/2973
f 2272/2272 2417/2417 2471/2471
f 145/145 2602/2602 146/146
f 2518/2518 2606/2606 737/737
f 2248/2248 2610/2610 937/937
f 704/704 2611/2611 1149/1149
f 518/518 2664/2664 2611/2611
f 399/399 2614/2614 1128/1128
f 642/642 1128/1128 2614/2614
f 2615/2615 2704/2704 2427/2427
f 2150/2150 2704/2704 2615/2615
f 2202/2202 2209/2209 808/808
f 489/489 2621/2621 1071/1071
f 2175/2175 1071/1071 2621/2621
f 390/390 2624/2624 514/514
f 979/979 3560/3560 2624/2624
f 868/868 2625/2625 370/370
f 4078/4078 370/370 2625/2625
f 1007/1007 472/472 2548/2548
f 701/701 708/708 2631/2631
f 2144/2144 3257/3257 2627/2627
f 409/409 3617/3617 3814/3814
f 2118/2118 2628/2628 617/617
f 3150/3150 2629/2629 3551/3551
f 2270/2270 42/42 1014/1014
f 2537/2537 4062/4062 2631/2631
f 430/430 2632/2632 3683/3683
f 1131/1131 2632/2632 3260/3260
f 669/669 2635/2635 759/759
f 1165/1165 759/759 2635/2635
f 4005/4005 2637/2637 4148/4148
f 1000/1000 512/512 2637/2637
f 3200/3200 2638/2638 3736/3736
f 420/420 3736/3736 2638/2638
f 1067/1067 2784/2784 2800/2800
f 654/654 2642/2642 1170/1170
f 3572/3572 2642/2642 2770/2770
f 2345/2345 2643/2643 712/712
f 2459/2459 712/712 2643/2643
f 3072/3072 2646/2646 3417/3417
f 403/403 2647/2647 1037/1037
f 2244/2244 2315/2315 3099/3099
f 2409/2409 2650/2650 3101/3101
f 690/690 2652/2652 368/368
f 761/761 368/368 2652/2652
f 142/142 2653/2653 1011/1011
f 692/692 1011/1011 2653/2653
f 539/539 2654/2654 922/922
f 359/359 922/922 2654/2654
f 2655/2655 842/842 4083/4083
f 582/582 842/842 2655/2655
f 2657/2657 3333/3333 3886/3886
f 2330/2330 2659/2659 473/473
f 1084/1084 473/473 2659/2659
f 591/591 2660/2660 890/890
f 2330/2330 2217/2217 2659/2659
f 2585/2585 2664/2664 518/518
f 2456/2456 782/782 2666/2666
f 2592/2592 2470/2470 379/379
f 3198/3198 2668/2668 3886/3886
f 2568/2568 3886/3886 2668/2668
f 470/470 2670/2670 963/963
f 2182/2182 963/963 2670/2670
f 3250/3250 2673/2673 916/916
f 3073/3073 2673/2673 2592/2592
f 4096/4096 2679/2679 820/820
f 2611/2611 3077/3077 2666/2666
f 2465/2465 2635/2635 669/669
f 3448/3448 2688/2688 484/484
f 934/934 484/484 2688/2688
f 4048/4048 2689/2689 685/685
f 607/607 685/685 2689/2689
f 2449/2449 2691/2691 2905/2905
f 3364/3364 2691/2691 2705/2705
f 2695/2695 1065/1065 810/810
f 367/367 1065/1065 2695/2695
f 2697/2697 790/790 3495/3495
f 530/530 1171/1171 2213/2213
f 3871/3871 2701/2701 3281/3281
f 784/784 3281/3281 2701/2701
f 2147/2147 2702/2702 3506/3506
f 1079/1079 3840/3840 2702/2702
f 1160/1160 2704/2704 3423/3423
f 2150/2150 3423/3423 2704/2704
f 2705/2705 660/660 3364/3364
f 729/729 2706/2706 1156/1156
f 437/437 1156/1156 2706/2706
f 3797/3797 2707/2707 1034/1034
f 623/623 1034/1034 2707/2707
f 150/150 3534/3534 990/990
f 447/447 990/990 3534/3534
f 380/380 853/853 2711/2711
f 2247/2247 992/992 617/617
f 775/775 2712/2712 756/756
f 974/974 2947/2947 2712/2712
f 2468/2468 2713/2713 809/809
f 360/360 809/809 2713/2713
f 2233/2233 519/519 2984/2984
f 145/145 2719/2719 867/867
f 365/365 867/867 2719/2719
f 2556/2556 2720/2720 3049/3049
f 3587/3587 3049/3049 2720/2720
f 3208/3208 2988/2988 2721/2721
f 630/630 2722/2722 721/721
f 2218/2218 721/721 2722/2722
f 385/385 3932/3932 2723/2723
f 406/406 2725/2725 797/797
f 2725/2725 2976/2976 797/797
f 1162/1162 2726/2726 786/786
f 2726/2726 2961/2961 786/786
f 3991/3991 2375/2375 648/648
f 2150/2150 2728/2728 3423/3423
f 647/647 2729/2729 953/953
f 539/539 953/953 2729/2729
f 3915/3915 2730/2730 646/646
f 1200/1200 646/646 2730/2730
f 2733/2733 3263/3263 2756/2756
f 531/531 2735/2735 843/843
f 2459/2459 843/843 2735/2735
f 109/109 108/108 475/475
f 1010/1010 110/110 2739/2739
f 2740/2740 968/968 2752/2752
f 821/821 2741/2741 1117/1117
f 533/533 1117/1117 2741/2741
f 3930/3930 2742/2742 442/442
f 585/585 442/442 2742/2742
f 2743/2743 3491/3491 733/733
f 2448/2448 2744/2744 3973/3973
f 897/897 3973/3973 2744/2744
f 2742/2742 944/944 585/585
f 2448/2448 2745/2745 549/549
f 1153/1153 2747/2747 840/840
f 1132/1132 2749/2749 2868/2868
f 2749/2749 3042/3042 2868/2868
f 2373/2373 2752/2752 968/968
f 376/376 2753/2753 1076/1076
f 735/735 4089/4089 2753/2753
f 2755/2755 591/591 890/890
f 657/657 591/591 2755/2755
f 2360/2360 2488/2488 648/648
f 821/821 2762/2762 2741/2741
f 2762/2762 2439/2439 2741/2741
f 1085/1085 4023/4023 887/887
f 4140/4140 2763/2763 449/449
f 883/883 449/449 2763/2763
f 2531/2531 593/593 2589/2589
f 2501/2501 2253/2253 624/624
f 2763/2763 2765/2765 3101/3101
f 987/987 483/483 2768/2768
f 2642/2642 2873/2873 2770/2770
f 2165/2165 2151/2151 2771/2771
f 2537/2537 708/708 2668/2668
f 3350/3350 2772/2772 164/164
f 165/165 164/164 2772/2772
f 100/100 3186/3186 2774/2774
f 2177/2177 2776/2776 2635/2635
f 1165/1165 2635/2635 2776/2776
f 2781/2781 2314/2314 2867/2867
f 969/969 2314/2314 2781/2781
f 3991/3991 2782/2782 1037/1037
f 403/403 1037/1037 2782/2782
f 922/922 574/574 3452/3452
f 411/411 574/574 4081/4081
f 560/560 2784/2784 2248/2248
f 1067/1067 629/629 2784/2784
f 3950/3950 2787/2787 781/781
f 528/528 2797/2797 747/747
f 2396/2396 747/747 2797/2797
f 3833/3833 2798/2798 3995/3995
f 115/115 3822/3822 2798/2798
f 1049/1049 2799/2799 3253/3253
f 575/575 3432/3432 438/438
f 3275/3275 2804/2804 3000/3000
f 2804/2804 3225/3225 3000/3000
f 783/783 395/395 3479/3479
f 3318/3318 2805/2805 3792/3792
f 2805/2805 3270/3270 3792/3792
f 466/466 2807/2807 999/999
f 2422/2422 999/999 2807/2807
f 2116/2116 2809/2809 2386/2386
f 2810/2810 932/932 618/618
f 2312/2312 2347/2347 2352/2352
f 2150/2150 549/549 2745/2745
f 545/545 2814/2814 1040/1040
f 547/547 1040/1040 2814/2814
f 748/748 2815/2815 603/603
f 1005/1005 603/603 2815/2815
f 2816/2816 3291/3291 601/601
f 127/127 2820/2820 128/128
f 377/377 2822/2822 3366/3366
f 2823/2823 499/499 3013/3013
f 2351/2351 3345/3345 2825/2825
f 2805/2805 890/890 2829/2829
f 974/974 3289/3289 2660/2660
f 655/655 806/806 2460/2460
f 2552/2552 3532/3532 2797/2797
f 2595/2595 3284/3284 2833/2833
f 175/175 2351/2351 3153/3153
f 1051/1051 2834/2834 2365/2365
f 2834/2834 2992/2992 2365/2365
f 3976/3976 1044/1044 2835/2835
f 2441/2441 2836/2836 942/942
f 583/583 942/942 2836/2836
f 642/642 3287/3287 4014/4014
f 793/793 1015/1015 2524/2524
f 154/154 2837/2837 155/155
f 1077/1077 155/155 2837/2837
f 72/72 862/862 2838/2838
f 4033/4033 2839/2839 3875/3875
f 2839/2839 1029/1029 3875/3875
f 4124/4124 2841/2841 2991/2991
f 2319/2319 2991/2991 2841/2841
f 464/464 2845/2845 4052/4052
f 116/116 2798/2798 771/771
f 531/531 796/796 2278/2278
f 2433/2433 3076/3076 471/471
f 2762/2762 3430/3430 2439/2439
f 2585/2585 2850/2850 521/521
f 3121/3121 2851/2851 4048/4048
f 4048/4048 685/685 3121/3121
f 3119/3119 2774/2774 876/876
f 1161/1161 2591/2591 2853/2853
f 3715/3715 2854/2854 3328/3328
f 2191/2191 3328/3328 2854/2854
f 2855/2855 3451/3451 800/800
f 800/800 3505/3505 2855/2855
f 63/63 2856/2856 64/64
f 2856/2856 2281/2281 64/64
f 441/441 2859/2859 1006/1006
f 688/688 1006/1006 2859/2859
f 166/166 2860/2860 1088/1088
f 378/378 1088/1088 2860/2860
f 3402/3402 2861/2861 749/749
f 2267/2267 749/749 2861/2861
f 2771/2771 2862/2862 754/754
f 754/754 1166/1166 2771/2771
f 1118/1118 2863/2863 595/595
f 2730/2730 595/595 2863/2863
f 2864/2864 3612/3612 983/983
f 97/97 2867/2867 98/98
f 2867/2867 3338/3338 98/98
f 353/353 2868/2868 837/837
f 2411/2411 2572/2572 2868/2868
f 674/674 2869/2869 1036/1036
f 2869/2869 2579/2579 1036/1036
f 1119/1119 860/860 2877/2877
f 3029/3029 2878/2878 402/402
f 778/778 402/402 2878/2878
f 446/446 2881/2881 354/354
f 804/804 354/354 2881/2881
f 2593/2593 2883/2883 629/629
f 2248/2248 629/629 2883/2883
f 85/85 2886/2886 392/392
f 134/134 2887/2887 820/820
f 854/854 820/820 2887/2887
f 2897/2897 2888/2888 462/462
f 620/620 462/462 2888/2888
f 2891/2891 2888/2888 3487/3487
f 1008/1008 2893/2893 473/473
f 2330/2330 473/473 2893/2893
f 84/84 83/83 2894/2894
f 2895/2895 3070/3070 3281/3281
f 2896/2896 3491/3491 3365/3365
f 3052/3052 919/919 760/760
f 455/455 760/760 919/919
f 2897/2897 3487/3487 2888/2888
f 730/730 3487/3487 2897/2897
f 2182/2182 662/662 2363/2363
f 2729/2729 2405/2405 2400/2400
f 548/548 2902/2902 4076/4076
f 2121/2121 2903/2903 599/599
f 2414/2414 599/599 2903/2903
f 2449/2449 2905/2905 2987/2987
f 2352/2352 614/614 2913/2913
f 407/407 2915/2915 2933/2933
f 2915/2915 552/552 964/964
f 2401/2401 856/856 2916/2916
f 2629/2629 3150/3150 693/693
f 950/950 693/693 3150/3150
f 2202/2202 2921/2921 738/738
f 776/776 738/738 2921/2921
f 3382/3382 2924/2924 366/366
f 895/895 366/366 2924/2924
f 2442/2442 2929/2929 395/395
f 1101/1101 3624/3624 1078/1078
f 2932/2932 2944/2944 1078/1078
f 2915/2915 964/964 2933/2933
f 2264/2264 2934/2934 630/630
f 958/958 630/630 2934/2934
f 2205/2205 1175/1175 3976/3976
f 129/129 2939/2939 130/130
f 1018/1018 130/130 2939/2939
f 2941/2941 1193/1193 3163/3163
f 2511/2511 2473/2473 3441/3441
f 3775/3775 2944/2944 551/551
f 2932/2932 551/551 2944/2944
f 3632/3632 2945/2945 752/752
f 570/570 752/752 2945/2945
f 657/657 2947/2947 591/591
f 974/974 591/591 2947/2947
f 3072/3072 2950/2950 1066/1066
f 120/120 1066/1066 2950/2950
f 2337/2337 2426/2426 1042/1042
f 384/384 2951/2951 425/425
f 827/827 2320/2320 2951/2951
f 675/675 2957/2957 3309/3309
f 2957/2957 679/679 603/603
f 1081/1081 3393/3393 1178/1178
f 413/413 3702/3702 2958/2958
f 2139/2139 537/537 2959/2959
f 2960/2960 105/105 104/104
f 1009/1009 106/106 2960/2960
f 2961/2961 526/526 3474/3474
f 2726/2726 526/526 2961/2961
f 768/768 2965/2965 60/60
f 61/61 60/60 2965/2965
f 2470/2470 2966/2966 3792/3792
f 705/705 2967/2967 993/993
f 671/671 993/993 2967/2967
f 2439/2439 2968/2968 2741/2741
f 533/533 2741/2741 2968/2968
f 4033/4033 3875/3875 2969/2969
f 2409/2409 3101/3101 2765/2765
f 2129/2129 2973/2973 371/371
f 2973/2973 2598/2598 371/371
f 2749/2749 564/564 2976/2976
f 3393/3393 2886/2886 4122/4122
f 2236/2236 2977/2977 636/636
f 2977/2977 4114/4114 636/636
f 2347/2347 2257/2257 1185/1185
f 2390/2390 2423/2423 379/379
f 2244/2244 2980/2980 798/798
f 578/578 798/798 2980/2980
f 2973/2973 1124/1124 3993/3993
f 2725/2725 2983/2983 718/718
f 1125/1125 2538/2538 858/858
f 4012/4012 2984/2984 519/519
f 3664/3664 2987/2987 3536/3536
f 2905/2905 3536/3536 2987/2987
f 2210/2210 2988/2988 3208/3208
f 2542/2542 406/406 797/797
f 2896/2896 2991/2991 733/733
f 2401/2401 733/733 2991/2991
f 2992/2992 3970/3970 3734/3734
f 2834/2834 3970/3970 2992/2992
f 2538/2538 754/754 2862/2862
f 1107/1107 3000/3000 645/645
f 3000/3000 3828/3828 645/645
f 3445/3445 3003/3003 555/555
f 2363/2363 555/555 3003/3003
f 529/529 3004/3004 3915/3915
f 2312/2312 3915/3915 3004/3004
f 578/578 3005/3005 4045/4045
f 450/450 3242/3242 3005/3005
f 3155/3155 2232/2232 924/924
f 2290/2290 3007/3007 439/439
f 2275/2275 439/439 3007/3007
f 1126/1126 359/359 2654/2654
f 672/672 3008/3008 1101/1101
f 4152/4152 3010/3010 3053/3053
f 2148/2148 2163/2163 363/363
f 3013/3013 3057/3057 2823/2823
f 123/123 3014/3014 1194/1194
f 477/477 1194/1194 3014/3014
f 1144/1144 2729/2729 647/647
f 2567/2567 3021/3021 54/54
f 1020/1020 3022/3022 752/752
f 3632/3632 752/752 3022/3022
f 3024/3024 395/395 3031/3031
f 683/683 3026/3026 1022/1022
f 451/451 1022/1022 3026/3026
f 2878/2878 3029/3029 741/741
f 988/988 741/741 3029/3029
f 2881/2881 3030/3030 3151/3151
f 1147/1147 946/946 3030/3030
f 1164/1164 3603/3603 2758/2758
f 2937/2937 2492/2492 626/626
f 2296/2296 3031/3031 2977/2977
f 783/783 2977/2977 3031/3031
f 4136/4136 3032/3032 894/894
f 525/525 3033/3033 3852/3852
f 3033/3033 3274/3274 3852/3852
f 3726/3726 3035/3035 1106/1106
f 836/836 1106/1106 3035/3035
f 687/687 1161/1161 743/743
f 2315/2315 3038/3038 3346/3346
f 558/558 3346/3346 3038/3038
f 761/761 3039/3039 1028/1028
f 2492/2492 1028/1028 3039/3039
f 609/609 3040/3040 976/976
f 616/616 976/976 3040/3040
f 4041/4041 3041/3041 3304/3304
f 2697/2697 429/429 3041/3041
f 913/913 3042/3042 718/718
f 2749/2749 718/718 3042/3042
f 2349/2349 703/703 2314/2314
f 656/656 3046/3046 1133/1133
f 680/680 1133/1133 3046/3046
f 4133/4133 2229/2229 888/888
f 530/530 770/770 2224/2224
f 3602/3602 3047/3047 801/801
f 2164/2164 3049/3049 955/955
f 3587/3587 955/955 3049/3049
f 2646/2646 811/811 628/628
f 618/618 919/919 3052/3052
f 4152/4152 3053/3053 3457/3457
f 3053/3053 3984/3984 3457/3457
f 2334/2334 3744/3744 3056/3056
f 2823/2823 3057/3057 645/645
f 667/667 645/645 3057/3057
f 734/734 523/523 3059/3059
f 465/465 3060/3060 463/463
f 2146/2146 463/463 3060/3060
f 3061/3061 2987/2987 465/465
f 542/542 2469/2469 3998/3998
f 936/936 4035/4035 799/799
f 138/138 3070/3070 139/139
f 2895/2895 879/879 3070/3070
f 2646/2646 3072/3072 811/811
f 1066/1066 811/811 3072/3072
f 2673/2673 3073/3073 916/916
f 2577/2577 3074/3074 911/911
f 376/376 1180/1180 2582/2582
f 2455/2455 3077/3077 925/925
f 1150/1150 925/925 3077/3077
f 1055/1055 3078/3078 417/417
f 2835/2835 4065/4065 2205/2205
f 450/450 3080/3080 940/940
f 3981/3981 940/940 3080/3080
f 622/622 3082/3082 3348/3348
f 1026/1026 3021/3021 3082/3082
f 2151/2151 2165/2165 2772/2772
f 658/658 3083/3083 1136/1136
f 598/598 3233/3233 3083/3083
f 1000/1000 3084/3084 512/512
f 448/448 3169/3169 3087/3087
f 859/859 3831/3831 454/454
f 990/990 3073/3073 3089/3089
f 464/464 3091/3091 44/44
f 45/45 44/44 3091/3091
f 2770/2770 2873/2873 559/559
f 398/398 3479/3479 886/886
f 647/647 3095/3095 930/930
f 390/390 930/930 3095/3095
f 2820/2820 2260/2260 2939/2939
f 1008/1008 2311/2311 1064/1064
f 3981/3981 3099/3099 428/428
f 1113/1113 428/428 3099/3099
f 2763/2763 3101/3101 883/883
f 3101/3101 513/513 883/883
f 578/578 3102/3102 443/443
f 2957/2957 443/443 3102/3102
f 3040/3040 609/609 3103/3103
f 2310/2310 3108/3108 714/714
f 3108/3108 3697/3697 714/714
f 2881/2881 596/596 804/804
f 3110/3110 3712/3712 679/679
f 3412/3412 3112/3112 833/833
f 3112/3112 4049/4049 833/833
f 395/395 783/783 3031/3031
f 2625/2625 3114/3114 4078/4078
f 3763/3763 3115/3115 742/742
f 1176/1176 742/742 3115/3115
f 858/858 3116/3116 1125/1125
f 594/594 1125/1125 3116/3116
f 3118/3118 3755/3755 3772/3772
f 2774/2774 3119/3119 635/635
f 3781/3781 635/635 3119/3119
f 2851/2851 3121/3121 993/993
f 615/615 3635/3635 3121/3121
f 2334/2334 3124/3124 83/83
f 2894/2894 83/83 3124/3124
f 4156/4156 2921/2921 362/362
f 2300/2300 3116/3116 580/580
f 3128/3128 102/102 635/635
f 103/103 102/102 3128/3128
f 914/914 3133/3133 773/773
f 2145/2145 773/773 3133/3133
f 2324/2324 472/472 917/917
f 44/44 2141/2141 464/464
f 91/91 2153/2153 619/619
f 867/867 885/885 470/470
f 2670/2670 470/470 885/885
f 899/899 3146/3146 3229/3229
f 2321/2321 4021/4021 3146/3146
f 179/179 2262/2262 3148/3148
f 3010/3010 3242/3242 3053/3053
f 87/87 3149/3149 3772/3772
f 2321/2321 3150/3150 3551/3551
f 3151/3151 946/946 2702/2702
f 3030/3030 946/946 3151/3151
f 175/175 3153/3153 176/176
f 1149/1149 3154/3154 887/887
f 1085/1085 887/887 3154/3154
f 2144/2144 520/520 3155/3155
f 3128/3128 369/369 4129/4129
f 2957/2957 2502/2502 443/443
f 1013/1013 3157/3157 947/947
f 532/532 947/947 3157/3157
f 794/794 3159/3159 414/414
f 2477/2477 3966/3966 3159/3159
f 2189/2189 3160/3160 4065/4065
f 2205/2205 4065/4065 3160/3160
f 95/95 3162/3162 96/96
f 2941/2941 3163/3163 1140/1140
f 4031/4031 1140/1140 3163/3163
f 2719/2719 144/144 3266/3266
f 2747/2747 3295/3295 2218/2218
f 3165/3165 932/932 2967/2967
f 618/618 932/932 3165/3165
f 2189/2189 3166/3166 944/944
f 3087/3087 3618/3618 3167/3167
f 632/632 3168/3168 1056/1056
f 678/678 3169/3169 1112/1112
f 3169/3169 448/448 1112/1112
f 2726/2726 2840/2840 526/526
f 2278/2278 712/712 2735/2735
f 3635/3635 3178/3178 418/418
f 446/446 3182/3182 1147/1147
f 700/700 1147/1147 3182/3182
f 610/610 3211/3211 4021/4021
f 3659/3659 3188/3188 3347/3347
f 3645/3645 665/665 3188/3188
f 2318/2318 3189/3189 736/736
f 2768/2768 736/736 3189/3189
f 2360/2360 352/352 1036/1036
f 1102/1102 1036/1036 352/352
f 2337/2337 655/655 2460/2460
f 667/667 3193/3193 645/645
f 1107/1107 645/645 3193/3193
f 2869/2869 792/792 2579/2579
f 2833/2833 3195/3195 3405/3405
f 2113/2113 491/491 2130/2130
f 2679/2679 372/372 4014/4014
f 2526/2526 901/901 3142/3142
f 2668/2668 3198/3198 3354/3354
f 3198/3198 3876/3876 3354/3354
f 55/55 3021/3021 1026/1026
f 2638/2638 3200/3200 608/608
f 745/745 608/608 3200/3200
f 2511/2511 3704/3704 3133/3133
f 58/58 1002/1002 3205/3205
f 2144/2144 3208/3208 3257/3257
f 1195/1195 3257/3257 3208/3208
f 2289/2289 814/814 3211/3211
f 3357/3357 3212/3212 751/751
f 3559/3559 3813/3813 3212/3212
f 1005/1005 675/675 3309/3309
f 1105/1105 835/835 675/675
f 2781/2781 3162/3162 969/969
f 2247/2247 2628/2628 355/355
f 2459/2459 2840/2840 843/843
f 4156/4156 776/776 2921/2921
f 2271/2271 2251/2251 423/423
f 2348/2348 3214/3214 740/740
f 3798/3798 2624/2624 3095/3095
f 694/694 3218/3218 3746/3746
f 2632/2632 430/430 3218/3218
f 850/850 3219/3219 707/707
f 3383/3383 4118/4118 776/776
f 469/469 3631/3631 4118/4118
f 992/992 2428/2428 425/425
f 2531/2531 3221/3221 593/593
f 2218/2218 2722/2722 3221/3221
f 2221/2221 2217/2217 3659/3659
f 2804/2804 527/527 3225/3225
f 3568/3568 3226/3226 825/825
f 1184/1184 825/825 3226/3226
f 765/765 3229/3229 976/976
f 1181/1181 976/976 3229/3229
f 628/628 2430/2430 957/957
f 815/815 3661/3661 3157/3157
f 2123/2123 461/461 2833/2833
f 2657/2657 3233/3233 407/407
f 3233/3233 3240/3240 407/407
f 982/982 3237/3237 973/973
f 2840/2840 973/973 3237/3237
f 1041/1041 3239/3239 1088/1088
f 524/524 1088/1088 3239/3239
f 3233/3233 598/598 3240/3240
f 3242/3242 4045/4045 3005/3005
f 3010/3010 4045/4045 3242/3242
f 2542/2542 3243/3243 822/822
f 506/506 822/822 3243/3243
f 3250/3250 486/486 3448/3448
f 790/790 2697/2697 892/892
f 3026/3026 2711/2711 853/853
f 2414/2414 948/948 3253/3253
f 358/358 3254/3254 781/781
f 3254/3254 3950/3950 781/781
f 32/32 3255/3255 33/33
f 893/893 3256/3256 537/537
f 3256/3256 2959/2959 537/537
f 887/887 3257/3257 1086/1086
f 364/364 1086/1086 3257/3257
f 2688/2688 2606/2606 934/934
f 583/583 3260/3260 855/855
f 2632/2632 855/855 3260/3260
f 2944/2944 3261/3261 1078/1078
f 729/729 3262/3262 382/382
f 1090/1090 382/382 3262/3262
f 3004/3004 2257/2257 2347/2347
f 753/753 2934/2934 571/571
f 888/888 3263/3263 3094/3094
f 2733/2733 886/886 3263/3263
f 3264/3264 837/837 2572/2572
f 441/441 837/837 3264/3264
f 2263/2263 412/412 2457/2457
f 3266/3266 143/143 869/869
f 144/144 143/143 3266/3266
f 1056/1056 3267/3267 1072/1072
f 468/468 1072/1072 3267/3267
f 2390/2390 3270/3270 592/592
f 2805/2805 2829/2829 3270/3270
f 2257/2257 720/720 602/602
f 2200/2200 2782/2782 802/802
f 2878/2878 2837/2837 2266/2266
f 3534/3534 3272/3272 873/873
f 2467/2467 873/873 3272/3272
f 3274/3274 719/719 948/948
f 3033/3033 719/719 3274/3274
f 3275/3275 716/716 2745/2745
f 1129/1129 716/716 3275/3275
f 2742/2742 2368/2368 556/556
f 1103/1103 3280/3280 839/839
f 3186/3186 876/876 2774/2774
f 2921/2921 2354/2354 362/362
f 3281/3281 772/772 2895/2895
f 784/784 772/772 3281/3281
f 3282/3282 779/779 3957/3957
f 1042/1042 779/779 3282/3282
f 2799/2799 3506/3506 3253/3253
f 3284/3284 1172/1172 4097/4097
f 2595/2595 1172/1172 3284/3284
f 3257/3257 887/887 2627/2627
f 642/642 3507/3507 3287/3287
f 3288/3288 729/729 1156/1156
f 2372/2372 3289/3289 502/502
f 706/706 502/502 3289/3289
f 2816/2816 3237/3237 3291/3291
f 3256/3256 727/727 2959/2959
f 3295/3295 1153/1153 4086/4086
f 2747/2747 1153/1153 3295/3295
f 2784/2784 3297/3297 2800/2800
f 3872/3872 3299/3299 794/794
f 3159/3159 794/794 3299/3299
f 1111/1111 3300/3300 2532/2532
f 1100/1100 2532/2532 3300/3300
f 133/133 3302/3302 134/134
f 2887/2887 134/134 3302/3302
f 1045/1045 3304/3304 849/849
f 2891/2891 849/849 3304/3304
f 2564/2564 2814/2814 545/545
f 2521/2521 1184/1184 3065/3065
f 2765/2765 3308/3308 574/574
f 4081/4081 3308/3308 3800/3800
f 2123/2123 3312/3312 707/707
f 850/850 707/707 3312/3312
f 1038/1038 3313/3313 3343/3343
f 1098/1098 3343/3343 3313/3313
f 2652/2652 3039/3039 761/761
f 1141/1141 458/458 965/965
f 2267/2267 3314/3314 952/952
f 2647/2647 952/952 3314/3314
f 2743/2743 3214/3214 2822/2822
f 131/131 3316/3316 132/132
f 3705/3705 3316/3316 3302/3302
f 991/991 2754/2754 4076/4076
f 3318/3318 787/787 2805/2805
f 412/412 862/862 1004/1004
f 567/567 669/669 2479/2479
f 2465/2465 669/669 567/567
f 538/538 3326/3326 875/875
f 510/510 875/875 3326/3326
f 2856/2856 1137/1137 2281/2281
f 511/511 4097/4097 3327/3327
f 572/572 3328/3328 2191/2191
f 3765/3765 3332/3332 590/590
f 590/590 3332/3332 1063/1063
f 2933/2933 673/673 3333/3333
f 824/824 3334/3334 416/416
f 4063/4063 3334/3334 518/518
f 594/594 2333/2333 1038/1038
f 2752/2752 818/818 3118/3118
f 2410/2410 2260/2260 373/373
f 150/150 3089/3089 151/151
f 3205/3205 3394/3394 3527/3527
f 99/99 98/98 3338/3338
f 4039/4039 3339/3339 377/377
f 1159/1159 377/377 3339/3339
f 2673/2673 2966/2966 2592/2592
f 771/771 3342/3342 116/116
f 117/117 116/116 3342/3342
f 3313/3313 3524/3524 1098/1098
f 4098/4098 667/667 3057/3057
f 2809/2809 3346/3346 935/935
f 588/588 2853/2853 791/791
f 3041/3041 3079/3079 892/892
f 2561/2561 3659/3659 3347/3347
f 3865/3865 3348/3348 52/52
f 53/53 52/52 3348/3348
f 3954/3954 779/779 1042/1042
f 781/781 3349/3349 4052/4052
f 45/45 3091/3091 3349/3349
f 452/452 3350/3350 163/163
f 164/164 163/163 3350/3350
f 499/499 724/724 4166/4166
f 1048/1048 3684/3684 3351/3351
f 2385/2385 986/986 3353/3353
f 2537/2537 3354/3354 3167/3167
f 3087/3087 3167/3167 3354/3354
f 2279/2279 73/73 2838/2838
f 504/504 3359/3359 156/156
f 157/157 156/156 3359/3359
f 2867/2867 967/967 3338/3338
f 3363/3363 3716/3716 3078/3078
f 3004/3004 1152/1152 2257/2257
f 2691/2691 3364/3364 3752/3752
f 1137/1137 3752/3752 3364/3364
f 177/177 375/375 3846/3846
f 3366/3366 1075/1075 377/377
f 1158/1158 1075/1075 3366/3366
f 2190/2190 906/906 3405/3405
f 3368/3368 477/477 3014/3014
f 453/453 3369/3369 169/169
f 170/170 169/169 3369/3369
f 934/934 787/787 3318/3318
f 657/657 3373/3373 1135/1135
f 610/610 1135/1135 3373/3373
f 3308/3308 2765/2765 661/661
f 3378/3378 3365/3365 3491/3491
f 881/881 3365/3365 3378/3378
f 2924/2924 3382/3382 980/980
f 1007/1007 980/980 3382/3382
f 3992/3992 4148/4148 512/512
f 2637/2637 512/512 4148/4148
f 4118/4118 3383/3383 76/76
f 77/77 76/76 3383/3383
f 1174/1174 707/707 3219/3219
f 949/949 2438/2438 3384/3384
f 433/433 3423/3423 2728/2728
f 1052/1052 726/726 3182/3182
f 581/581 3387/3387 975/975
f 757/757 975/975 3387/3387
f 3388/3388 684/684 2412/2412
f 3574/3574 1076/1076 4089/4089
f 3392/3392 3979/3979 3835/3835
f 582/582 2655/2655 3392/3392
f 2886/2886 3393/3393 1081/1081
f 2383/2383 2426/2426 2460/2460
f 3205/3205 743/743 3394/3394
f 3963/3963 3396/3396 3614/3614
f 421/421 3614/3614 3396/3396
f 517/517 823/823 3299/3299
f 897/897 3398/3398 3973/3973
f 978/978 3973/3973 3398/3398
f 1102/1102 352/352 3314/3314
f 4151/4151 33/33 3255/3255
f 1023/1023 3115/3115 507/507
f 2147/2147 3506/3506 2799/2799
f 899/899 765/765 847/847
f 2861/2861 3402/3402 865/865
f 1163/1163 865/865 3402/3402
f 435/435 797/797 2976/2976
f 4160/4160 1011/1011 2969/2969
f 2595/2595 3405/3405 766/766
f 906/906 766/766 3405/3405
f 2787/2787 46/46 3349/3349
f 2713/2713 3124/3124 2334/2334
f 1073/1073 4130/4130 1095/1095
f 1190/1190 1095/1095 3406/3406
f 878/878 2466/2466 666/666
f 1034/1034 3410/3410 3797/3797
f 2113/2113 3797/3797 3410/3410
f 3412/3412 678/678 1112/1112
f 731/731 3416/3416 1119/1119
f 2525/2525 1119/1119 3416/3416
f 3368/3368 3417/3417 477/477
f 880/880 477/477 3417/3417
f 439/439 3903/3903 2290/2290
f 668/668 3786/3786 728/728
f 717/717 3423/3423 1096/1096
f 433/433 1096/1096 3423/3423
f 651/651 3424/3424 1130/1130
f 732/732 1130/1130 3424/3424
f 515/515 3425/3425 413/413
f 1197/1197 3702/3702 3425/3425
f 920/920 970/970 483/483
f 1167/1167 483/483 3428/3428
f 847/847 3429/3429 501/501
f 3429/3429 829/829 501/501
f 532/532 3430/3430 3722/3722
f 2762/2762 3975/3975 3430/3430
f 709/709 1178/1178 3431/3431
f 2534/2534 2211/2211 3168/3168
f 3435/3435 3799/3799 2725/2725
f 2675/2675 3799/3799 3435/3435
f 450/450 1032/1032 3053/3053
f 2345/2345 3437/3437 548/548
f 2278/2278 4064/4064 3437/3437
f 2581/2581 3218/3218 694/694
f 3438/3438 917/917 3947/3947
f 739/739 917/917 3438/3438
f 2492/2492 691/691 2625/2625
f 476/476 3441/3441 1017/1017
f 692/692 1017/1017 3441/3441
f 1164/1164 2246/2246 3920/3920
f 2977/2977 783/783 4114/4114
f 984/984 3444/3444 383/383
f 3444/3444 3841/3841 383/383
f 3003/3003 3445/3445 865/865
f 3445/3445 2861/2861 865/865
f 2478/2478 3261/3261 459/459
f 2688/2688 3448/3448 486/486
f 585/585 944/944 3046/3046
f 3451/3451 3935/3935 3853/3853
f 2855/2855 3935/3935 3451/3451
f 2171/2171 2229/2229 415/415
f 574/574 411/411 3452/3452
f 170/170 3369/3369 3453/3453
f 2182/2182 3454/3454 662/662
f 2148/2148 662/662 3454/3454
f 2524/2524 3243/3243 793/793
f 4152/4152 3457/3457 3108/3108
f 905/905 3108/3108 3457/3457
f 165/165 2165/2165 2860/2860
f 2564/2564 3459/3459 401/401
f 74/74 2279/2279 3462/3462
f 518/518 2666/2666 4063/4063
f 129/129 2820/2820 2939/2939
f 58/58 3468/3468 1002/1002
f 801/801 1051/1051 568/568
f 3047/3047 1051/1051 801/801
f 3041/3041 429/429 3304/3304
f 3474/3474 2643/2643 3670/3670
f 2459/2459 2643/2643 3474/3474
f 62/62 3475/3475 63/63
f 3094/3094 3479/3479 2929/2929
f 395/395 2929/2929 3479/3479
f 3193/3193 418/418 3178/3178
f 1031/1031 1170/1170 516/516
f 3332/3332 3482/3482 366/366
f 1007/1007 3382/3382 3482/3482
f 410/410 1082/1082 3410/3410
f 3457/3457 3486/3486 905/905
f 566/566 905/905 3486/3486
f 2891/2891 3487/3487 849/849
f 1189/1189 849/849 3487/3487
f 3491/3491 713/713 3378/3378
f 2743/2743 713/713 3491/3491
f 2845/2845 4100/4100 3630/3630
f 163/163 162/162 2318/2318
f 3494/3494 3698/3698 848/848
f 3492/3492 3698/3698 3494/3494
f 834/834 3495/3495 3111/3111
f 2229/2229 3498/3498 2233/2233
f 4135/4135 1064/1064 3498/3498
f 465/465 1116/1116 2877/2877
f 2400/2400 3504/3504 2654/2654
f 3936/3936 3240/3240 598/598
f 2855/2855 3505/3505 3662/3662
f 3505/3505 3226/3226 3662/3662
f 1085/1085 521/521 788/788
f 2850/2850 788/788 521/521
f 3253/3253 3506/3506 1089/1089
f 1089/1089 3506/3506 3840/3840
f 3287/3287 3507/3507 784/784
f 2129/2129 784/784 3507/3507
f 1105/1105 3508/3508 835/835
f 3508/3508 4053/4053 835/835
f 857/857 3509/3509 759/759
f 826/826 759/759 3509/3509
f 394/394 2869/2869 3869/3869
f 764/764 3789/3789 1044/1044
f 1142/1142 1044/1044 3512/3512
f 845/845 505/505 3516/3516
f 3990/3990 3519/3519 3267/3267
f 1091/1091 3267/3267 3519/3519
f 3995/3995 3523/3523 3833/3833
f 819/819 2893/2893 3523/3523
f 3524/3524 3680/3680 3820/3820
f 3313/3313 3680/3680 3524/3524
f 2502/2502 558/558 3526/3526
f 59/59 3527/3527 60/60
f 768/768 60/60 3527/3527
f 398/398 886/886 3528/3528
f 3531/3531 1038/1038 3343/3343
f 594/594 1038/1038 3531/3531
f 2807/2807 1059/1059 848/848
f 533/533 3532/3532 1168/1168
f 356/356 1168/1168 3532/3532
f 2236/2236 3533/3533 2977/2977
f 2296/2296 2977/2977 3533/3533
f 3272/3272 3534/3534 149/149
f 3492/3492 3536/3536 3752/3752
f 2905/2905 3752/3752 3536/3536
f 3328/3328 572/572 1062/1062
f 578/578 443/443 3526/3526
f 735/735 2753/2753 2307/2307
f 3047/3047 3543/3543 3813/3813
f 3326/3326 389/389 3544/3544
f 2845/2845 4127/4127 4100/4100
f 3038/3038 798/798 3526/3526
f 610/610 3551/3551 1135/1135
f 2629/2629 1135/1135 3551/3551
f 422/422 915/915 3453/3453
f 2253/2253 1192/1192 471/471
f 3035/3035 562/562 3505/3505
f 3555/3555 417/417 4028/4028
f 1108/1108 417/417 3555/3555
f 2753/2753 376/376 3148/3148
f 436/436 3559/3559 714/714
f 3559/3559 3751/3751 714/714
f 2465/2465 567/567 3300/3300
f 2528/2528 2481/2481 607/607
f 3495/3495 3836/3836 3508/3508
f 2624/2624 3560/3560 514/514
f 447/447 3073/3073 990/990
f 1025/1025 3544/3544 389/389
f 2615/2615 2744/2744 549/549
f 2315/2315 3346/3346 2316/2316
f 3682/3682 3565/3565 389/389
f 1025/1025 389/389 3565/3565
f 639/639 3566/3566 846/846
f 565/565 846/846 3566/3566
f 3226/3226 3568/3568 3662/3662
f 933/933 3662/3662 3568/3568
f 2247/2247 3569/3569 37/37
f 38/38 37/37 3569/3569
f 140/140 3571/3571 141/141
f 3571/3571 2653/2653 141/141
f 2642/2642 3572/3572 1170/1170
f 3572/3572 516/516 1170/1170
f 3574/3574 482/482 813/813
f 774/774 482/482 3574/3574
f 2433/2433 3576/3576 3642/3642
f 527/527 3578/3578 421/421
f 3614/3614 421/421 3578/3578
f 2951/2951 601/601 3291/3291
f 992/992 425/425 2320/2320
f 3314/3314 2267/2267 554/554
f 723/723 1110/1110 3384/3384
f 953/953 539/539 3452/3452
f 901/901 3892/3892 3587/3587
f 445/445 938/938 3589/3589
f 469/469 1061/1061 3631/3631
f 864/864 1061/1061 469/469
f 2957/2957 603/603 3309/3309
f 2171/2171 2756/2756 3263/3263
f 2260/2260 3591/3591 2939/2939
f 2324/2324 3593/3593 543/543
f 107/107 106/106 1009/1009
f 3154/3154 2664/2664 521/521
f 360/360 3056/3056 3918/3918
f 3897/3897 817/817 3918/3918
f 2679/2679 4096/4096 372/372
f 642/642 372/372 4096/4096
f 2164/2164 2707/2707 540/540
f 2804/2804 3275/3275 2745/2745
f 1111/1111 3866/3866 3602/3602
f 1196/1196 146/146 2602/2602
f 3603/3603 2776/2776 2758/2758
f 750/750 2776/2776 3603/3603
f 1197/1197 807/807 3431/3431
f 3178/3178 3604/3604 1107/1107
f 561/561 1107/1107 3604/3604
f 3082/3082 3560/3560 1026/1026
f 861/861 1026/1026 3560/3560
f 1083/1083 3605/3605 1031/1031
f 356/356 1031/1031 3605/3605
f 717/717 1096/1096 3606/3606
f 3298/3298 3687/3687 3609/3609
f 2373/2373 3612/3612 818/818
f 80/80 4125/4125 3613/3613
f 3188/3188 3523/3523 3645/3645
f 2448/2448 3614/3614 3578/3578
f 3726/3726 3615/3615 1054/1054
f 453/453 1054/1054 3615/3615
f 1119/1119 2525/2525 3617/3617
f 2509/2509 995/995 3824/3824
f 2285/2285 3241/3241 493/493
f 687/687 3468/3468 1003/1003
f 4131/4131 2496/2496 637/637
f 2263/2263 391/391 2838/2838
f 3167/3167 3618/3618 1201/1201
f 1114/1114 1201/1201 3618/3618
f 2293/2293 919/919 3165/3165
f 1108/1108 681/681 3343/3343
f 3624/3624 553/553 2932/2932
f 2288/2288 553/553 3624/3624
f 550/550 933/933 3568/3568
f 3089/3089 3073/3073 454/454
f 2787/2787 3950/3950 3629/3629
f 358/358 3630/3630 921/921
f 3098/3098 921/921 3630/3630
f 776/776 3631/3631 738/738
f 1061/1061 738/738 3631/3631
f 2945/2945 3632/3632 839/839
f 677/677 839/839 3632/3632
f 3102/3102 3110/3110 679/679
f 582/582 827/827 3291/3291
f 2423/2423 3388/3388 859/859
f 705/705 3635/3635 418/418
f 745/745 2472/2472 1089/1089
f 680/680 977/977 3639/3639
f 2489/2489 3452/3452 411/411
f 1102/1102 3445/3445 555/555
f 4171/4171 3641/3641 1169/1169
f 632/632 1169/1169 3641/3641
f 93/93 3642/3642 94/94
f 495/495 94/94 3642/3642
f 3643/3643 941/941 3424/3424
f 3008/3008 941/941 3643/3643
f 665/665 3645/3645 368/368
f 4055/4055 368/368 3645/3645
f 3357/3357 3681/3681 3646/3646
f 3133/3133 3704/3704 2145/2145
f 978/978 740/740 2916/2916
f 1111/1111 3510/3510 3866/3866
f 581/581 732/732 3424/3424
f 2172/2172 643/643 3059/3059
f 991/991 3656/3656 31/31
f 118/118 3657/3657 2442/2442
f 2290/2290 728/728 2577/2577
f 708/708 701/701 3658/3658
f 3188/3188 3659/3659 819/819
f 2217/2217 819/819 3659/3659
f 2211/2211 1056/1056 3168/3168
f 3267/3267 1056/1056 2211/2211
f 730/730 1189/1189 3487/3487
f 488/488 3661/3661 1182/1182
f 815/815 1182/1182 3661/3661
f 725/725 3662/3662 563/563
f 933/933 563/563 3662/3662
f 3492/3492 3664/3664 3536/3536
f 2916/2916 740/740 2743/2743
f 4114/4114 877/877 3668/3668
f 2721/2721 2988/2988 3266/3266
f 3576/3576 495/495 3642/3642
f 3505/3505 562/562 3226/3226
f 4144/4144 3670/3670 2643/2643
f 2449/2449 3061/3061 882/882
f 3087/3087 3169/3169 3618/3618
f 2471/2471 3402/3402 749/749
f 3675/3675 1167/1167 4072/4072
f 483/483 1167/1167 3675/3675
f 1070/1070 3116/3116 858/858
f 899/899 3229/3229 765/765
f 2945/2945 3280/3280 570/570
f 597/597 928/928 2478/2478
f 693/693 3680/3680 3847/3847
f 3313/3313 711/711 3680/3680
f 3255/3255 32/32 1093/1093
f 3543/3543 3681/3681 751/751
f 3357/3357 751/751 3681/3681
f 3041/3041 3892/3892 3079/3079
f 3565/3565 3682/3682 929/929
f 538/538 3969/3969 3682/3682
f 1004/1004 3683/3683 1131/1131
f 2632/2632 1131/1131 3683/3683
f 1059/1059 2395/2395 848/848
f 3684/3684 350/350 3351/3351
f 896/896 350/350 3684/3684
f 2864/2864 699/699 3612/3612
f 3327/3327 3687/3687 652/652
f 3298/3298 652/652 3687/3687
f 576/576 3200/3200 3736/3736
f 908/908 2553/2553 445/445
f 2992/2992 445/445 2553/2553
f 1060/1060 966/966 3693/3693
f 4156/4156 2444/2444 3383/3383
f 2177/2177 3602/3602 801/801
f 3571/3571 692/692 2653/2653
f 3108/3108 905/905 3697/3697
f 1137/1137 2422/2422 3698/3698
f 3700/3700 828/828 2968/2968
f 3355/3355 828/828 3700/3700
f 1202/1202 3701/3701 546/546
f 2385/2385 3353/3353 3701/3701
f 2958/2958 3702/3702 1178/1178
f 1197/1197 3431/3431 3702/3702
f 3024/3024 2442/2442 395/395
f 739/739 3438/3438 534/534
f 3704/3704 772/772 2343/2343
f 476/476 772/772 3704/3704
f 882/882 463/463 2441/2441
f 3316/3316 3705/3705 132/132
f 6/6 132/132 3705/3705
f 2561/2561 2221/2221 3659/3659
f 841/841 3707/3707 587/587
f 977/977 2397/2397 3707/3707
f 3565/3565 3658/3658 701/701
f 2888/2888 834/834 541/541
f 2891/2891 834/834 2888/2888
f 611/611 3269/3269 2368/2368
f 2644/2644 3709/3709 884/884
f 968/968 2740/2740 3709/3709
f 677/677 3632/3632 2518/2518
f 2204/2204 3711/3711 1148/1148
f 700/700 1148/1148 3711/3711
f 637/637 812/812 2605/2605
f 1091/1091 3712/3712 579/579
f 3110/3110 4045/4045 3712/3712
f 3715/3715 866/866 3012/3012
f 590/590 866/866 3715/3715
f 896/896 3716/3716 760/760
f 3716/3716 4032/4032 760/760
f 3786/3786 3718/3718 456/456
f 616/616 456/456 3718/3718
f 502/502 988/988 3029/3029
f 598/598 3083/3083 766/766
f 432/432 3842/3842 724/724
f 3935/3935 3351/3351 3720/3720
f 532/532 3722/3722 947/947
f 597/597 947/947 3722/3722
f 2410/2410 698/698 666/666
f 870/870 698/698 2410/2410
f 1105/1105 996/996 3111/3111
f 3725/3725 546/546 3353/3353
f 1039/1039 546/546 3725/3725
f 3297/3297 2784/2784 560/560
f 2206/2206 2805/2805 787/787
f 3035/3035 3726/3726 562/562
f 3726/3726 1054/1054 562/562
f 2226/2226 3727/3727 3629/3629
f 48/48 3727/3727 49/49
f 2145/2145 3728/3728 773/773
f 628/628 773/773 3728/3728
f 1018/1018 3899/3899 3316/3316
f 474/474 3731/3731 495/495
f 94/94 495/495 3731/3731
f 892/892 3079/3079 3814/3814
f 2375/2375 2647/2647 352/352
f 2411/2411 2868/2868 3042/3042
f 2854/2854 3715/3715 3012/3012
f 3732/3732 2675/2675 2285/2285
f 494/494 2675/2675 3732/3732
f 445/445 3734/3734 938/938
f 566/566 938/938 3734/3734
f 547/547 3736/3736 1097/1097
f 420/420 1097/1097 3736/3736
f 547/547 2121/2121 576/576
f 3851/3851 3739/3739 984/984
f 640/640 3444/3444 3739/3739
f 2673/2673 3448/3448 2966/2966
f 172/172 3766/3766 479/479
f 405/405 991/991 2902/2902
f 3613/3613 3744/3744 81/81
f 82/82 81/81 3744/3744
f 791/791 2489/2489 1121/1121
f 2337/2337 1042/1042 696/696
f 3083/3083 3233/3233 1136/1136
f 610/610 3373/3373 3211/3211
f 69/69 3746/3746 430/430
f 3218/3218 430/430 3746/3746
f 2347/2347 965/965 2352/2352
f 1109/1109 3748/3748 972/972
f 566/566 3486/3486 3748/3748
f 641/641 3749/3749 4000/4000
f 1162/1162 4000/4000 3749/3749
f 3559/3559 3212/3212 3751/3751
f 3492/3492 3752/3752 3698/3698
f 1137/1137 3698/3698 3752/3752
f 2896/2896 733/733 3491/3491
f 3707/3707 767/767 3639/3639
f 87/87 3755/3755 88/88
f 3118/3118 872/872 3755/3755
f 2951/2951 2320/2320 425/425
f 2417/2417 457/457 2471/2471
f 831/831 3758/3758 985/985
f 3981/3981 985/985 3758/3758
f 611/611 4074/4074 3416/3416
f 1109/1109 575/575 3589/3589
f 2611/2611 2664/2664 1149/1149
f 32/32 3656/3656 1093/1093
f 2254/2254 3008/3008 3646/3646
f 3115/3115 3763/3763 507/507
f 438/438 3432/3432 3384/3384
f 1062/1062 689/689 3765/3765
f 171/171 915/915 3766/3766
f 627/627 3769/3769 399/399
f 2614/2614 399/399 3769/3769
f 2190/2190 3405/3405 3195/3195
f 1170/1170 2552/2552 528/528
f 510/510 2650/2650 359/359
f 2752/2752 3772/3772 467/467
f 3149/3149 467/467 3772/3772
f 2784/2784 629/629 2248/2248
f 856/856 3774/3774 434/434
f 2944/2944 3775/3775 3958/3958
f 2937/2937 3776/3776 1028/1028
f 634/634 1028/1028 3776/3776
f 2232/2232 3779/3779 885/885
f 2182/2182 2670/2670 3779/3779
f 2937/2937 3781/3781 3119/3119
f 3119/3119 3776/3776 2937/2937
f 1183/1183 3782/3782 393/393
f 654/654 393/393 3782/3782
f 2446/2446 2534/2534 3168/3168
f 1014/1014 3785/3785 762/762
f 1094/1094 762/762 3785/3785
f 2393/2393 2345/2345 907/907
f 1199/1199 840/840 2747/2747
f 566/566 3819/3819 3697/3697
f 3664/3664 3789/3789 764/764
f 3512/3512 1044/1044 3789/3789
f 3318/3318 3792/3792 484/484
f 2966/2966 484/484 3792/3792
f 3239/3239 1041/1041 3065/3065
f 406/406 981/981 3794/3794
f 3353/3353 986/986 3459/3459
f 2707/2707 3797/3797 540/540
f 2896/2896 375/375 4124/4124
f 3378/3378 500/500 2307/2307
f 174/174 173/173 3345/3345
f 147/147 912/912 2467/2467
f 2179/2179 3798/3798 647/647
f 3095/3095 647/647 3798/3798
f 2589/2589 643/643 2172/2172
f 1024/1024 3800/3800 841/841
f 767/767 841/841 3800/3800
f 2502/2502 4149/4149 558/558
f 422/422 937/937 2610/2610
f 2825/2825 663/663 2431/2431
f 2712/2712 2947/2947 756/756
f 492/492 1146/1146 2864/2864
f 458/458 3804/3804 614/614
f 805/805 2913/2913 3804/3804
f 1099/1099 673/673 2933/2933
f 643/643 3805/3805 1019/1019
f 374/374 1019/1019 3805/3805
f 432/432 3225/3225 527/527
f 892/892 3807/3807 790/790
f 1104/1104 3836/3836 790/790
f 780/780 3808/3808 3932/3932
f 696/696 3282/3282 3808/3808
f 3809/3809 542/542 3998/3998
f 2326/2326 415/415 3809/3809
f 3428/3428 970/970 2712/2712
f 2479/2479 602/602 2523/2523
f 3727/3727 48/48 3629/3629
f 752/752 3074/3074 1020/1020
f 2372/2372 3029/3029 402/402
f 3812/3812 39/39 3832/3832
f 40/40 39/39 3812/3812
f 909/909 3986/3986 3813/3813
f 892/892 3814/3814 3807/3807
f 3188/3188 665/665 3347/3347
f 597/597 3387/3387 928/928
f 2642/2642 654/654 4094/4094
f 1154/1154 972/972 3486/3486
f 3363/3363 805/805 3716/3716
f 2577/2577 728/728 3786/3786
f 2657/2657 407/407 3333/3333
f 4100/4100 387/387 3098/3098
f 2585/2585 3593/3593 2850/2850
f 3817/3817 3357/3357 3949/3949
f 2755/2755 3373/3373 657/657
f 3697/3697 3819/3819 436/436
f 1143/1143 3820/3820 3680/3680
f 1055/1055 3524/3524 3820/3820
f 913/913 2983/2983 971/971
f 3645/3645 3995/3995 3822/3822
f 795/795 3824/3824 551/551
f 995/995 551/551 3824/3824
f 2293/2293 3013/3013 455/455
f 2307/2307 2753/2753 3148/3148
f 394/394 1145/1145 3794/3794
f 3718/3718 3786/3786 668/668
f 2539/2539 3657/3657 3342/3342
f 4148/4148 4056/4056 4005/4005
f 3495/3495 3508/3508 3111/3111
f 2756/2756 2326/2326 2924/2924
f 476/476 879/879 2895/2895
f 1084/1084 3825/3825 367/367
f 1065/1065 367/367 3825/3825
f 611/611 731/731 3269/3269
f 550/550 4034/4034 3531/3531
f 2823/2823 3828/3828 889/889
f 3000/3000 3225/3225 3828/3828
f 3032/3032 670/670 864/864
f 2841/2841 3153/3153 2431/2431
f 3089/3089 3831/3831 151/151
f 152/152 151/151 3831/3831
f 3832/3832 4020/4020 3812/3812
f 355/355 4020/4020 3832/3832
f 3833/3833 2893/2893 771/771
f 3523/3523 2893/2893 3833/3833
f 3834/3834 799/799 3997/3997
f 2507/2507 799/799 3834/3834
f 3835/3835 954/954 2628/2628
f 715/715 954/954 3835/3835
f 795/795 2932/2932 553/553
f 4133/4133 888/888 3094/3094
f 3807/3807 1104/1104 790/790
f 3495/3495 790/790 3836/3836
f 2585/2585 518/518 3334/3334
f 3840/3840 3506/3506 2702/2702
f 3445/3445 554/554 2861/2861
f 441/441 3841/3841 3910/3910
f 1046/1046 3842/3842 432/432
f 3720/3720 724/724 3842/3842
f 1020/1020 3844/3844 3022/3022
f 3040/3040 3103/3103 3844/3844
f 178/178 3846/3846 881/881
f 3365/3365 881/881 3846/3846
f 2629/2629 3847/3847 487/487
f 2556/2556 3049/3049 2457/2457
f 2458/2458 3848/3848 596/596
f 1187/1187 596/596 3848/3848
f 939/939 4111/4111 3849/3849
f 2610/2610 479/479 3766/3766
f 3739/3739 3851/3851 460/460
f 699/699 460/460 3851/3851
f 4031/4031 3163/3163 1120/1120
f 2272/2272 1120/1120 3163/3163
f 2689/2689 4048/4048 3852/3852
f 3720/3720 3853/3853 3935/3935
f 444/444 3451/3451 3853/3853
f 2224/2224 2815/2815 748/748
f 3854/3854 695/695 1072/1072
f 489/489 695/695 3854/3854
f 847/847 3856/3856 3718/3718
f 976/976 616/616 3856/3856
f 1063/1063 3859/3859 945/945
f 471/471 945/945 3859/3859
f 2896/2896 3365/3365 375/375
f 3814/3814 3617/3617 659/659
f 3212/3212 3817/3817 2175/2175
f 3863/3863 652/652 3969/3969
f 832/832 3327/3327 3863/3863
f 3865/3865 51/51 4132/4132
f 52/52 51/51 3865/3865
f 3543/3543 3047/3047 3866/3866
f 2903/2903 951/951 2481/2481
f 4157/4157 3114/3114 690/690
f 2689/2689 2528/2528 607/607
f 3868/3868 40/40 3812/3812
f 41/41 40/40 3868/3868
f 394/394 3869/3869 1145/1145
f 363/363 1145/1145 3869/3869
f 658/658 3870/3870 3687/3687
f 3609/3609 3687/3687 3870/3870
f 2701/2701 3871/3871 2463/2463
f 2463/2463 3287/3287 2701/2701
f 3299/3299 3872/3872 995/995
f 3872/3872 3775/3775 995/995
f 2579/2579 4040/4040 2488/2488
f 2809/2809 2316/2316 3346/3346
f 1151/1151 461/461 2527/2527
f 4160/4160 3875/3875 1195/1195
f 364/364 1195/1195 3875/3875
f 3198/3198 673/673 3876/3876
f 3635/3635 615/615 3178/3178
f 589/589 3878/3878 1169/1169
f 4171/4171 1169/1169 3878/3878
f 357/357 3882/3882 962/962
f 1201/1201 962/962 3882/3882
f 4131/4131 2605/2605 24/24
f 504/504 3883/3883 1022/1022
f 988/988 1022/1022 3883/3883
f 2561/2561 3885/3885 697/697
f 634/634 4022/4022 3885/3885
f 2657/2657 3886/3886 3870/3870
f 2568/2568 3870/3870 3886/3886
f 2244/2244 3099/3099 3981/3981
f 639/639 3888/3888 857/857
f 3253/3253 948/948 1049/1049
f 3587/3587 3892/3892 4041/4041
f 3041/3041 4041/4041 3892/3892
f 730/730 3860/3860 1157/1157
f 3872/3872 3958/3958 3775/3775
f 3084/3084 1000/1000 3394/3394
f 2473/2473 914/914 3895/3895
f 3509/3509 2533/2533 1186/1186
f 808/808 3897/3897 4125/4125
f 3056/3056 3744/3744 3897/3897
f 2887/2887 3899/3899 854/854
f 1018/1018 3591/3591 3899/3899
f 2800/2800 3774/3774 1139/1139
f 2401/2401 2991/2991 2319/2319
f 2660/2660 2829/2829 890/890
f 2288/2288 676/676 1043/1043
f 437/437 1043/1043 676/676
f 422/422 3726/3726 1106/1106
f 1126/1126 2654/2654 3504/3504
f 2280/2280 3902/3902 431/431
f 961/961 431/431 3902/3902
f 3591/3591 854/854 3899/3899
f 728/728 2290/2290 3903/3903
f 27/27 3921/3921 28/28
f 2246/2246 3906/3906 3920/3920
f 596/596 3920/3920 3906/3906
f 2868/2868 2572/2572 837/837
f 478/478 925/925 3895/3895
f 837/837 3910/3910 353/353
f 3910/3910 640/640 353/353
f 1122/1122 960/960 3888/3888
f 4047/4047 3912/3912 768/768
f 1001/1001 2965/2965 3912/3912
f 2637/2637 4005/4005 3913/3913
f 3417/3417 3368/3368 3072/3072
f 529/529 3915/3915 501/501
f 646/646 501/501 3915/3915
f 2253/2253 471/471 3076/3076
f 580/580 3916/3916 1134/1134
f 657/657 1134/1134 3916/3916
f 489/489 1130/1130 3693/3693
f 4159/4159 3918/3918 817/817
f 3056/3056 3897/3897 3918/3918
f 1094/1094 3406/3406 762/762
f 503/503 3920/3920 1187/1187
f 596/596 1187/1187 3920/3920
f 3856/3856 616/616 3718/3718
f 440/440 3921/3921 480/480
f 3921/3921 4105/4105 480/480
f 2725/2725 718/718 2976/2976
f 3083/3083 658/658 1172/1172
f 895/895 3924/3924 1063/1063
f 3924/3924 3859/3859 1063/1063
f 577/577 3250/3250 2941/2941
f 3348/3348 3865/3865 622/622
f 3658/3658 3298/3298 3609/3609
f 3368/3368 121/121 2950/2950
f 1057/1057 3927/3927 3661/3661
f 2319/2319 663/663 1138/1138
f 3866/3866 3510/3510 3681/3681
f 3930/3930 1058/1058 2368/2368
f 1115/1115 1058/1058 3930/3930
f 2446/2446 3168/3168 3641/3641
f 1057/1057 780/780 3932/3932
f 3935/3935 1048/1048 3351/3351
f 725/725 1048/1048 3935/3935
f 805/805 1118/1118 2913/2913
f 3240/3240 3936/3936 758/758
f 507/507 758/758 3936/3936
f 2638/2638 786/786 2961/2961
f 3683/3683 1004/1004 3938/3938
f 689/689 3482/3482 3332/3332
f 3444/3444 3910/3910 3841/3841
f 2523/2523 3288/3288 3951/3951
f 4049/4049 3940/3940 428/428
f 985/985 428/428 3940/3940
f 996/996 3943/3943 431/431
f 2280/2280 431/431 3943/3943
f 723/723 3432/3432 1109/1109
f 3668/3668 636/636 4114/4114
f 957/957 636/636 3668/3668
f 2442/2442 3024/3024 118/118
f 604/604 3945/3945 1148/1148
f 2212/2212 1148/1148 3945/3945
f 971/971 3947/3947 427/427
f 2476/2476 427/427 3947/3947
f 651/651 3817/3817 3949/3949
f 3950/3950 874/874 2226/2226
f 3254/3254 874/874 3950/3950
f 2340/2340 3951/3951 1156/1156
f 3288/3288 1156/1156 3951/3951
f 4141/4141 1069/1069 3805/3805
f 2958/2958 3393/3393 509/509
f 3924/3924 4070/4070 3859/3859
f 4141/4141 593/593 2722/2722
f 3355/3355 779/779 3954/3954
f 904/904 4028/4028 3684/3684
f 588/588 3084/3084 1161/1161
f 557/557 2386/2386 2809/2809
f 2723/2723 3957/3957 891/891
f 2439/2439 891/891 3957/3957
f 3498/3498 1064/1064 2233/2233
f 2593/2593 2825/2825 3345/3345
f 3261/3261 3958/3958 459/459
f 1013/1013 459/459 3958/3958
f 3396/3396 3963/3963 434/434
f 2628/2628 789/789 355/355
f 758/758 3763/3763 552/552
f 3876/3876 3087/3087 3354/3354
f 3159/3159 3966/3966 414/414
f 2488/2488 414/414 3966/3966
f 480/480 4105/4105 812/812
f 25/25 2605/2605 3967/3967
f 2526/2526 3079/3079 3892/3892
f 598/598 906/906 3945/3945
f 2300/2300 3847/3847 711/711
f 3969/3969 929/929 3682/3682
f 652/652 929/929 3969/3969
f 3297/3297 903/903 2800/2800
f 3516/3516 505/505 3711/3711
f 2987/2987 3664/3664 755/755
f 2834/2834 909/909 3970/3970
f 381/381 3612/3612 3851/3851
f 3963/3963 3973/3973 434/434
f 978/978 434/434 3973/3973
f 401/401 951/951 2903/2903
f 3162/3162 95/95 3731/3731
f 597/597 3722/3722 3975/3975
f 727/727 4049/4049 1113/1113
f 1044/1044 3976/3976 764/764
f 584/584 764/764 3976/3976
f 2465/2465 3978/3978 2635/2635
f 2177/2177 2635/2635 3978/3978
f 2733/2733 416/416 3528/3528
f 2244/2244 3981/3981 3080/3080
f 2814/2814 401/401 2121/2121
f 3198/3198 3886/3886 3333/3333
f 1154/1154 3984/3984 1032/1032
f 3053/3053 1032/1032 3984/3984
f 3819/3819 3970/3970 436/436
f 2533/2533 3888/3888 960/960
f 3680/3680 711/711 3847/3847
f 2691/2691 3752/3752 2905/2905
f 3849/3849 28/28 3921/3921
f 3986/3986 3047/3047 3813/3813
f 1051/1051 3047/3047 3986/3986
f 4149/4149 835/835 4053/4053
f 3212/3212 3813/3813 751/751
f 3902/3902 2213/2213 961/961
f 3832/3832 38/38 3569/3569
f 3572/3572 1171/1171 516/516
f 1174/1174 715/715 2527/2527
f 3519/3519 3990/3990 748/748
f 2224/2224 748/748 3990/3990
f 802/802 2782/2782 3991/3991
f 1092/1092 802/802 3991/3991
f 4148/4148 3992/3992 1024/1024
f 588/588 1024/1024 3992/3992
f 2606/2606 3103/3103 609/609
f 2598/2598 3993/3993 3728/3728
f 3993/3993 2646/2646 3728/3728
f 3822/3822 3995/3995 2798/2798
f 557/557 1104/1104 3807/3807
f 3808/3808 3282/3282 3932/3932
f 415/415 2984/2984 542/542
f 3997/3997 799/799 4035/4035
f 1197/1197 3834/3834 3997/3997
f 895/895 3998/3998 3924/3924
f 2469/2469 3924/3924 3998/3998
f 3950/3950 2226/2226 3629/3629
f 4050/4050 4000/4000 608/608
f 786/786 608/608 4000/4000
f 2886/2886 4002/4002 392/392
f 3429/3429 847/847 3718/3718
f 3082/3082 3021/3021 3348/3348
f 3794/3794 2124/2124 3435/3435
f 923/923 543/543 3593/3593
f 3913/3913 4005/4005 686/686
f 943/943 686/686 4005/4005
f 3993/3993 3417/3417 2646/2646
f 931/931 419/419 3606/3606
f 3046/3046 944/944 3166/3166
f 2188/2188 3749/3749 641/641
f 3645/3645 3822/3822 4055/4055
f 2984/2984 4012/4012 542/542
f 2469/2469 542/542 4012/4012
f 785/785 2427/2427 2704/2704
f 2134/2134 3825/3825 2217/2217
f 1074/1074 1027/1027 3155/3155
f 4014/4014 3287/3287 2463/2463
f 2424/2424 4168/4168 3207/3207
f 2232/2232 3155/3155 1027/1027
f 660/660 2705/2705 998/998
f 2509/2509 3824/3824 3007/3007
f 2733/2733 2756/2756 923/923
f 2385/2385 615/615 2480/2480
f 408/408 4020/4020 1033/1033
f 789/789 3219/3219 4020/4020
f 4021/4021 3229/3229 3146/3146
f 1181/1181 3229/3229 4021/4021
f 4022/4022 876/876 397/397
f 634/634 876/876 4022/4022
f 662/662 702/702 2363/2363
f 3765/3765 3715/3715 3328/3328
f 3384/3384 2438/2438 438/438
f 396/396 4023/4023 1085/1085
f 2627/2627 887/887 4023/4023
f 3707/3707 2397/2397 587/587
f 2263/2263 3032/3032 391/391
f 3078/3078 4028/4028 417/417
f 904/904 3555/3555 4028/4028
f 3157/3157 3927/3927 532/532
f 1098/1098 3524/3524 1055/1055
f 4030/4030 903/903 649/649
f 2385/2385 3604/3604 3178/3178
f 1140/1140 4031/4031 839/839
f 1103/1103 839/839 4031/4031
f 760/760 4032/4032 3052/3052
f 3804/3804 3052/3052 4032/4032
f 2839/2839 4033/4033 2473/2473
f 2473/2473 522/522 2839/2839
f 3396/3396 3774/3774 903/903
f 4035/4035 559/559 3997/3997
f 4035/4035 4150/4150 559/559
f 424/424 963/963 3003/3003
f 2470/2470 3792/3792 3270/3270
f 3339/3339 4039/4039 774/774
f 4040/4040 710/710 2488/2488
f 1080/1080 710/710 4040/4040
f 2509/2509 423/423 2251/2251
f 955/955 3587/3587 4041/4041
f 4045/4045 579/579 3712/3712
f 3010/3010 579/579 4045/4045
f 71/71 3938/3938 1004/1004
f 2564/2564 3725/3725 3459/3459
f 2637/2637 4047/4047 1000/1000
f 768/768 1000/1000 4047/4047
f 3800/3800 612/612 4081/4081
f 3005/3005 578/578 2980/2980
f 3675/3675 736/736 2768/2768
f 4048/4048 1122/1122 3852/3852
f 2851/2851 1122/1122 4048/4048
f 3940/3940 4049/4049 3112/3112
f 3112/3112 573/573 3940/3940
f 694/694 3914/3914 4163/4163
f 2610/2610 2883/2883 479/479
f 4000/4000 4050/4050 1188/1188
f 613/613 1188/1188 4050/4050
f 2448/2448 3963/3963 3614/3614
f 781/781 4052/4052 358/358
f 2845/2845 358/358 4052/4052
f 68/68 3914/3914 3746/3746
f 852/852 3576/3576 777/777
f 935/935 4053/4053 1104/1104
f 3508/3508 3836/3836 4053/4053
f 368/368 4055/4055 690/690
f 113/113 690/690 4055/4055
f 1141/1141 644/644 2810/2810
f 2258/2258 3646/3646 3681/3681
f 3240/3240 2915/2915 407/407
f 709/709 361/361 2644/2644
f 2762/2762 821/821 3975/3975
f 1173/1173 774/774 4039/4039
f 3912/3912 4047/4047 3913/3913
f 586/586 2835/2835 1044/1044
f 3355/3355 3954/3954 4071/4071
f 1030/1030 4071/4071 3954/3954
f 3763/3763 742/742 2438/2438
f 3882/3882 4062/4062 3167/3167
f 2537/2537 3167/3167 4062/4062
f 3334/3334 4063/4063 416/416
f 3528/3528 416/416 4063/4063
f 863/863 4002/4002 1035/1035
f 405/405 4064/4064 796/796
f 2278/2278 796/796 4064/4064
f 2397/2397 4065/4065 586/586
f 2835/2835 586/586 4065/4065
f 3835/3835 3979/3979 715/715
f 420/420 3670/3670 1097/1097
f 3492/3492 3494/3494 3789/3789
f 2149/2149 4070/4070 3924/3924
f 2396/2396 4071/4071 747/747
f 1146/1146 747/747 4071/4071
f 4072/4072 631/631 3675/3675
f 2286/2286 631/631 4072/4072
f 3615/3615 3726/3726 422/422
f 3910/3910 3444/3444 640/640
f 821/821 1117/1117 3878/3878
f 2856/2856 63/63 3475/3475
f 436/436 3970/3970 909/909
f 2116/2116 3416/3416 4074/4074
f 920/920 4075/4075 502/502
f 988/988 502/502 4075/4075
f 1099/1099 448/448 3876/3876
f 2650/2650 3544/3544 513/513
f 587/587 943/943 4056/4056
f 494/494 3947/3947 971/971
f 753/753 4076/4076 939/939
f 2754/2754 939/939 4076/4076
f 370/370 4078/4078 1010/1010
f 111/111 1010/1010 4078/4078
f 3308/3308 4081/4081 574/574
f 939/939 3849/3849 440/440
f 2455/2455 1016/1016 3668/3668
f 3716/3716 805/805 4032/4032
f 2460/2460 4082/4082 460/460
f 640/640 3739/3739 4082/4082
f 561/561 3604/3604 3701/3701
f 4083/4083 842/842 1198/1198
f 1151/1151 2655/2655 4083/4083
f 4086/4086 571/571 2934/2934
f 2393/2393 571/571 4086/4086
f 3263/3263 886/886 3094/3094
f 3543/3543 751/751 3813/3813
f 3903/3903 439/439 729/729
f 4089/4089 3339/3339 3574/3574
f 735/735 3339/3339 4089/4089
f 3214/3214 4092/4092 2822/2822
f 1015/1015 435/435 2677/2677
f 932/932 2810/2810 644/644
f 2873/2873 4094/4094 361/361
f 2644/2644 361/361 4094/4094
f 2315/2315 798/798 3038/3038
f 86/86 863/863 3149/3149
f 754/754 4034/4034 1166/1166
f 1151/1151 4083/4083 3195/3195
f 642/642 4096/4096 1128/1128
f 498/498 1128/1128 4096/4096
f 658/658 4097/4097 1172/1172
f 511/511 3284/3284 4097/4097
f 667/667 4098/4098 705/705
f 3165/3165 705/705 4098/4098
f 387/387 4100/4100 1073/1073
f 357/357 1025/1025 701/701
f 3967/3967 4105/4105 26/26
f 3921/3921 27/27 4105/4105
f 910/910 3412/3412 4153/4153
f 683/683 987/987 2711/2711
f 958/958 4109/4109 630/630
f 4141/4141 630/630 4109/4109
f 28/28 4111/4111 29/29
f 2782/2782 3280/3280 403/403
f 3589/3589 4113/4113 803/803
f 1176/1176 803/803 4113/4113
f 877/877 4114/4114 398/398
f 783/783 398/398 4114/4114
f 2754/2754 29/29 4111/4111
f 469/469 4118/4118 75/75
f 76/76 75/75 4118/4118
f 764/764 4120/4120 755/755
f 1116/1116 755/755 4120/4120
f 2894/2894 4122/4122 84/84
f 2886/2886 84/84 4122/4122
f 3153/3153 4124/4124 176/176
f 375/375 176/176 4124/4124
f 3613/3613 4125/4125 3744/3744
f 3897/3897 3744/3744 4125/4125
f 50/50 388/388 4132/4132
f 4100/4100 4127/4127 1073/1073
f 490/490 1073/1073 4127/4127
f 3727/3727 4128/4128 388/388
f 930/930 388/388 4128/4128
f 103/103 4129/4129 3/3
f 104/104 3/3 4129/4129
f 490/490 4130/4130 1073/1073
f 3406/3406 1095/1095 4130/4130
f 959/959 4131/4131 481/481
f 23/23 481/481 4131/4131
f 4132/4132 769/769 3865/3865
f 2539/2539 4133/4133 2442/2442
f 2929/2929 2442/2442 4133/4133
f 1008/1008 4135/4135 771/771
f 3342/3342 771/771 4135/4135
f 2130/2130 4136/4136 3797/3797
f 540/540 3797/3797 4136/4136
f 115/115 114/114 3822/3822
f 4140/4140 661/661 2765/2765
f 680/680 661/661 4140/4140
f 1069/1069 4141/4141 4109/4109
f 1015/1015 793/793 435/435
f 351/351 4144/4144 1153/1153
f 2393/2393 1153/1153 4144/4144
f 4074/4074 1058/1058 893/893
f 4056/4056 4148/4148 841/841
f 1024/1024 841/841 4148/4148
f 558/558 4149/4149 3346/3346
f 935/935 3346/3346 4149/4149
f 763/763 4150/4150 961/961
f 4035/4035 961/961 4150/4150
f 33/33 4151/4151 34/34
f 384/384 34/34 4151/4151
f 3010/3010 4152/4152 816/816
f 3207/3207 816/816 4152/4152
f 442/442 4153/4153 1115/1115
f 727/727 1115/1115 4153/4153
f 78/78 4156/4156 79/79
f 362/362 79/79 4156/4156
f 4157/4157 112/112 4078/4078
f 113/113 112/112 4157/4157
f 1179/1179 4159/4159 1082/1082
f 2113/2113 1082/1082 4159/4159
f 2721/2721 4160/4160 3208/3208
f 1195/1195 3208/3208 4160/4160
f 998/998 4163/4163 67/67
f 3914/3914 67/67 4163/4163
f 3013/3013 4166/4166 350/350
f 3351/3351 350/350 4166/4166
f 750/750 3566/3566 639/639
f 2782/2782 2200/2200 570/570
f 4168/4168 816/816 3207/3207
f 468/468 816/816 4168/4168
f 2921/2921 2202/2202 808/808
f 2446/2446 4171/4171 3605/3605
f 1168/1168 3605/3605 4171/4171
g panel2
usemtl dragon
f 314/314 16/16 1736/1736
f 312/312 1895/1895 313/313
f 1736/1736 1896/1896 314/314
f 2780/2780 2243/2243 1340/1340
f 1203/1203 2203/2203 1737/1737
f 312/312 1566/1566 1895/1895
f 2203/2203 317/317 316/316
f 3703/3703 1977/1977 2000/2000
f 3161/3161 310/310 309/309
f 319/319 318/318 3703/3703
f 3086/3086 3161/3161 1500/1500
f 322/322 321/321 1659/1659
f 1342/1342 321/321 320/320
f 1644/1644 3238/3238 305/305
f 1897/1897 307/307 306/306
f 326/326 325/325 1533/1533
f 1343/1343 3238/3238 1644/1644
f 2235/2235 1898/1898 1643/1643
f 2938/2938 1644/1644 1899/1899
f 328/328 3944/3944 3549/3549
f 3974/3974 2536/2536 1545/1545
f 326/326 2634/2634 327/327
f 1503/1503 1738/1738 2031/2031
f 329/329 1900/1900 330/330
f 1437/1437 299/299 2078/2078
f 1739/1739 330/330 1900/1900
f 2328/2328 1298/1298 2135/2135
f 3620/3620 2633/2633 1572/1572
f 1277/1277 286/286 1920/1920
f 297/297 296/296 2389/2389
f 2295/2295 1622/1622 1740/1740
f 1347/1347 2416/2416 2812/2812
f 1238/1238 2811/2811 3980/3980
f 2562/2562 280/280 279/279
f 250/250 249/249 2084/2084
f 3344/3344 251/251 250/250
f 253/253 3515/3515 2847/2847
f 2870/2870 2402/2402 2978/2978
f 1660/1660 1902/1902 276/276
f 1350/1350 1800/1800 2045/2045
f 3473/3473 257/257 1381/1381
f 3861/3861 2547/2547 258/258
f 2291/2291 275/275 274/274
f 1546/1546 1903/1903 1351/1351
f 1891/1891 3723/3723 1743/1743
f 1241/1241 3713/3713 259/259
f 1354/1354 3337/3337 1662/1662
f 3760/3760 272/272 271/271
f 264/264 263/263 3293/3293
f 1661/1661 3337/3337 1354/1354
f 3293/3293 2493/2493 3850/3850
f 2493/2493 13/13 261/261
f 3880/3880 271/271 270/270
f 1213/1213 2687/2687 1891/1891
f 14/14 3132/3132 269/269
f 288/288 287/287 1623/1623
f 1243/1243 2303/2303 1414/1414
f 1244/1244 3397/3397 1623/1623
f 4093/4093 293/293 292/292
f 3125/3125 293/293 4093/4093
f 292/292 1904/1904 4093/4093
f 3249/3249 2057/2057 2703/2703
f 2928/2928 1215/1215 1904/1904
f 290/290 2421/2421 291/291
f 290/290 3249/3249 1567/1567
f 3999/3999 333/333 332/332
f 3738/3738 335/335 334/334
f 1325/1325 2399/2399 1958/1958
f 1634/1634 1496/1496 1942/1942
f 1258/1258 198/198 1673/1673
f 3279/3279 1339/1339 1905/1905
f 3126/3126 2530/2530 1228/1228
f 2407/2407 1906/1906 1360/1360
f 3126/3126 201/201 200/200
f 1837/1837 1907/1907 1361/1361
f 2180/2180 1229/1229 203/203
f 3955/3955 1908/1908 1924/1924
f 2601/2601 215/215 1307/1307
f 1364/1364 1652/1652 1620/1620
f 4090/4090 3477/3477 3637/3637
f 1507/1507 3855/3855 247/247
f 246/246 245/245 1746/1746
f 1319/1319 1746/1746 245/245
f 2982/2982 219/219 218/218
f 1365/1365 1224/1224 1963/1963
f 2513/2513 3190/3190 1508/1508
f 3874/3874 2956/2956 1366/1366
f 2238/2238 220/220 3055/3055
f 2734/2734 241/241 240/240
f 2369/2369 238/238 1747/1747
f 2608/2608 2956/2956 3874/3874
f 222/222 4170/4170 223/223
f 1366/1366 2369/2369 1747/1747
f 3830/3830 1748/1748 231/231
f 1227/1227 4079/4079 235/235
f 2656/2656 237/237 236/236
f 1367/1367 1748/1748 3830/3830
f 1910/1910 225/225 1575/1575
f 3745/3745 1749/1749 3496/3496
f 3496/3496 228/228 1226/1226
f 1749/1749 3830/3830 230/230
f 228/228 227/227 1226/1226
f 227/227 10/10 2699/2699
f 1610/1610 1911/1911 3538/3538
f 235/235 234/234 1227/1227
f 11/11 2237/2237 234/234
f 3216/3216 1361/1361 212/212
f 204/204 203/203 1229/1229
f 1581/1581 3517/3517 2064/2064
f 3640/3640 210/210 209/209
f 3640/3640 209/209 2169/2169
f 1705/1705 1912/1912 2085/2085
f 2131/2131 2268/2268 207/207
f 2131/2131 207/207 206/206
f 2551/2551 2131/2131 206/206
f 2971/2971 1690/1690 3988/3988
f 3837/3837 1913/1913 3939/3939
f 2388/2388 341/341 340/340
f 3456/3456 1752/1752 2096/2096
f 4080/4080 1372/1372 343/343
f 1914/1914 2367/2367 1373/1373
f 342/342 4080/4080 343/343
f 344/344 1372/1372 1263/1263
f 1411/1411 2367/2367 191/191
f 1725/1725 1915/1915 1412/1412
f 3942/3942 3403/3403 4103/4103
f 2133/2133 189/189 188/188
f 347/347 346/346 1916/1916
f 187/187 2239/2239 188/188
f 1629/1629 1917/1917 184/184
f 184/184 3232/3232 1629/1629
f 1918/1918 1570/1570 182/182
f 183/183 182/182 1570/1570
f 182/182 17/17 1918/1918
f 3816/3816 2952/2952 1501/1501
f 3585/3585 2453/2453 1571/1571
f 323/323 322/322 1975/1975
f 2440/2440 3564/3564 1317/1317
f 1466/1466 3069/3069 2026/2026
f 3933/3933 331/331 1739/1739
f 1577/1577 1206/1206 1978/1978
f 3170/3170 1437/1437 1919/1919
f 1277/1277 1920/1920 1678/1678
f 3691/3691 1272/1272 2086/2086
f 2259/2259 283/283 282/282
f 3036/3036 1474/1474 4099/4099
f 1209/1209 4091/4091 2935/2935
f 2594/2594 4167/4167 1351/1351
f 2793/2793 1420/1420 3535/3535
f 3773/3773 2870/2870 2978/2978
f 1525/1525 2359/2359 1864/1864
f 2594/2594 3064/3064 1921/1921
f 260/260 3713/3713 2808/2808
f 258/258 1241/1241 259/259
f 1354/1354 3729/3729 1661/1661
f 3723/3723 2715/2715 1764/1764
f 1572/1572 3458/3458 1876/1876
f 295/295 3458/3458 1572/1572
f 2220/2220 1214/1214 1573/1573
f 334/334 4038/4038 3738/3738
f 3787/3787 1382/1382 3738/3738
f 199/199 198/198 1258/1258
f 3320/3320 1517/1517 3803/3803
f 1557/1557 3426/3426 1295/1295
f 1556/1556 1923/1923 2052/2052
f 3955/3955 1924/1924 2007/2007
f 2927/2927 2731/2731 3131/3131
f 3336/3336 1468/1468 3449/3449
f 3862/3862 214/214 1907/1907
f 2309/2309 1307/1307 215/215
f 3321/3321 1639/1639 1757/1757
f 3767/3767 1253/1253 1286/1286
f 1652/1652 2982/2982 218/218
f 3055/3055 220/220 219/219
f 2919/2919 221/221 1665/1665
f 3140/3140 2919/2919 1665/1665
f 1575/1575 224/224 1655/1655
f 238/238 1698/1698 1747/1747
f 1610/1610 1368/1368 1883/1883
f 224/224 1575/1575 225/225
f 1910/1910 2699/2699 226/226
f 232/232 2237/2237 233/233
f 1758/1758 3692/3692 1539/1539
f 2530/2530 199/199 1258/1258
f 4142/4142 205/205 1805/1805
f 1320/1320 1759/1759 1838/1838
f 2169/2169 209/209 208/208
f 1582/1582 2522/2522 1522/1522
f 2769/2769 338/338 337/337
f 2737/2737 339/339 338/338
f 193/193 2682/2682 194/194
f 3537/3537 1657/1657 4080/4080
f 345/345 344/344 1263/1263
f 1822/1822 1411/1411 190/190
f 3791/3791 1683/1683 1316/1316
f 1925/1925 1329/1329 1604/1604
f 3750/3750 2828/2828 1262/1262
f 346/346 345/345 1997/1997
f 3490/3490 347/347 1916/1916
f 1899/1899 1644/1644 305/305
f 1643/1643 1342/1342 2235/2235
f 2667/2667 1576/1576 4042/4042
f 1245/1245 1484/1484 1761/1761
f 3197/3197 1206/1206 1577/1577
f 1270/1270 2898/2898 1645/1645
f 2474/2474 2370/2370 2303/2303
f 2827/2827 1732/1732 3292/3292
f 1668/1668 3959/3959 1404/1404
f 281/281 280/280 2086/2086
f 1240/1240 1763/1763 1399/1399
f 3535/3535 1420/1420 2926/2926
f 1662/1662 1764/1764 1354/1354
f 257/257 3861/3861 258/258
f 1400/1400 1651/1651 3466/3466
f 1667/1667 2667/2667 1927/1927
f 286/286 1277/1277 287/287
f 1929/1929 3164/3164 1219/1219
f 1605/1605 1930/1930 1296/1296
f 3547/3547 1294/1294 3522/3522
f 1247/1247 3563/3563 1932/1932
f 3450/3450 1260/1260 4146/4146
f 1279/1279 1679/1679 1767/1767
f 1765/1765 1932/1932 3761/3761
f 3839/3839 1726/1726 2803/2803
f 2779/2779 1439/1439 1669/1669
f 4115/4115 2284/2284 3252/3252
f 4145/4145 3653/3653 1768/1768
f 3968/3968 1563/1563 3305/3305
f 3596/3596 1542/1542 2852/2852
f 3647/3647 1224/1224 3953/3953
f 2832/2832 3434/3434 1390/1390
f 1527/1527 1771/1771 1255/1255
f 3898/3898 1936/1936 1432/1432
f 3179/3179 3147/3147 3679/3679
f 1673/1673 4169/4169 3421/3421
f 202/202 2180/2180 203/203
f 1912/1912 1705/1705 3088/3088
f 2613/2613 2388/2388 340/340
f 190/190 1411/1411 191/191
f 2329/2329 4146/4146 1260/1260
f 3400/3400 1583/1583 3768/3768
f 1412/1412 1937/1937 1725/1725
f 1234/1234 3977/3977 1982/1982
f 2350/2350 2155/2155 1621/1621
f 3152/3152 3043/3043 1265/1265
f 1593/1593 1266/1266 1344/1344
f 1398/1398 1267/1267 1423/1423
f 1271/1271 3411/3411 1204/1204
f 4102/4102 1279/1279 1579/1579
f 1294/1294 1848/1848 2783/2783
f 1781/1781 1300/1300 2099/2099
f 2597/2597 1679/1679 3762/3762
f 1504/1504 302/302 301/301
f 1204/1204 1585/1585 2062/2062
f 4051/4051 1939/1939 3546/3546
f 281/281 2671/2671 282/282
f 1404/1404 1274/1274 2102/2102
f 2824/2824 3934/3934 1421/1421
f 1546/1546 1940/1940 1903/1903
f 3307/3307 1779/1779 2068/2068
f 1402/1402 3592/3592 1939/1939
f 2717/2717 1244/1244 1941/1941
f 3184/3184 1920/1920 3097/3097
f 1338/1338 2475/2475 2187/2187
f 3063/3063 1781/1781 3996/3996
f 2379/2379 1634/1634 1942/1942
f 1313/1313 1533/1533 325/325
f 1247/1247 1943/1943 3563/3563
f 2208/2208 1760/1760 3139/3139
f 1777/1777 1809/1809 1418/1418
f 1426/1426 1776/1776 2003/2003
f 1268/1268 3006/3006 1579/1579
f 1844/1844 1944/1944 1216/1216
f 1769/1769 4046/4046 1935/1935
f 1284/1284 1945/1945 1589/1589
f 3843/3843 1783/1783 3784/3784
f 1363/1363 3477/3477 1653/1653
f 1223/1223 1946/1946 2033/2033
f 3209/3209 2607/2607 1253/1253
f 247/247 246/246 1507/1507
f 4158/4158 2696/2696 1252/1252
f 1258/1258 4024/4024 2530/2530
f 1232/1232 2137/2137 1680/1680
f 3400/3400 1537/1537 1880/1880
f 1262/1262 2590/2590 1878/1878
f 1325/1325 1784/1784 2399/2399
f 3488/3488 1324/1324 1433/1433
f 2380/2380 1458/1458 1333/1333
f 2491/2491 2791/2791 1583/1583
f 325/325 2574/2574 1313/1313
f 3048/3048 1205/1205 1681/1681
f 3158/3158 2432/2432 3187/3187
f 1236/1236 1948/1948 1985/1985
f 3001/3001 2557/2557 3319/3319
f 1358/1358 1802/1802 1949/1949
f 3644/3644 1950/1950 3867/3867
f 1734/1734 2447/2447 2083/2083
f 1786/1786 1426/1426 1476/1476
f 3174/3174 2495/2495 3310/3310
f 3170/3170 1919/1919 2328/2328
f 1788/1788 3268/3268 2183/2183
f 3546/3546 2425/2425 2381/2381
f 2949/2949 2234/2234 1855/1855
f 1299/1299 3980/3980 1421/1421
f 1429/1429 3784/3784 1783/1783
f 1553/1553 1952/1952 1934/1934
f 1953/1953 1315/1315 1613/1613
f 4162/4162 3104/3104 1944/1944
f 1261/1261 1954/1954 2791/2791
f 3251/3251 2392/2392 3788/3788
f 2604/2604 1448/1448 1283/1283
f 2669/2669 3929/3929 1563/1563
f 3588/3588 3501/3501 1471/1471
f 3286/3286 1952/1952 1553/1553
f 3908/3908 1327/1327 1442/1442
f 3625/3625 2674/2674 1286/1286
f 214/214 2309/2309 215/215
f 3413/3413 3276/3276 1287/1287
f 3688/3688 1789/1789 1443/1443
f 1759/1759 1320/1320 2095/2095
f 2482/2482 1750/1750 1322/1322
f 2663/2663 3179/3179 1249/1249
f 1790/1790 3688/3688 1443/1443
f 2884/2884 3493/3493 1539/1539
f 2143/2143 1957/1957 1410/1410
f 4164/4164 1917/1917 2108/2108
f 2630/2630 4029/4029 1584/1584
f 4112/4112 1382/1382 1958/1958
f 1571/1571 1959/1959 3585/3585
f 323/323 2995/2995 324/324
f 3956/3956 1269/1269 3793/3793
f 1415/1415 1960/1960 2001/2001
f 1538/1538 1205/1205 1554/1554
f 1760/1760 1961/1961 3139/3139
f 1219/1219 1962/1962 1929/1929
f 3790/3790 1963/1963 1509/1509
f 2964/2964 1759/1759 1964/1964
f 2276/2276 1700/1700 3623/3623
f 2738/2738 2110/2110 1965/1965
f 1611/1611 1966/1966 2036/2036
f 1369/1369 1794/1794 2069/2069
f 3818/3818 1688/1688 2080/2080
f 1674/1674 1725/1725 1937/1937
f 1433/1433 1967/1967 3488/3488
f 1811/1811 1331/1331 1795/1795
f 2035/2035 2882/2882 1968/1968
f 1316/1316 1796/1796 1961/1961
f 2535/2535 3922/3922 1449/1449
f 2626/2626 2338/2338 2920/2920
f 1669/1669 2573/2573 1318/1318
f 1819/1819 2617/2617 2104/2104
f 1784/1784 1325/1325 1795/1795
f 2971/2971 2292/2292 1370/1370
f 1329/1329 3381/3381 1797/1797
f 1316/1316 1604/1604 1329/1329
f 3107/3107 1797/1797 3381/3381
f 1382/1382 3390/3390 1958/1958
f 3352/3352 3138/3138 1463/1463
f 3138/3138 2830/2830 2076/2076
f 1332/1332 1971/1971 1970/1970
f 2101/2101 2789/2789 1427/1427
f 2676/2676 3085/3085 2020/2020
f 1333/1333 1336/1336 1972/1972
f 1543/1543 3376/3376 1974/1974
f 1799/1799 1632/1632 1326/1326
f 3672/3672 1692/1692 2979/2979
f 2355/2355 1632/1632 1799/1799
f 1330/1330 1696/1696 1744/1744
f 2618/2618 2578/2578 2240/2240
f 2187/2187 3374/3374 1561/1561
f 1736/1736 313/313 1895/1895
f 1737/1737 316/316 315/315
f 310/310 2374/2374 311/311
f 1659/1659 1975/1975 322/322
f 2890/2890 1728/1728 1976/1976
f 1897/1897 2952/2952 307/307
f 2255/2255 3017/3017 1434/1434
f 317/317 1977/1977 318/318
f 3753/3753 1930/1930 2541/2541
f 328/328 3549/3549 329/329
f 1281/1281 3608/3608 1834/1834
f 3674/3674 1377/1377 2406/2406
f 3105/3105 2389/2389 3201/3201
f 1753/1753 1978/1978 1206/1206
f 3097/3097 2416/2416 1347/1347
f 283/283 1348/1348 284/284
f 3783/3783 1979/1979 1210/1210
f 3773/3773 278/278 277/277
f 3796/3796 3554/3554 1211/1211
f 1648/1648 2302/2302 1901/1901
f 1381/1381 256/256 1921/1921
f 3362/3362 2256/2256 2580/2580
f 1399/1399 1763/1763 2061/2061
f 274/274 1801/1801 2291/2291
f 4126/4126 3222/3222 2544/2544
f 4121/4121 3466/3466 1651/1651
f 266/266 265/265 1661/1661
f 2370/2370 1237/1237 2207/2207
f 1904/1904 292/292 291/291
f 1526/1526 1780/1780 3370/3370
f 3891/3891 334/334 333/333
f 3937/3937 2676/2676 1949/1949
f 1789/1789 1980/1980 1599/1599
f 3685/3685 2693/2693 2109/2109
f 211/211 2994/2994 212/212
f 212/212 1361/1361 213/213
f 1362/1362 2112/2112 1519/1519
f 2738/2738 1965/1965 3075/3075
f 1457/1457 4087/4087 1223/1223
f 1598/1598 2599/2599 1994/1994
f 1865/1865 1981/1981 2037/2037
f 1430/1430 1620/1620 1652/1652
f 2796/2796 1509/1509 242/242
f 3663/3663 240/240 239/239
f 3271/3271 3874/3874 1366/1366
f 1656/1656 3695/3695 1911/1911
f 3496/3496 1226/1226 3745/3745
f 237/237 1698/1698 238/238
f 1520/1520 1391/1391 1883/1883
f 2806/2806 1966/1966 2152/2152
f 3380/3380 1805/1805 1229/1229
f 1495/1495 1806/1806 2082/2082
f 3650/3650 3414/3414 1913/1913
f 3421/3421 2282/2282 1218/1218
f 3011/3011 2692/2692 2137/2137
f 2308/2308 2761/2761 3622/3622
f 343/343 1372/1372 344/344
f 3815/3815 3372/3372 1773/1773
f 192/192 2367/2367 1914/1914
f 2709/2709 1324/1324 3488/3488
f 1893/1893 2828/2828 1289/1289
f 3590/3590 1688/1688 3741/3741
f 186/186 2353/2353 187/187
f 3340/3340 1234/1234 1982/1982
f 3177/3177 3340/3340 1375/1375
f 1475/1475 1983/1983 1969/1969
f 2332/2332 1465/1465 1808/1808
f 3665/3665 1984/1984 1293/1293
f 1235/1235 2274/2274 1782/1782
f 1282/1282 3050/3050 1684/1684
f 1809/1809 3259/3259 3245/3245
f 1810/1810 2362/2362 1588/1588
f 2731/2731 2793/2793 1274/1274
f 256/256 1381/1381 257/257
f 336/336 4112/4112 1958/1958
f 3390/3390 1811/1811 1325/1325
f 1605/1605 1296/1296 1734/1734
f 3971/3971 3180/3180 1985/1985
f 3325/3325 2927/2927 1755/1755
f 4099/4099 2785/2785 3036/3036
f 3422/3422 1761/1761 3043/3043
f 1314/1314 1792/1792 2041/2041
f 1385/1385 2276/2276 3623/3623
f 1518/1518 3518/3518 1884/1884
f 1633/1633 1464/1464 1986/1986
f 3235/3235 1405/1405 1534/1534
f 2708/2708 2506/2506 3747/3747
f 1482/1482 1812/1812 1820/1820
f 1614/1614 2138/2138 2529/2529
f 2658/2658 2115/2115 2583/2583
f 1363/1363 3719/3719 1598/1598
f 1520/1520 1368/1368 1770/1770
f 1528/1528 1988/1988 1863/1863
f 1220/1220 1392/1392 1450/1450
f 2339/2339 2885/2885 1601/1601
f 3054/3054 2245/2245 1631/1631
f 1644/1644 1813/1813 1343/1343
f 3210/3210 3582/3582 3570/3570
f 2748/2748 2119/2119 1982/1982
f 1403/1403 4084/4084 1817/1817
f 1384/1384 3793/3793 1851/1851
f 1682/1682 1989/1989 1396/1396
f 3120/3120 2609/2609 1815/1815
f 3303/3303 2940/2940 1530/1530
f 3771/3771 2356/2356 3395/3395
f 2926/2926 1420/1420 1239/1239
f 2818/2818 1398/1398 1423/1423
f 1267/1267 1398/1398 2039/2039
f 3742/3742 1240/1240 1399/1399
f 3356/3356 2061/2061 3881/3881
f 1400/1400 3541/3541 1651/1651
f 1213/1213 3760/3760 271/271
f 1608/1608 1353/1353 1242/1242
f 4001/4001 1990/1990 3258/3258
f 1401/1401 3599/3599 2474/2474
f 1243/1243 1991/1991 1401/1401
f 1618/1618 1401/1401 1991/1991
f 3621/3621 1285/1285 2486/2486
f 2831/2831 1685/1685 1992/1992
f 1730/1730 2346/2346 1288/1288
f 3783/3783 1210/1210 2302/2302
f 1816/1816 1979/1979 2102/2102
f 3002/3002 2678/2678 1251/1251
f 1441/1441 1406/1406 1879/1879
f 3610/3610 2603/2603 2011/2011
f 1253/1253 1407/1407 1670/1670
f 1252/1252 1407/1407 3767/3767
f 1697/1697 1364/1364 2037/2037
f 3202/3202 1654/1654 1993/1993
f 2429/2429 1946/1946 2909/2909
f 1994/1994 1408/1408 1598/1598
f 3306/3306 1819/1819 1995/1995
f 1256/1256 3322/3322 1528/1528
f 1556/1556 1410/1410 1923/1923
f 1453/1453 3227/3227 1231/1231
f 189/189 1822/1822 190/190
f 1997/1997 1916/1916 346/346
f 3317/3317 3686/3686 4019/4019
f 1693/1693 2890/2890 1976/1976
f 1550/1550 1293/1293 1984/1984
f 3476/3476 1557/1557 1823/1823
f 4009/4009 1824/1824 1436/1436
f 1413/1413 2569/2569 3180/3180
f 2986/2986 2420/2420 3972/3972
f 1203/1203 2000/2000 1977/1977
f 2912/2912 1402/1402 1243/1243
f 1314/1314 3497/3497 1960/1960
f 4104/4104 1415/1415 1817/1817
f 3228/3228 1596/1596 3019/3019
f 1278/1278 1416/1416 1300/1300
f 3470/3470 1379/1379 3556/3556
f 1707/1707 2327/2327 1551/1551
f 2648/2648 2434/2434 1418/1418
f 3600/3600 2381/2381 1273/1273
f 2176/2176 1779/1779 3248/3248
f 2571/2571 2685/2685 1417/1417
f 1272/1272 3691/3691 3109/3109
f 1238/1238 3980/3980 1870/1870
f 1422/1422 2560/2560 1212/1212
f 1623/1623 2002/2002 1941/1941
f 1277/1277 1623/1623 287/287
f 3996/3996 3246/3246 3063/3063
f 1823/1823 1484/1484 1245/1245
f 1217/1217 1386/1386 1846/1846
f 3905/3905 1335/1335 3539/3539
f 3426/3426 1624/1624 4069/4069
f 1793/1793 3191/3191 2789/2789
f 2570/2570 1335/1335 1829/1829
f 3469/3469 4073/4073 3335/3335
f 1594/1594 2005/2005 2357/2357
f 1248/1248 2006/2006 1485/1485
f 2601/2601 1653/1653 4090/4090
f 1518/1518 2007/2007 1924/1924
f 1635/1635 1222/1222 3580/3580
f 1696/1696 1548/1548 2109/2109
f 2908/2908 1540/1540 1710/1710
f 1308/1308 1790/1790 2107/2107
f 3450/3450 2622/2622 4155/4155
f 1433/1433 1446/1446 4155/4155
f 3791/3791 1316/1316 1961/1961
f 3044/3044 2227/2227 1926/1926
f 1681/1681 3203/3203 3048/3048
f 2746/2746 1294/1294 2783/2783
f 1682/1682 1919/1919 1989/1989
f 1646/1646 1814/1814 2078/2078
f 1596/1596 1278/1278 1835/1835
f 1461/1461 1831/1831 2043/2043
f 2819/2819 2462/2462 3778/3778
f 2269/2269 3252/3252 3164/3164
f 2831/2831 2462/2462 3948/3948
f 3025/3025 1628/1628 3577/3577
f 1387/1387 2392/2392 1955/1955
f 4018/4018 2077/2077 1638/1638
f 2154/2154 1635/1635 4067/4067
f 1635/1635 1837/1837 1222/1222
f 3419/3419 2964/2964 1964/1964
f 1839/1839 2012/2012 2075/2075
f 2826/2826 2110/2110 1451/1451
f 2505/2505 2198/2198 3689/3689
f 1443/1443 1789/1789 1881/1881
f 2693/2693 1599/1599 2407/2407
f 1512/1512 1841/1841 1658/1658
f 185/185 184/184 1917/1917
f 1324/1324 3573/3573 1433/1433
f 3066/3066 2208/2208 2329/2329
f 2842/2842 2917/2917 1533/1533
f 1659/1659 1693/1693 1890/1890
f 2979/2979 1692/1692 3611/3611
f 3062/3062 2918/2918 1335/1335
f 1555/1555 1842/1842 1409/1409
f 1838/1838 2012/2012 1839/1839
f 1451/1451 2403/2403 2826/2826
f 1321/1321 3231/3231 1392/1392
f 1450/1450 3231/3231 1714/1714
f 1611/1611 1750/1750 2069/2069
f 3626/3626 2245/2245 1393/1393
f 2323/2323 3051/3051 3655/3655
f 3741/3741 3051/3051 3590/3590
f 1821/1821 2981/2981 1453/1453
f 2757/2757 3290/3290 1626/1626
f 1494/1494 2186/2186 1548/1548
f 1630/1630 2014/2014 2075/2075
f 1475/1475 1560/1560 1492/1492
f 1699/1699 2955/2955 1442/1442
f 2662/2662 1457/1457 3904/3904
f 3381/3381 2404/2404 3107/3107
f 3710/3710 2016/2016 3352/3352
f 1690/1690 1798/1798 2082/2082
f 3067/3067 2714/2714 2484/2484
f 1280/1280 3867/3867 1950/1950
f 3937/3937 1469/1469 1280/1280
f 3616/3616 1559/1559 2018/2018
f 2197/2197 2140/2140 1461/1461
f 1425/1425 2760/2760 1708/1708
f 3062/3062 1335/1335 1462/1462
f 3562/3562 2454/2454 3611/3611
f 1479/1479 1633/1633 1986/1986
f 2795/2795 1846/1846 1386/1386
f 1633/1633 2773/2773 1889/1889
f 3579/3579 1632/1632 2355/2355
f 1808/1808 2435/2435 2174/2174
f 3045/3045 2512/2512 1857/1857
f 1552/1552 3489/3489 2090/2090
f 1246/1246 2379/2379 1942/1942
f 3301/3301 2963/2963 2019/2019
f 1973/1973 2020/2020 1460/1460
f 3905/3905 1828/1828 3649/3649
f 1280/1280 1469/1469 2001/2001
f 1473/1473 3894/3894 1470/1470
f 3864/3864 1590/1590 1471/1471
f 2325/2325 3929/3929 3185/3185
f 1636/1636 3780/3780 1221/1221
f 3391/3391 1840/1840 3689/3689
f 1299/1299 1421/1421 1778/1778
f 1778/1778 1474/1474 1826/1826
f 1475/1475 1492/1492 1983/1983
f 1549/1549 1969/1969 2277/2277
f 1420/1420 1718/1718 1239/1239
f 2216/2216 3028/3028 2127/2127
f 3952/3952 1624/1624 2073/2073
f 2857/2857 3810/3810 2021/2021
f 3122/3122 1479/1479 2813/2813
f 1472/1472 2273/2273 1519/1519
f 3481/3481 3143/3143 2024/2024
f 3185/3185 2022/2022 1221/1221
f 4009/4009 4101/4101 2008/2008
f 3925/3925 2724/2724 1484/1484
f 1395/1395 1851/1851 1269/1269
f 1300/1300 2880/2880 1783/1783
f 1846/1846 3336/3336 1756/1756
f 1640/1640 2619/2619 1867/1867
f 1331/1331 1852/1852 1487/1487
f 2387/2387 2686/2686 1535/1535
f 2813/2813 2612/2612 1488/1488
f 3481/3481 2024/2024 1569/1569
f 2007/2007 1385/1385 2058/2058
f 1489/1489 1494/1494 1548/1548
f 1845/1845 3352/3352 2016/2016
f 1720/1720 3919/3919 1498/1498
f 3922/3922 3894/3894 3391/3391
f 4057/4057 4137/4137 2054/2054
f 1291/1291 2875/2875 3570/3570
f 3043/3043 3194/3194 1491/1491
f 1513/1513 1735/1735 2025/2025
f 1439/1439 2573/2573 1669/1669
f 1517/1517 2440/2440 1638/1638
f 2101/2101 3067/3067 1715/1715
f 3777/3777 2378/2378 1458/1458
f 4106/4106 2519/2519 3923/3923
f 1494/1494 1489/1489 1339/1339
f 1733/1733 1806/1806 2066/2066
f 1370/1370 2170/2170 1798/1798
f 1717/1717 2027/2027 2899/2899
f 1496/1496 4058/4058 2963/2963
f 3877/3877 1328/1328 4058/4058
f 1590/1590 1853/1853 1471/1471
f 3172/3172 2517/2517 1854/1854
f 1474/1474 2028/2028 4099/4099
f 1499/1499 1720/1720 1856/1856
f 1565/1565 1722/1722 3320/3320
f 3803/3803 1515/1515 2710/2710
f 1498/1498 1856/1856 1720/1720
f 1535/1535 3898/3898 2970/2970
f 1716/1716 3770/3770 2029/2029
f 1501/1501 2030/2030 3816/3816
f 2946/2946 2435/2435 4154/4154
f 1502/1502 1694/1694 1270/1270
f 1530/1530 1857/1857 2899/2899
f 3023/3023 304/304 303/303
f 2940/2940 3548/3548 2031/2031
f 302/302 3461/3461 303/303
f 3296/3296 3181/3181 2093/2093
f 1281/1281 3514/3514 3608/3608
f 1348/1348 2812/2812 284/284
f 1723/1723 1858/1858 1347/1347
f 2510/2510 1208/1208 1649/1649
f 1731/1731 1349/1349 1894/1894
f 1739/1739 4043/4043 3933/3933
f 1506/1506 1769/1769 2032/2032
f 3619/3619 3595/3595 1686/1686
f 12/12 247/247 1909/1909
f 3127/3127 1542/1542 1859/1859
f 241/241 2796/2796 242/242
f 242/242 3190/3190 243/243
f 2034/2034 3322/3322 1256/1256
f 1656/1656 3377/3377 2079/2079
f 4004/4004 3768/3768 1583/1583
f 2491/2491 2015/2015 1261/1261
f 3678/3678 1658/1658 1841/1841
f 2640/2640 2283/2283 2846/2846
f 3016/3016 2406/2406 2174/2174
f 4008/4008 1377/1377 3674/3674
f 1237/1237 1514/1514 2207/2207
f 1860/1860 1516/1516 2993/2993
f 1467/1467 2035/2035 1968/1968
f 1861/1861 2936/2936 2661/2661
f 4077/4077 2214/2214 4066/4066
f 1611/1611 2036/2036 1884/1884
f 1361/1361 1862/1862 1837/1837
f 2125/2125 2142/2142 1388/1388
f 1519/1519 2583/2583 1362/1362
f 1390/1390 1770/1770 2072/2072
f 1257/1257 1521/1521 1445/1445
f 1522/1522 3626/3626 1393/1393
f 1702/1702 3244/3244 1815/1815
f 2510/2510 1864/1864 2359/2359
f 3638/3638 2158/2158 4117/4117
f 3838/3838 1267/1267 3480/3480
f 2703/2703 2717/2717 1526/1526
f 2249/2249 2185/2185 1772/1772
f 1772/1772 3821/3821 4162/4162
f 1757/1757 3311/3311 1283/1283
f 1697/1697 2037/2037 1981/1981
f 1771/1771 3322/3322 1255/1255
f 1247/1247 3651/3651 1866/1866
f 3821/3821 3761/3761 1943/1943
f 2161/2161 3740/3740 1323/1323
f 3740/3740 1529/1529 3590/3590
f 1276/1276 1531/1531 1732/1732
f 4095/4095 2587/2587 1677/1677
f 3521/3521 2570/2570 1829/1829
f 2301/2301 1627/1627 3801/3801
f 3558/3558 1205/1205 3440/3440
f 2371/2371 1302/1302 1713/1713
f 3982/3982 1534/1534 1405/1405
f 2342/2342 2803/2803 1303/1303
f 3172/3172 2686/2686 2387/2387
f 1337/1337 2451/2451 2240/2240
f 2884/2884 1539/1539 4085/4085
f 1288/1288 3485/3485 1218/1218
f 1374/1374 1289/1289 3754/3754
f 1537/1537 3400/3400 3768/3768
f 1538/1538 1675/1675 2040/2040
f 2565/2565 3692/3692 1521/1521
f 3553/3553 1791/1791 1288/1288
f 1295/1295 1868/1868 1557/1557
f 1482/1482 3136/3136 1812/1812
f 3890/3890 2908/2908 1710/1710
f 1450/1450 1700/1700 3483/3483
f 3987/3987 1487/1487 1852/1852
f 2485/2485 2194/2194 1625/1625
f 3137/3137 3928/3928 1974/1974
f 1568/1568 3279/3279 1905/1905
f 3977/3977 3686/3686 3989/3989
f 3015/3015 2906/2906 4134/4134
f 3857/3857 2536/2536 3974/3974
f 2487/2487 2847/2847 2045/2045
f 1903/1903 3064/3064 1351/1351
f 3890/3890 1710/1710 2046/2046
f 2042/2042 1547/1547 1555/1555
f 3409/3409 2047/2047 1310/1310
f 1849/1849 2048/2048 1969/1969
f 1711/1711 3540/3540 2996/2996
f 1707/1707 2049/2049 2327/2327
f 1617/1617 2050/2050 2946/2946
f 3827/3827 2284/2284 4115/4115
f 1685/1685 3286/3286 1553/1553
f 1403/1403 3960/3960 4084/4084
f 1721/1721 2051/2051 2432/2432
f 1871/1871 1555/1555 1547/1547
f 2437/2437 3567/3567 1842/1842
f 1705/1705 1556/1556 1996/1996
f 1943/1943 1247/1247 1866/1866
f 2364/2364 2335/2335 2503/2503
f 1525/1525 1397/1397 1703/1703
f 1384/1384 1557/1557 1868/1868
f 2053/2053 1424/1424 1624/1624
f 2088/2088 1716/1716 2029/2029
f 3319/3319 1558/1558 3001/3001
f 2128/2128 2132/2132 1559/1559
f 2576/2576 2892/2892 1376/1376
f 3449/3449 2700/2700 1756/1756
f 1830/1830 1217/1217 3666/3666
f 1873/1873 1561/1561 2578/2578
f 1472/1472 2306/2306 2273/2273
f 1664/1664 1875/1875 3810/3810
f 1565/1565 1383/1383 1729/1729
f 3648/3648 3564/3564 1722/1722
f 1383/1383 3907/3907 1729/1729
f 311/311 1566/1566 312/312
f 2555/2555 2304/2304 3009/3009
f 2555/2555 2516/2516 3131/3131
f 3433/3433 3356/3356 3881/3881
f 1816/1816 3552/3552 2103/2103
f 267/267 3132/3132 268/268
f 270/270 3092/3092 3880/3880
f 2872/2872 1215/1215 3323/3323
f 2514/2514 2056/2056 3370/3370
f 289/289 3249/3249 15/15
f 3418/3418 2019/2019 2963/2963
f 1499/1499 1568/1568 1882/1882
f 1309/1309 2058/2058 1385/1385
f 197/197 3414/3414 3421/3421
f 3490/3490 3654/3654 3633/3633
f 1918/1918 349/349 2059/2059
f 2866/2866 2117/2117 2415/2415
f 295/295 3367/3367 296/296
f 3620/3620 1573/1573 1214/1214
f 2872/2872 2413/2413 1573/1573
f 219/219 1574/1574 3055/3055
f 1574/1574 1697/1697 2034/2034
f 1575/1575 1609/1609 1910/1910
f 1225/1225 1575/1575 1655/1655
f 2931/2931 2060/2060 1237/1237
f 2930/2930 1514/1514 1237/1237
f 2402/2402 1349/1349 1731/1731
f 2299/2299 3006/3006 1268/1268
f 1248/1248 4102/4102 1579/1579
f 1767/1767 2062/2062 1579/1579
f 2486/2486 1580/1580 3621/3621
f 2160/2160 2136/2136 1835/1835
f 3305/3305 3401/3401 3968/3968
f 1769/1769 1506/1506 3413/3413
f 201/201 3517/3517 202/202
f 1877/1877 2225/2225 1230/1230
f 1582/1582 1522/1522 1393/1393
f 2137/2137 4004/4004 1583/1583
f 1592/1592 2904/2904 2382/2382
f 3385/3385 2751/2751 2596/2596
f 1235/1235 2596/2596 1576/1576
f 1587/1587 1271/1271 4068/4068
f 1618/1618 2065/2065 3599/3599
f 1762/1762 2425/2425 2827/2827
f 3113/3113 2571/2571 1417/1417
f 1560/1560 2362/2362 1810/1810
f 3556/3556 1551/1551 3470/3470
f 1850/1850 1477/1477 1284/1284
f 2250/2250 3176/3176 3439/3439
f 1441/1441 1879/1879 2081/2081
f 1287/1287 1591/1591 1768/1768
f 2727/2727 3942/3942 1374/1374
f 1261/1261 2261/2261 1954/1954
f 1262/1262 1592/1592 3750/3750
f 1370/1370 1880/1880 2170/2170
f 1266/1266 1593/1593 1728/1728
f 1626/1626 2357/2357 2005/2005
f 2040/2040 2746/2746 1594/1594
f 3019/3019 2584/2584 3228/3228
f 1825/1825 1595/1595 2106/2106
f 1279/1279 4143/4143 2003/2003
f 1596/1596 3228/3228 1416/1416
f 1216/1216 1597/1597 1796/1796
f 1440/1440 2508/2508 1628/1628
f 1317/1317 2338/2338 2010/2010
f 1598/1598 1615/1615 2599/2599
f 1672/1672 1363/1363 1598/1598
f 1360/1360 2693/2693 2407/2407
f 1496/1496 1600/1600 4058/4058
f 1495/1495 2066/2066 1806/1806
f 1393/1393 1601/1601 1582/1582
f 1584/1584 4029/4029 3037/3037
f 2904/2904 3020/3020 2366/2366
f 1603/1603 3183/3183 2767/2767
f 1683/1683 3011/3011 1954/1954
f 1535/1535 3923/3923 1727/1727
f 2962/2962 2420/2420 3436/3436
f 1476/1476 1734/1734 1786/1786
f 3181/3181 4073/4073 1709/1709
f 1346/1346 2067/2067 3677/3677
f 2559/2559 1353/1353 1608/1608
f 1422/1422 4001/4001 1650/1650
f 1743/1743 3760/3760 1213/1213
f 1744/1744 1360/1360 1906/1906
f 1367/1367 2801/2801 2079/2079
f 1225/1225 1609/1609 1575/1575
f 3471/3471 1698/1698 2656/2656
f 1520/1520 1883/1883 1368/1368
f 1369/1369 2069/2069 1750/1750
f 1518/1518 1884/1884 2036/2036
f 3655/3655 3714/3714 2323/2323
f 2231/2231 2119/2119 1613/1613
f 1953/1953 2350/2350 1774/1774
f 1885/1885 2181/2181 2547/2547
f 1608/1608 3265/3265 1990/1990
f 3759/3759 3616/3616 3575/3575
f 3075/3075 2138/2138 1614/1614
f 2126/2126 2529/2529 3983/3983
f 1653/1653 2071/2071 1363/1363
f 1655/1655 2072/2072 1225/1225
f 2683/2683 1225/1225 1616/1616
f 1552/1552 3016/3016 2050/2050
f 1343/1343 1617/1617 1897/1897
f 3599/3599 1401/1401 1618/1618
f 4042/4042 1927/1927 2667/2667
f 3192/3192 3581/3581 1932/1932
f 3460/3460 3651/3651 1754/1754
f 1387/1387 2294/2294 1639/1639
f 3637/3637 3285/3285 2450/2450
f 2748/2748 2155/2155 2350/2350
f 2167/2167 2764/2764 2901/2901
f 2162/2162 3964/3964 3699/3699
f 1647/1647 2295/2295 1740/1740
f 1780/1780 2717/2717 1941/1941
f 1207/1207 1941/1941 2002/2002
f 1486/1486 2114/2114 1867/1867
f 3358/3358 2197/2197 1986/1986
f 3952/3952 2073/2073 2216/2216
f 1245/1245 3476/3476 1823/1823
f 1358/1358 2194/2194 2301/2301
f 2379/2379 3215/3215 2485/2485
f 1317/1317 1513/1513 2025/2025
f 3465/3465 2508/2508 2338/2338
f 1850/1850 3217/3217 2483/2483
f 2219/2219 2483/2483 2925/2925
f 1706/1706 1511/1511 1998/1998
f 1706/1706 2074/2074 1233/1233
f 3407/3407 1839/1839 2075/2075
f 1881/1881 3685/3685 1630/1630
f 1393/1393 3054/3054 1601/1601
f 2230/2230 2152/2152 1631/1631
f 1887/1887 2076/2076 1632/1632
f 1847/1847 3341/3341 3579/3579
f 1326/1326 1632/1632 2076/2076
f 1326/1326 1970/1970 1971/1971
f 1640/1640 1464/1464 1889/1889
f 1600/1600 1496/1496 2004/2004
f 1625/1625 3521/3521 2485/2485
f 1222/1222 1837/1837 1862/1862
f 1761/1761 2724/2724 1637/1637
f 1602/1602 2997/2997 3020/3020
f 1517/1517 1638/1638 1861/1861
f 4018/4018 2010/2010 2626/2626
f 1633/1633 1889/1889 1464/1464
f 2178/2178 1464/1464 1640/1640
f 1228/1228 1641/1641 2063/2063
f 1642/1642 2128/2128 2136/2136
f 3086/3086 2374/2374 3161/3161
f 1342/1342 2890/2890 1693/1693
f 1266/1266 1643/1643 1898/1898
f 1343/1343 1813/1813 2050/2050
f 1503/1503 2938/2938 1899/1899
f 1645/1645 1502/1502 1270/1270
f 2512/2512 1502/1502 1645/1645
f 1437/1437 2078/2078 1814/1814
f 1206/1206 1646/1646 1753/1753
f 1272/1272 2259/2259 2671/2671
f 1348/1348 1647/1647 1723/1723
f 251/251 3144/3144 252/252
f 252/252 3515/3515 253/253
f 3467/3467 1649/1649 1208/1208
f 3554/3554 1731/1731 3433/3433
f 1546/1546 2487/2487 2045/2045
f 1381/1381 3627/3627 1827/1827
f 261/261 260/260 1922/1922
f 274/274 3466/3466 1801/1801
f 1353/1353 1651/1651 1242/1242
f 1652/1652 3230/3230 1430/1430
f 217/217 1652/1652 218/218
f 2071/2071 3719/3719 1363/1363
f 1509/1509 1654/1654 1508/1508
f 2104/2104 3202/3202 1993/1993
f 223/223 1655/1655 224/224
f 1616/1616 1225/1225 2072/2072
f 1367/1367 3377/3377 1748/1748
f 1656/1656 4079/4079 1227/1227
f 1372/1372 1657/1657 4025/4025
f 3204/3204 1512/1512 1658/1658
f 3204/3204 2161/2161 1323/1323
f 1693/1693 3743/3743 1890/1890
f 1342/1342 1659/1659 321/321
f 1824/1824 2766/2766 3220/3220
f 277/277 276/276 1902/1902
f 2698/2698 1660/1660 1505/1505
f 266/266 1661/1661 3420/3420
f 3723/3723 1891/1891 2715/2715
f 3850/3850 1662/1662 3293/3293
f 2341/2341 2220/2220 1414/1414
f 4107/4107 1663/1663 1825/1825
f 3601/3601 1416/1416 1663/1663
f 1718/1718 2927/2927 1664/1664
f 2832/2832 1390/1390 3140/3140
f 3887/3887 2238/2238 3055/3055
f 204/204 1229/1229 1805/1805
f 4142/4142 1666/1666 1877/1877
f 1292/1292 3187/3187 1435/1435
f 2381/2381 3071/3071 4051/4051
f 1927/1927 1991/1991 1667/1667
f 2998/2998 1306/1306 3823/3823
f 1833/1833 1485/1485 2006/2006
f 1209/1209 1668/1668 1704/1704
f 2926/2926 1397/1397 3667/3667
f 1669/1669 2317/2317 2779/2779
f 1670/1670 1407/1407 2055/2055
f 4145/4145 1768/1768 3209/3209
f 3904/3904 1457/1457 1671/1671
f 1408/1408 1672/1672 1598/1598
f 1363/1363 1672/1672 3477/3477
f 2358/2358 2377/2377 3919/3919
f 2298/2298 3503/3503 3446/3446
f 1529/1529 2080/2080 1688/1688
f 3478/3478 3522/3522 1675/1675
f 4139/4139 2181/2181 1885/1885
f 1241/1241 2494/2494 3713/3713
f 1414/1414 2912/2912 1243/1243
f 1277/1277 1678/1678 2002/2002
f 4011/4011 2619/2619 1640/1640
f 2760/2760 2911/2911 2475/2475
f 1296/1296 2597/2597 1776/1776
f 1579/1579 1279/1279 1767/1767
f 3502/3502 3002/3002 1251/1251
f 1430/1430 3637/3637 1620/1620
f 2228/2228 3285/3285 3477/3477
f 1680/1680 1371/1371 3330/3330
f 1371/1371 1680/1680 3511/3511
f 1681/1681 3442/3442 3203/3203
f 1814/1814 3197/3197 1989/1989
f 3546/3546 2381/2381 4051/4051
f 2183/2183 3071/3071 2381/2381
f 1683/1683 1604/1604 1316/1316
f 1282/1282 2889/2889 3911/3911
f 1304/1304 2831/2831 1992/1992
f 1327/1327 2344/2344 3050/3050
f 1542/1542 2623/2623 1859/1859
f 1872/1872 3442/3442 1681/1681
f 1315/1315 3585/3585 1959/1959
f 2535/2535 1449/1449 3407/3407
f 2166/2166 3922/3922 4165/4165
f 1701/1701 3607/3607 1687/1687
f 1612/1612 3655/3655 3173/3173
f 1448/1448 1689/1689 1757/1757
f 3777/3777 1690/1690 1334/1334
f 1495/1495 2082/2082 1798/1798
f 2484/2484 2378/2378 1334/1334
f 1691/1691 1333/1333 1458/1458
f 1692/1692 3062/3062 1462/1462
f 1692/1692 2714/2714 3062/3062
f 1462/1462 3611/3611 1692/1692
f 1659/1659 1342/1342 1693/1693
f 3977/3977 1234/1234 1976/1976
f 1465/1465 3015/3015 4137/4137
f 2665/2665 1694/1694 1502/1502
f 3399/3399 3301/3301 3290/3290
f 1742/1742 1505/1505 3721/3721
f 3597/3597 1990/1990 4001/4001
f 1696/1696 1489/1489 1548/1548
f 1489/1489 1696/1696 1330/1330
f 1408/1408 2871/2871 1672/1672
f 1364/1364 1697/1697 1574/1574
f 1527/1527 1255/1255 1981/1981
f 3538/3538 2683/2683 1616/1616
f 3360/3360 2910/2910 1609/1609
f 3815/3815 1523/1523 3818/3818
f 2277/2277 3050/3050 1549/1549
f 1327/1327 1699/1699 1442/1442
f 1282/1282 2193/2193 1549/1549
f 1478/1478 2331/2331 2857/2857
f 3810/3810 1564/1564 2021/2021
f 1700/1700 1714/1714 3623/3623
f 1220/1220 1450/1450 3483/3483
f 3607/3607 1451/1451 2738/2738
f 3757/3757 2802/2802 1309/1309
f 2500/2500 2495/2495 1787/1787
f 1702/1702 1524/1524 1297/1297
f 2027/2027 2569/2569 1413/1413
f 1734/1734 2083/2083 1605/1605
f 2359/2359 1525/1525 1703/1703
f 4007/4007 1704/1704 1668/1668
f 250/250 2084/2084 3344/3344
f 1581/1581 2085/2085 1912/1912
f 2600/2600 3380/3380 1229/1229
f 1725/1725 3283/3283 1915/1915
f 1570/1570 3633/3633 2074/2074
f 3248/3248 2685/2685 2571/2571
f 4015/4015 2818/2818 1423/1423
f 1732/1732 2818/2818 3946/3946
f 3691/3691 2158/2158 3408/3408
f 281/281 2086/2086 2671/2671
f 1708/1708 3649/3649 1425/1425
f 1346/1346 1709/1709 2067/2067
f 3983/3983 4026/4026 1710/1710
f 1264/1264 1711/1711 1984/1984
f 1436/1436 3971/3971 1985/1985
f 1712/1712 3152/3152 3463/3463
f 1571/1571 2371/2371 2907/2907
f 2842/2842 1533/1533 1313/1313
f 2603/2603 3175/3175 2437/2437
f 3879/3879 2317/2317 1669/1669
f 1450/1450 1714/1714 1700/1700
f 1701/1701 2403/2403 3607/3607
f 1465/1465 3415/3415 1808/1808
f 1500/1500 2088/2088 2029/2029
f 3199/3199 2858/2858 1718/1718
f 1718/1718 1420/1420 1380/1380
f 2241/2241 3481/3481 1569/1569
f 1481/1481 1431/1431 3896/3896
f 1487/1487 3858/3858 2066/2066
f 3247/3247 1719/1719 1869/1869
f 1497/1497 3172/3172 1854/1854
f 1499/1499 4016/4016 1720/1720
f 3194/3194 3386/3386 1721/1721
f 1926/1926 3158/3158 3044/3044
f 1722/1722 1729/1729 2089/2089
f 1858/1858 3184/3184 1347/1347
f 3694/3694 3294/3294 3677/3677
f 1654/1654 1509/1509 1963/1963
f 3790/3790 3027/3027 1365/1365
f 1512/1512 3714/3714 4108/4108
f 2026/2026 3674/3674 1724/1724
f 1552/1552 2090/2090 3016/3016
f 4066/4066 2052/2052 1923/1923
f 1947/1947 3081/3081 3223/3223
f 4059/4059 3690/3690 1863/1863
f 1725/1725 1674/1674 2038/2038
f 1233/1233 3654/3654 1915/1915
f 3401/3401 3305/3305 1726/1726
f 3235/3235 3839/3839 1933/1933
f 2387/2387 1535/1535 1727/1727
f 2255/2255 1728/1728 1593/1593
f 1266/1266 1728/1728 1643/1643
f 2503/2503 3460/3460 2364/2364
f 1397/1397 2865/2865 1703/1703
f 1565/1565 1729/1729 1722/1722
f 2545/2545 2999/2999 2925/2925
f 1218/1218 1730/1730 1288/1288
f 2346/2346 3581/3581 3192/3192
f 3433/3433 3881/3881 3554/3554
f 4147/4147 1894/1894 1349/1349
f 3292/3292 1732/1732 3946/3946
f 1398/1398 1732/1732 1531/1531
f 1715/1715 1733/1733 1793/1793
f 3858/3858 1487/1487 3987/3987
f 2083/2083 3771/3771 1605/1605
f 2447/2447 2690/2690 1236/1236
f 3577/3577 1735/1735 1836/1836
f 3106/3106 1439/1439 1735/1735
f 313/313 1736/1736 16/16
f 315/315 314/314 1896/1896
f 1340/1340 1737/1737 1896/1896
f 1203/1203 2243/2243 2962/2962
f 3461/3461 3857/3857 1738/1738
f 1302/1302 2917/2917 1713/1713
f 330/330 1739/1739 331/331
f 1346/1346 2093/2093 1709/1709
f 3941/3941 2811/2811 3371/3371
f 1945/1945 3917/3917 1741/1741
f 279/279 3926/3926 2562/2562
f 1208/1208 3926/3926 3467/3467
f 1505/1505 1742/1742 2786/2786
f 1742/1742 3597/3597 1212/1212
f 3541/3541 1400/1400 3760/3760
f 1860/1860 3541/3541 1743/1743
f 1360/1360 1744/1744 1696/1696
f 3331/3331 1744/1744 4138/4138
f 3276/3276 1506/1506 1745/1745
f 246/246 1746/1746 1507/1507
f 1859/1859 1746/1746 1319/1319
f 1747/1747 3271/3271 1366/1366
f 4060/4060 1747/1747 1698/1698
f 1227/1227 3377/3377 1656/1656
f 229/229 1749/1749 230/230
f 1367/1367 1749/1749 2801/2801
f 3329/3329 2482/2482 1322/1322
f 1322/1322 1750/1750 1611/1611
f 339/339 2613/2613 340/340
f 2630/2630 1584/1584 3503/3503
f 341/341 3537/3537 342/342
f 1259/1259 2298/2298 3446/3446
f 1371/1371 2550/2550 2761/2761
f 1324/1324 1752/1752 3573/3573
f 309/309 3816/3816 3161/3161
f 1500/1500 3816/3816 2030/2030
f 1214/1214 2094/2094 2633/2633
f 3427/3427 1753/1753 3201/3201
f 1274/1274 3742/3742 1399/1399
f 1240/1240 3742/3742 2943/2943
f 2510/2510 1649/1649 3796/3796
f 1208/1208 2359/2359 4117/4117
f 1424/1424 4069/4069 1624/1624
f 2575/2575 3325/3325 1755/1755
f 1477/1477 2516/2516 3009/3009
f 1756/1756 3336/3336 3449/3449
f 1689/1689 3321/3321 1757/1757
f 1448/1448 1757/1757 1283/1283
f 1521/1521 1758/1758 3147/3147
f 1791/1791 3485/3485 1288/1288
f 1759/1759 1321/1321 1392/1392
f 1444/1444 2095/2095 1320/1320
f 3456/3456 2096/2096 2208/2208
f 3985/3985 2097/2097 3422/3422
f 3043/3043 1761/1761 1637/1637
f 2176/2176 2571/2571 1762/1762
f 1211/1211 1763/1763 1864/1864
f 1764/1764 1516/1516 3723/3723
f 1516/1516 1764/1764 1892/1892
f 1249/1249 2185/2185 2663/2663
f 1248/1248 1766/1766 2006/2006
f 2062/2062 1268/1268 1579/1579
f 3802/3802 1204/1204 1767/1767
f 1769/1769 2098/2098 4046/4046
f 2098/2098 3653/3653 4046/4046
f 1616/1616 1770/1770 1368/1368
f 1528/1528 1771/1771 1988/1988
f 3647/3647 1771/1771 1527/1527
f 3192/3192 3673/3673 2346/2346
f 2590/2590 1262/1262 1773/1773
f 1774/1774 2167/2167 2227/2227
f 1414/1414 2672/2672 2912/2912
f 2413/2413 4119/4119 1775/1775
f 1786/1786 1296/1296 1776/1776
f 3762/3762 1679/1679 1279/1279
f 1777/1777 3113/3113 1417/1417
f 1273/1273 1777/1777 3600/3600
f 1299/1299 1778/1778 1826/1826
f 2515/2515 2336/2336 2028/2028
f 1587/1587 4068/4068 2636/2636
f 1586/1586 4068/4068 3802/3802
f 3248/3248 1779/1779 1419/1419
f 3594/3594 1779/1779 1607/1607
f 1663/1663 2099/2099 3601/3601
f 1300/1300 1781/1781 2880/2880
f 1235/1235 1782/1782 2596/2596
f 1782/1782 3911/3911 3385/3385
f 2879/2879 2497/2497 3586/3586
f 1359/1359 2100/2100 1871/1871
f 1429/1429 1783/1783 1833/1833
f 1783/1783 1278/1278 1300/1300
f 3737/3737 3692/3692 2565/2565
f 1257/1257 2565/2565 1521/1521
f 1795/1795 3171/3171 1784/1784
f 1830/1830 2844/2844 4036/4036
f 2322/2322 1734/1734 1476/1476
f 1426/1426 1786/1786 1776/1776
f 1296/1296 1786/1786 1734/1734
f 2500/2500 1787/1787 2541/2541
f 1297/1297 3174/3174 1702/1702
f 1235/1235 1788/1788 2274/2274
f 1788/1788 2684/2684 3873/3873
f 2022/2022 1636/1636 1221/1221
f 2407/2407 1599/1599 1980/1980
f 1789/1789 1257/1257 1445/1445
f 1257/1257 3404/3404 2565/2565
f 1539/1539 1791/1791 1758/1758
f 1791/1791 2222/2222 1536/1536
f 3961/3961 2101/2101 1427/1427
f 1440/1440 2242/2242 2508/2508
f 1540/1540 3983/3983 1710/1710
f 1470/1470 4026/4026 1473/1473
f 1794/1794 2156/2156 2885/2885
f 1795/1795 1602/1602 4029/4029
f 1795/1795 1331/1331 1602/1602
f 1216/1216 1796/1796 1797/1797
f 1796/1796 1316/1316 1329/1329
f 1329/1329 1797/1797 1796/1796
f 1797/1797 3156/3156 1216/1216
f 1370/1370 1798/1798 1690/1690
f 1495/1495 1798/1798 3764/3764
f 1459/1459 3352/3352 1845/1845
f 3352/3352 1463/1463 3710/3710
f 1799/1799 2979/2979 2454/2454
f 2942/2942 2979/2979 1799/1799
f 3296/3296 3034/3034 3514/3514
f 1546/1546 1800/1800 1940/1940
f 1801/1801 1353/1353 1695/1695
f 1353/1353 4121/4121 1651/1651
f 3480/3480 1780/1780 3838/3838
f 1802/1802 1848/1848 1949/1949
f 1361/1361 1803/1803 1862/1862
f 1322/1322 1803/1803 3329/3329
f 1804/1804 2674/2674 3625/3625
f 204/204 1805/1805 205/205
f 1805/1805 1666/1666 4142/4142
f 1334/1334 2566/2566 2484/2484
f 1715/1715 1806/1806 1733/1733
f 2070/2070 4108/4108 1612/1612
f 1453/1453 1807/1807 1967/1967
f 1512/1512 2640/2640 2846/2846
f 2070/2070 1453/1453 1231/1231
f 1808/1808 4154/4154 2435/2435
f 3811/3811 4154/4154 1808/1808
f 1707/1707 3259/3259 3224/3224
f 1777/1777 1417/1417 1809/1809
f 1379/1379 1810/1810 1588/1588
f 1325/1325 1811/1811 1795/1795
f 1331/1331 1811/1811 1852/1852
f 1812/1812 3567/3567 3175/3175
f 2498/2498 1812/1812 3136/3136
f 1644/1644 2938/2938 1813/1813
f 1206/1206 1814/1814 1646/1646
f 1815/1815 1524/1524 1702/1702
f 2938/2938 3548/3548 1813/1813
f 1466/1466 3303/3303 3069/3069
f 2359/2359 3638/3638 4117/4117
f 1208/1208 2821/2821 3926/3926
f 1404/1404 2102/2102 1979/1979
f 1403/1403 1817/1817 1415/1415
f 1817/1817 1395/1395 1269/1269
f 3324/3324 2639/2639 1818/1818
f 195/195 3939/3939 1913/1913
f 1671/1671 2104/2104 3904/3904
f 2617/2617 1819/1819 1865/1865
f 1482/1482 1820/1820 3780/3780
f 2603/2603 3610/3610 2105/2105
f 1411/1411 1821/1821 1373/1373
f 1967/1967 2732/2732 1821/1821
f 1411/1411 2981/2981 1821/1821
f 1264/1264 3277/3277 1711/1711
f 1851/1851 1484/1484 1823/1823
f 1823/1823 1557/1557 1384/1384
f 2376/2376 3180/3180 1824/1824
f 2766/2766 1824/1824 4009/4009
f 1416/1416 1825/1825 1663/1663
f 3100/3100 1379/1379 3470/3470
f 1622/1622 2680/2680 1740/1740
f 1827/1827 3473/3473 1381/1381
f 1885/1885 3473/3473 1827/1827
f 3649/3649 1708/1708 3905/3905
f 1427/1427 1829/1829 3961/3961
f 2792/2792 1830/1830 3666/3666
f 1217/1217 3575/3575 1386/1386
f 1438/1438 3376/3376 2173/2173
f 1285/1285 1832/1832 1956/1956
f 1485/1485 2880/2880 1781/1781
f 1833/1833 2974/2974 1429/1429
f 1558/1558 3724/3724 2736/2736
f 2160/2160 1835/1835 1580/1580
f 1580/1580 1835/1835 3621/3621
f 3520/3520 3025/3025 2009/2009
f 1439/1439 1836/1836 1735/1735
f 1615/1615 2645/2645 2775/2775
f 213/213 1361/1361 1907/1907
f 1320/1320 1838/1838 1839/1839
f 1443/1443 2107/2107 1790/1790
f 1320/1320 2198/2198 1444/1444
f 1455/1455 3407/3407 2075/2075
f 3922/3922 3689/3689 1449/1449
f 186/186 2108/2108 2353/2353
f 1841/1841 1512/1512 2846/2846
f 2842/2842 2866/2866 2907/2907
f 1305/1305 1842/1842 2497/2497
f 1448/1448 2849/2849 2651/2651
f 1221/1221 2325/2325 3185/3185
f 1312/1312 3403/3403 3273/3273
f 1330/1330 3331/3331 1845/1845
f 3123/3123 1844/1844 2558/2558
f 1597/1597 1216/1216 1944/1944
f 1459/1459 3183/3183 3107/3107
f 1489/1489 1330/1330 2016/2016
f 1217/1217 1846/1846 1756/1756
f 1846/1846 2114/2114 1486/1486
f 2454/2454 1338/1338 2355/2355
f 1802/1802 2783/2783 1848/1848
f 3547/3547 1931/1931 3893/3893
f 1221/1221 3780/3780 2461/2461
f 3780/3780 1636/1636 1482/1482
f 2408/2408 2434/2434 3636/3636
f 2157/2157 1378/1378 1849/1849
f 1589/1589 1850/1850 1284/1284
f 1478/1478 2336/2336 2331/2331
f 2223/2223 2443/2443 2515/2515
f 2813/2813 1488/1488 3122/3122
f 1389/1389 4158/4158 1252/1252
f 4158/4158 3896/3896 3143/3143
f 1384/1384 1851/1851 1823/1823
f 1851/1851 3925/3925 1484/1484
f 1869/1869 3987/3987 1852/1852
f 3390/3390 2923/2923 1811/1811
f 1318/1318 2790/2790 3321/3321
f 4017/4017 1471/1471 1853/1853
f 1497/1497 4017/4017 1853/1853
f 1428/1428 2612/2612 3137/3137
f 1499/1499 3135/3135 1568/1568
f 2186/2186 3135/3135 1856/1856
f 3045/3045 1857/1857 1545/1545
f 1857/1857 1530/1530 3730/3730
f 1607/1607 1858/1858 3594/3594
f 1508/1508 2313/2313 2513/2513
f 1242/1242 2993/2993 1608/1608
f 1638/1638 2936/2936 1861/1861
f 2215/2215 1517/1517 1861/1861
f 1924/1924 1222/1222 1862/1862
f 1518/1518 1862/1862 3518/3518
f 1863/1863 1391/1391 4059/4059
f 1391/1391 1863/1863 3874/3874
f 1864/1864 2943/2943 1525/1525
f 1240/1240 1864/1864 1763/1763
f 1405/1405 2419/2419 3002/3002
f 1527/1527 3306/3306 1995/1995
f 2195/2195 2617/2617 1865/1865
f 1867/1867 2384/2384 1486/1486
f 1384/1384 1868/1868 3901/3901
f 2106/2106 3530/3530 1868/1868
f 2042/2042 2498/2498 2908/2908
f 1540/1540 3136/3136 2716/2716
f 1869/1869 2923/2923 4010/4010
f 1852/1852 2923/2923 1869/1869
f 2049/2049 1238/1238 1870/1870
f 1826/1826 2549/2549 1299/1299
f 3845/3845 1538/1538 1554/1554
f 1538/1538 3478/3478 1675/1675
f 1555/1555 1871/1871 2778/2778
f 1359/1359 1871/1871 1936/1936
f 1558/1558 3558/3558 3001/3001
f 1205/1205 1872/1872 1681/1681
f 1561/1561 3341/3341 2187/2187
f 4006/4006 3525/3525 1874/1874
f 2975/2975 2999/2999 3907/3907
f 1477/1477 2575/2575 1755/1755
f 1666/1666 3206/3206 1877/1877
f 1584/1584 3145/3145 3503/3503
f 1878/1878 1592/1592 1262/1262
f 1879/1879 2989/2989 4013/4013
f 1592/1592 1880/1880 1537/1537
f 1599/1599 1881/1881 1789/1789
f 3455/3455 1443/1443 1881/1881
f 1599/1599 3685/3685 1881/1881
f 1696/1696 2109/2109 1360/1360
f 1568/1568 4106/4106 1882/1882
f 2970/2970 1432/1432 4016/4016
f 1883/1883 4060/4060 1610/1610
f 1884/1884 1322/1322 1611/1611
f 1322/1322 1884/1884 3518/3518
f 4139/4139 3265/3265 2993/2993
f 1650/1650 3258/3258 1827/1827
f 1886/1886 3389/3389 1625/1625
f 2020/2020 3389/3389 1886/1886
f 1463/1463 1887/1887 3735/3735
f 1634/1634 1888/1888 2004/2004
f 1427/1427 3521/3521 1829/1829
f 1635/1635 2645/2645 4067/4067
f 3580/3580 1431/1431 1481/1481
f 1889/1889 4011/4011 1640/1640
f 1532/1532 1889/1889 1337/1337
f 1659/1659 1890/1890 1975/1975
f 3379/3379 3669/3669 2117/2117
f 1661/1661 3584/3584 3420/3420
f 1213/1213 1891/1891 1743/1743
f 1764/1764 1662/1662 1892/1892
f 1516/1516 2494/2494 1676/1676
f 1219/1219 3500/3500 1962/1962
f 1223/1223 3596/3596 1457/1457
f 3741/3741 1688/1688 1893/1893
f 1289/1289 1374/1374 1893/1893
f 1894/1894 3433/3433 1731/1731
f 1352/1352 1894/1894 2256/2256
f 1736/1736 1895/1895 1896/1896
f 1340/1340 1895/1895 1566/1566
f 315/315 1896/1896 1737/1737
f 1895/1895 1340/1340 1896/1896
f 1617/1617 1501/1501 1897/1897
f 1343/1343 1897/1897 3238/3238
f 1898/1898 1344/1344 1266/1266
f 1344/1344 1898/1898 3703/3703
f 1503/1503 3023/3023 3461/3461
f 304/304 1899/1899 305/305
f 1739/1739 1900/1900 2093/2093
f 1648/1648 2847/2847 3515/3515
f 1350/1350 1901/1901 2103/2103
f 2698/2698 1349/1349 2870/2870
f 1903/1903 1422/1422 1650/1650
f 1422/1422 1903/1903 1940/1940
f 1356/1356 1904/1904 2421/2421
f 1905/1905 2788/2788 1544/1544
f 3123/3123 2620/2620 2249/2249
f 213/213 1907/1907 214/214
f 1907/1907 1837/1837 3862/3862
f 1431/1431 1908/1908 2024/2024
f 1251/1251 1909/1909 3236/3236
f 3140/3140 1665/1665 2832/2832
f 225/225 1910/1910 226/226
f 1226/1226 1910/1910 3745/3745
f 1911/1911 4088/4088 1656/1656
f 4088/4088 1911/1911 3471/3471
f 1581/1581 2180/2180 3517/3517
f 1458/1458 3988/3988 3777/3777
f 195/195 1913/1913 196/196
f 192/192 2914/2914 193/193
f 1915/1915 1706/1706 1233/1233
f 1706/1706 1915/1915 1511/1511
f 3654/3654 1233/1233 3633/3633
f 186/186 4164/4164 2108/2108
f 3678/3678 1917/1917 1998/1998
f 1570/1570 1918/1918 2059/2059
f 349/349 1918/1918 17/17
f 300/300 2328/2328 301/301
f 1682/1682 1298/1298 1919/1919
f 3097/3097 1347/1347 3184/3184
f 285/285 1920/1920 286/286
f 4099/4099 4061/4061 2785/2785
f 255/255 1921/1921 256/256
f 1921/1921 3627/3627 1381/1381
f 1922/1922 2808/2808 3850/3850
f 1311/1311 1923/1923 1957/1957
f 1518/1518 1924/1924 1862/1862
f 1222/1222 1924/1924 3696/3696
f 1329/1329 1925/1925 3381/3381
f 1332/1332 3795/3795 3443/3443
f 1926/1926 1265/1265 1491/1491
f 1402/1402 1667/1667 1991/1991
f 1618/1618 1927/1927 4042/4042
f 1928/1928 1356/1356 1526/1526
f 1356/1356 2928/2928 1904/1904
f 2499/2499 3164/3164 1929/1929
f 1304/1304 1929/1929 3234/3234
f 1930/1930 3395/3395 1345/1345
f 3893/3893 1469/1469 3547/3547
f 1415/1415 1931/1931 1403/1403
f 1247/1247 1932/1932 1619/1619
f 1932/1932 1765/1765 3192/3192
f 3141/3141 3235/3235 1933/1933
f 1283/1283 2342/2342 2604/2604
f 1438/1438 1934/1934 1952/1952
f 1769/1769 1935/1935 2032/2032
f 1935/1935 3839/3839 1534/1534
f 1936/1936 3117/3117 2358/2358
f 1547/1547 1936/1936 1871/1871
f 1666/1666 3529/3529 3206/3206
f 1938/1938 1674/1674 1937/1937
f 1263/1263 1937/1937 1997/1997
f 1937/1937 3068/3068 1938/1938
f 1674/1674 1938/1938 2080/2080
f 1291/1291 3989/3989 3317/3317
f 1939/1939 1667/1667 1402/1402
f 1940/1940 2560/2560 1422/1422
f 2560/2560 1940/1940 2580/2580
f 1531/1531 2587/2587 2039/2039
f 1780/1780 1941/1941 3838/3838
f 1941/1941 1244/1244 1623/1623
f 1246/1246 3399/3399 2757/2757
f 1496/1496 2963/2963 1942/1942
f 1943/1943 3806/3806 3821/3821
f 1945/1945 2678/2678 2972/2972
f 12/12 1945/1945 1741/1741
f 2909/2909 1946/1946 1408/1408
f 1408/1408 1946/1946 2871/2871
f 1947/1947 1392/1392 1220/1220
f 1392/1392 1947/1947 1964/1964
f 1228/1228 2222/2222 1641/1641
f 3754/3754 2727/2727 1374/1374
f 3768/3768 2727/2727 3754/3754
f 4019/4019 2255/2255 1434/1434
f 1436/1436 1948/1948 1712/1712
f 3985/3985 2690/2690 2876/2876
f 1469/1469 1949/1949 1848/1848
f 1280/1280 3085/3085 3937/3937
f 1950/1950 2700/2700 1460/1460
f 1297/1297 1951/1951 1787/1787
f 1951/1951 3499/3499 2541/2541
f 1682/1682 2540/2540 1298/1298
f 1545/1545 3557/3557 3045/3045
f 1438/1438 1952/1952 1974/1974
f 1315/1315 1953/1953 3203/3203
f 1292/1292 1953/1953 1774/1774
f 1954/1954 1604/1604 1683/1683
f 1387/1387 1955/1955 2506/2506
f 3884/3884 2089/2089 2545/2545
f 2710/2710 1383/1383 3803/3803
f 1515/1515 2215/2215 2661/2661
f 1832/1832 3660/3660 1956/1956
f 1410/1410 1957/1957 1923/1923
f 1311/1311 1957/1957 4085/4085
f 1325/1325 1958/1958 3390/3390
f 1315/1315 2231/2231 1613/1613
f 2415/2415 1375/1375 1959/1959
f 1314/1314 3956/3956 1792/1792
f 1269/1269 4104/4104 1817/1817
f 1597/1597 1961/1961 1796/1796
f 1961/1961 1760/1760 3791/3791
f 2436/2436 1962/1962 1442/1442
f 1442/1442 1962/1962 3908/3908
f 3889/3889 1654/1654 1963/1963
f 1963/1963 3790/3790 1365/1365
f 3419/3419 1964/1964 3223/3223
f 1964/1964 1759/1759 1392/1392
f 3623/3623 1309/1309 1385/1385
f 1687/1687 3075/3075 1614/1614
f 2152/2152 1541/1541 2806/2806
f 1452/1452 1966/1966 2069/2069
f 1453/1453 1967/1967 1821/1821
f 1467/1467 3694/3694 3677/3677
f 3628/3628 2955/2955 1699/1699
f 1475/1475 1969/1969 2048/2048
f 1332/1332 3361/3361 1925/1925
f 1970/1970 2830/2830 3361/3361
f 1326/1326 1971/1971 1972/1972
f 1333/1333 3443/3443 2380/2380
f 1971/1971 1333/1333 1972/1972
f 1326/1326 2942/2942 1799/1799
f 3706/3706 1973/1973 1828/1828
f 1973/1973 1460/1460 1468/1468
f 3137/3137 1974/1974 1952/1952
f 1975/1975 2995/2995 323/323
f 3379/3379 2995/2995 3669/3669
f 1693/1693 1976/1976 1234/1234
f 1344/1344 3703/3703 2000/2000
f 1203/1203 1977/1977 2203/2203
f 1514/1514 1978/1978 2094/2094
f 1210/1210 1979/1979 1816/1816
f 1404/1404 4007/4007 1668/1668
f 1980/1980 1789/1789 1445/1445
f 1697/1697 1981/1981 1255/1255
f 1981/1981 3306/3306 1527/1527
f 1394/1394 1982/1982 3977/3977
f 1474/1474 3100/3100 1826/1826
f 1379/1379 2576/2576 1810/1810
f 1983/1983 1456/1456 3628/3628
f 1456/1456 1983/1983 2077/2077
f 1550/1550 1984/1984 1711/1711
f 1984/1984 3671/3671 1264/1264
f 1436/1436 1985/1985 1948/1948
f 1479/1479 1986/1986 2043/2043
f 1461/1461 1986/1986 2197/2197
f 3757/3757 1701/1701 1987/1987
f 2802/2802 2241/2241 1569/1569
f 1988/1988 2608/2608 3874/3874
f 3953/3953 1988/1988 1771/1771
f 1989/1989 1437/1437 1814/1814
f 1437/1437 1989/1989 1919/1919
f 1650/1650 4001/4001 3258/3258
f 1608/1608 1990/1990 2559/2559
f 1618/1618 1991/1991 1927/1927
f 1991/1991 1243/1243 1402/1402
f 1304/1304 2499/2499 1929/1929
f 1992/1992 1685/1685 1553/1553
f 3778/3778 3520/3520 2819/2819
f 1819/1819 1993/1993 1995/1995
f 1224/1224 3889/3889 1963/1963
f 1408/1408 1994/1994 2909/2909
f 1286/1286 1994/1994 3625/3625
f 1224/1224 1995/1995 1993/1993
f 1260/1260 4155/4155 3066/3066
f 1412/1412 1997/1997 1937/1937
f 1263/1263 1997/1997 345/345
f 1706/1706 1998/1998 2074/2074
f 1629/1629 1998/1998 1917/1917
f 1434/1434 1999/1999 2054/2054
f 1344/1344 2000/2000 1593/1593
f 2000/2000 2962/2962 3436/3436
f 1415/1415 3893/3893 1931/1931
f 1280/1280 2001/2001 3867/3867
f 1207/1207 2002/2002 3676/3676
f 2002/2002 1623/1623 1277/1277
f 1279/1279 2003/2003 3762/3762
f 2003/2003 3246/3246 1426/1426
f 1634/1634 2004/2004 1496/1496
f 2004/2004 3191/3191 1600/1600
f 1626/1626 2005/2005 3472/3472
f 2005/2005 2746/2746 4161/4161
f 2006/2006 2974/2974 1833/1833
f 4027/4027 2974/2974 3823/3823
f 216/216 3230/3230 217/217
f 3230/3230 4090/4090 1430/1430
f 3955/3955 2007/2007 2058/2058
f 2996/2996 1550/1550 1711/1711
f 1550/1550 4008/4008 2418/2418
f 1292/1292 3203/3203 1953/1953
f 2008/2008 1483/1483 4009/4009
f 1483/1483 2008/2008 2764/2764
f 1406/1406 3520/3520 2009/2009
f 1456/1456 2626/2626 2920/2920
f 2011/2011 2681/2681 3610/3610
f 2989/2989 1406/1406 2681/2681
f 1630/1630 3455/3455 1881/1881
f 2107/2107 3455/3455 2012/2012
f 3483/3483 2230/2230 2954/2954
f 1220/1220 2013/2013 1947/1947
f 1455/1455 2014/2014 2047/2047
f 1458/1458 2015/2015 3988/3988
f 2015/2015 2261/2261 1261/1261
f 1845/1845 2016/2016 1330/1330
f 2016/2016 1339/1339 1489/1489
f 2792/2792 3644/3644 2017/2017
f 1314/1314 3058/3058 3497/3497
f 1386/1386 2140/2140 2795/2795
f 1461/1461 2297/2297 1831/1831
f 2019/2019 1467/1467 1454/1454
f 1467/1467 2019/2019 2035/2035
f 2020/2020 1973/1973 3706/3706
f 2199/2199 2716/2716 1636/1636
f 1476/1476 2216/2216 2322/2322
f 1478/1478 2021/2021 2710/2710
f 1383/1383 2021/2021 1564/1564
f 1636/1636 2022/2022 2199/2199
f 2022/2022 2306/2306 1472/1472
f 1637/1637 2023/2023 3194/3194
f 1569/1569 2024/2024 2649/2649
f 1431/1431 2024/2024 3896/3896
f 1317/1317 3465/3465 2338/2338
f 3577/3577 1836/1836 3025/3025
f 1466/1466 2026/2026 1724/1724
f 2028/2028 1474/1474 1778/1778
f 2029/2029 2986/2986 1341/1341
f 1500/1500 2030/2030 2088/2088
f 3730/3730 2031/2031 1738/1738
f 2031/2031 2938/2938 1503/1503
f 1251/1251 1506/1506 3502/3502
f 1534/1534 2032/2032 1935/1935
f 1287/1287 2033/2033 1591/1591
f 1223/1223 3619/3619 1686/1686
f 3055/3055 2034/2034 3887/3887
f 1255/1255 2034/2034 1697/1697
f 3418/3418 2963/2963 4058/4058
f 1518/1518 3513/3513 2007/2007
f 3513/3513 2036/2036 2806/2806
f 1865/1865 2037/2037 2195/2195
f 1620/1620 2037/2037 1364/1364
f 1529/1529 2038/2038 1674/1674
f 2038/2038 3283/3283 1725/1725
f 1531/1531 2039/2039 1398/1398
f 3440/3440 2040/2040 2750/2750
f 1294/1294 2040/2040 1675/1675
f 3196/3196 2041/2041 3530/3530
f 2041/2041 3058/3058 1314/1314
f 1409/1409 2042/2042 1555/1555
f 1547/1547 2042/2042 3826/3826
f 1220/1220 2954/2954 2013/2013
f 1461/1461 2043/2043 1986/1986
f 4019/4019 2044/2044 2255/2255
f 1728/1728 2044/2044 1976/1976
f 1546/1546 2045/2045 1800/1800
f 1350/1350 2045/2045 1901/1901
f 2874/2874 3826/3826 2046/2046
f 2046/2046 1710/1710 1470/1470
f 1310/1310 2047/2047 2014/2014
f 1455/1455 2184/2184 4165/4165
f 1475/1475 2048/2048 1560/1560
f 2048/2048 2408/2408 3636/3636
f 2049/2049 3371/3371 1238/1238
f 1419/1419 2049/2049 3248/3248
f 1552/1552 2050/2050 1813/1813
f 2050/2050 1617/1617 1343/1343
f 3588/3588 1428/1428 3137/3137
f 3965/3965 3501/3501 3829/3829
f 3960/3960 3845/3845 2051/2051
f 3386/3386 2023/2023 4084/4084
f 1556/1556 2052/2052 1996/1996
f 2052/2052 2490/2490 3626/3626
f 1426/1426 2053/2053 1476/1476
f 1434/1434 2054/2054 4134/4134
f 2054/2054 1716/1716 4057/4057
f 1828/1828 1468/1468 1562/1562
f 1468/1468 1828/1828 1973/1973
f 4006/4006 1874/1874 2669/2669
f 1407/1407 3525/3525 2055/2055
f 3323/3323 2056/2056 2413/2413
f 2056/2056 2514/2514 3542/3542
f 2703/2703 1567/1567 3249/3249
f 1244/1244 2057/2057 3397/3397
f 1569/1569 2058/2058 2802/2802
f 348/348 2059/2059 349/349
f 2059/2059 3633/3633 1570/1570
f 2060/2060 2930/2930 1237/1237
f 1577/1577 2060/2060 1815/1815
f 1399/1399 2061/2061 2102/2102
f 1268/1268 2062/2062 2751/2751
f 2062/2062 1767/1767 1204/1204
f 1228/1228 2063/2063 2064/2064
f 1581/1581 2063/2063 2085/2085
f 1581/1581 2064/2064 2063/2063
f 1228/1228 2064/2064 3126/3126
f 1584/1584 3037/3037 3145/3145
f 2065/2065 1271/1271 1587/1587
f 1271/1271 2065/2065 3411/3411
f 1733/1733 2066/2066 2092/2092
f 1487/1487 3764/3764 2997/2997
f 2067/2067 1606/1606 1454/1454
f 1606/1606 2067/2067 3469/3469
f 1423/1423 1207/1207 4015/4015
f 1610/1610 3471/3471 1911/1911
f 1611/1611 2069/2069 1966/1966
f 1452/1452 2069/2069 2885/2885
f 2070/2070 1807/1807 1453/1453
f 2071/2071 1653/1653 1307/1307
f 1616/1616 2072/2072 1770/1770
f 1390/1390 2072/2072 4170/4170
f 1557/1557 3476/3476 3426/3426
f 3472/3472 1627/1627 1246/1246
f 1570/1570 3232/3232 183/183
f 1629/1629 2074/2074 1998/1998
f 1455/1455 2075/2075 2014/2014
f 1630/1630 2075/2075 2012/2012
f 1326/1326 2076/2076 1970/1970
f 2076/2076 1887/1887 3138/3138
f 1492/1492 2077/2077 1983/1983
f 2078/2078 3105/3105 1646/1646
f 298/298 2078/2078 299/299
f 2079/2079 3695/3695 1656/1656
f 3818/3818 2080/2080 2848/2848
f 2080/2080 1529/1529 1674/1674
f 3965/3965 3829/3829 3286/3286
f 1471/1471 3501/3501 3864/3864
f 2082/2082 1334/1334 1690/1690
f 2566/2566 1334/1334 2082/2082
f 1987/1987 1701/1701 2115/2115
f 2201/2201 2115/2115 1687/1687
f 2083/2083 1236/1236 3550/3550
f 2084/2084 1209/1209 1704/1704
f 1209/1209 2084/2084 4091/4091
f 2085/2085 1410/1410 1705/1705
f 1410/1410 2085/2085 2143/2143
f 1275/1275 2086/2086 280/280
f 1716/1716 2088/2088 3415/3415
f 4154/4154 3811/3811 2030/2030
f 1722/1722 3251/3251 3648/3648
f 2090/2090 1466/1466 1724/1724
f 1466/1466 2090/2090 3303/3303
f 1727/1727 2091/2091 2387/2387
f 2091/2091 3122/3122 1488/1488
f 1733/1733 3191/3191 1793/1793
f 2092/2092 3877/3877 1600/1600
f 3296/3296 2093/2093 1900/1900
f 2093/2093 1346/1346 1739/1739
f 1753/1753 2094/2094 1978/1978
f 1514/1514 2990/2990 2341/2341
f 2095/2095 1321/1321 1759/1759
f 1760/1760 2096/2096 3900/3900
f 2097/2097 1245/1245 1761/1761
f 1245/1245 2097/2097 2127/2127
f 2098/2098 1287/1287 1768/1768
f 1287/1287 2098/2098 3413/3413
f 2099/2099 3996/3996 1781/1781
f 1424/1424 2099/2099 4069/4069
f 2100/2100 2879/2879 3586/3586
f 2101/2101 1715/1715 1793/1793
f 1816/1816 2102/2102 2061/2061
f 1399/1399 2102/2102 1274/1274
f 2103/2103 1210/1210 1816/1816
f 1210/1210 2103/2103 2302/2302
f 1819/1819 2104/2104 1993/1993
f 2104/2104 2852/2852 3202/3202
f 2105/2105 3717/3717 1820/1820
f 2651/2651 3717/3717 2105/2105
f 2106/2106 4107/4107 1825/1825
f 1295/1295 2106/2106 1868/1868
f 2107/2107 2964/2964 1308/1308
f 1838/1838 2107/2107 2012/2012
f 2108/2108 3678/3678 1841/1841
f 3678/3678 2108/2108 1917/1917
f 1310/1310 2109/2109 1548/1548
f 2505/2505 2110/2110 1444/1444
f 2095/2095 2110/2110 2826/2826
f 2529/2529 2111/2111 1614/1614
f 2112/2112 2201/2201 2111/2111
f 2142/2142 2112/2112 1388/1388
f 2111/2111 1388/1388 2112/2112
f 2178/2178 2114/2114 2795/2795
f 2583/2583 2115/2115 1362/1362
f 2415/2415 2117/2117 1375/1375
f 2117/2117 3177/3177 1375/1375
f 1982/1982 2119/2119 3340/3340
f 1375/1375 2119/2119 2231/2231
f 1472/1472 2142/2142 2125/2125
f 2022/2022 1472/1472 2125/2125
f 2111/2111 2126/2126 1388/1388
f 2716/2716 2126/2126 3983/3983
f 2216/2216 2127/2127 1785/1785
f 2127/2127 2876/2876 1785/1785
f 1559/1559 1301/1301 2128/2128
f 1877/1877 1230/1230 2131/2131
f 1559/1559 2132/2132 2297/2297
f 2132/2132 3376/3376 1831/1831
f 189/189 2133/2133 1822/1822
f 2328/2328 2135/2135 301/301
f 2135/2135 1504/1504 301/301
f 1835/1835 2136/2136 1596/1596
f 2128/2128 3019/3019 2136/2136
f 4026/4026 2138/2138 1473/1473
f 1840/1840 2138/2138 3075/3075
f 1461/1461 2140/2140 2018/2018
f 2140/2140 3616/3616 2018/2018
f 2112/2112 2142/2142 1519/1519
f 2884/2884 2143/2143 1641/1641
f 2063/2063 1641/1641 2143/2143
f 1631/1631 2152/2152 1452/1452
f 1966/1966 1452/1452 2152/2152
f 2071/2071 1307/1307 2154/2154
f 1774/1774 2350/2350 1621/1621
f 2155/2155 3582/3582 1621/1621
f 2225/2225 2156/2156 1230/1230
f 1794/1794 2268/2268 2156/2156
f 1563/1563 3929/3929 1303/1303
f 3929/3929 2604/2604 1303/1303
f 2157/2157 2193/2193 2192/2192
f 2239/2239 2133/2133 188/188
f 2160/2160 2173/2173 1642/1642
f 2161/2161 1511/1511 3283/3283
f 2161/2161 2718/2718 1511/1511
f 2865/2865 2162/2162 3408/3408
f 3210/3210 2167/2167 1621/1621
f 1774/1774 1621/1621 2167/2167
f 1369/1369 2169/2169 1794/1794
f 2169/2169 2268/2268 1794/1794
f 1798/1798 2170/2170 2366/2366
f 2382/2382 2904/2904 2366/2366
f 1438/1438 2173/2173 1934/1934
f 2160/2160 3827/3827 2173/2173
f 2332/2332 1808/1808 2174/2174
f 2174/2174 2406/2406 1377/1377
f 2176/2176 3292/3292 3946/3946
f 2114/2114 2178/2178 1867/1867
f 1640/1640 1867/1867 2178/2178
f 2600/2600 2180/2180 1912/1912
f 4139/4139 1676/1676 2181/2181
f 2865/2865 2158/2158 3638/3638
f 2684/2684 2183/2183 3600/3600
f 2183/2183 2381/2381 3600/3600
f 1498/1498 2184/2184 3561/3561
f 2047/2047 3561/3561 2184/2184
f 1772/1772 2185/2185 1765/1765
f 1249/1249 1765/1765 2185/2185
f 3409/3409 2186/2186 3561/3561
f 1338/1338 2187/2187 1847/1847
f 1282/1282 3911/3911 2192/2192
f 1282/1282 2192/2192 2193/2193
f 1625/1625 2194/2194 1886/1886
f 1358/1358 1886/1886 2194/2194
f 2617/2617 2195/2195 1254/1254
f 2195/2195 2450/2450 1254/1254
f 1464/1464 2178/2178 3358/3358
f 3689/3689 2198/2198 1449/1449
f 1839/1839 3407/3407 2198/2198
f 2199/2199 2125/2125 1388/1388
f 2111/2111 2201/2201 1614/1614
f 1687/1687 1614/1614 2201/2201
f 1260/1260 3066/3066 2329/2329
f 4073/4073 2394/2394 3335/3335
f 3545/3545 2214/2214 3223/3223
f 1517/1517 2215/2215 3803/3803
f 1476/1476 3952/3952 2216/2216
f 1804/1804 1481/1481 3896/3896
f 2922/2922 2219/2219 1875/1875
f 2219/2219 2975/2975 1875/1875
f 2672/2672 2220/2220 1775/1775
f 1573/1573 1775/1775 2220/2220
f 2222/2222 3493/3493 1641/1641
f 4116/4116 2223/2223 1855/1855
f 2223/2223 2949/2949 1855/1855
f 2156/2156 2225/2225 1582/1582
f 2167/2167 2901/2901 2227/2227
f 2871/2871 2228/2228 1672/1672
f 2228/2228 3477/3477 1672/1672
f 2152/2152 2230/2230 1541/1541
f 2231/2231 1959/1959 1375/1375
f 1315/1315 1959/1959 2231/2231
f 3699/3699 3964/3964 2234/2234
f 1581/1581 1912/1912 2180/2180
f 1898/1898 2235/2235 319/319
f 320/320 319/319 2235/2235
f 234/234 2237/2237 1227/1227
f 1748/1748 1227/1227 2237/2237
f 221/221 2238/2238 1665/1665
f 4044/4044 2238/2238 3887/3887
f 2133/2133 2239/2239 2283/2283
f 187/187 2353/2353 2239/2239
f 2618/2618 2240/2240 2694/2694
f 2240/2240 2519/2519 2694/2694
f 2241/2241 2658/2658 1480/1480
f 2436/2436 2242/2242 3447/3447
f 2242/2242 3234/3234 3447/3447
f 1340/1340 2243/2243 1737/1737
f 1203/1203 1737/1737 2243/2243
f 2954/2954 2245/2245 2013/2013
f 2245/2245 3081/3081 2013/2013
f 2157/2157 1849/1849 2193/2193
f 2185/2185 2249/2249 2953/2953
f 2250/2250 2391/2391 2708/2708
f 2252/2252 1254/1254 3285/3285
f 2662/2662 1254/1254 2252/2252
f 2580/2580 2256/2256 2786/2786
f 2786/2786 2560/2560 2580/2580
f 1348/1348 2259/2259 1647/1647
f 2259/2259 2295/2295 1647/1647
f 3795/3795 2261/2261 3443/3443
f 2261/2261 2380/2380 3443/3443
f 2826/2826 1321/1321 2095/2095
f 207/207 2268/2268 208/208
f 2169/2169 208/208 2268/2268
f 1553/1553 4115/4115 2269/2269
f 1992/1992 1553/1553 2269/2269
f 2900/2900 2273/2273 2696/2696
f 1782/1782 2274/2274 2192/2192
f 2274/2274 2157/2157 2192/2192
f 1385/1385 2759/2759 2276/2276
f 1327/1327 2277/2277 1699/1699
f 2277/2277 3628/3628 1699/1699
f 1464/1464 3358/3358 1986/1986
f 1218/1218 2282/2282 1730/1730
f 1818/1818 2639/2639 2282/2282
f 2283/2283 1231/1231 2133/2133
f 1231/1231 2283/2283 2640/2640
f 2269/2269 4115/4115 3252/3252
f 1580/1580 2486/2486 2284/2284
f 1370/1370 2292/2292 1880/1880
f 3400/3400 1880/1880 2292/2292
f 2391/2391 2294/2294 2708/2708
f 2294/2294 2506/2506 2708/2708
f 3109/3109 2295/2295 1272/1272
f 1559/1559 2297/2297 2018/2018
f 1461/1461 2018/2018 2297/2297
f 1290/1290 2298/2298 3994/3994
f 2140/2140 2197/2197 2795/2795
f 1766/1766 2299/2299 2998/2998
f 2194/2194 3215/3215 2301/2301
f 2302/2302 3344/3344 3783/3783
f 1648/1648 3144/3144 2302/2302
f 2474/2474 2303/2303 1401/1401
f 1243/1243 1401/1401 2303/2303
f 1741/1741 2304/2304 2935/2935
f 1668/1668 1209/1209 2304/2304
f 2669/2669 2306/2306 3185/3185
f 2154/2154 2309/2309 3862/3862
f 214/214 3862/3862 2309/2309
f 1319/1319 2313/2313 1859/1859
f 2313/2313 3127/3127 1859/1859
f 2681/2681 2317/2317 3610/3610
f 3037/3037 1602/1602 3020/3020
f 1734/1734 2322/2322 2447/2447
f 2216/2216 1785/1785 2322/2322
f 3130/3130 2323/2323 1323/1323
f 3714/3714 3204/3204 2323/2323
f 2325/2325 2461/2461 1843/1843
f 2623/2623 3315/3315 2843/2843
f 2287/2287 2843/2843 3315/3315
f 2549/2549 2327/2327 1870/1870
f 2049/2049 1870/1870 2327/2327
f 300/300 3170/3170 2328/2328
f 3139/3139 2817/2817 2329/2329
f 2021/2021 1478/1478 2857/2857
f 2331/2331 2443/2443 3199/3199
f 1465/1465 2332/2332 2616/2616
f 2174/2174 1377/1377 2332/2332
f 2732/2732 2622/2622 2335/2335
f 2335/2335 1914/1914 1373/1373
f 2331/2331 2336/2336 2443/2443
f 1452/1452 2339/2339 1631/1631
f 2339/2339 3054/3054 1631/1631
f 2207/2207 2341/2341 1355/1355
f 2341/2341 1414/1414 1355/1355
f 2342/2342 3311/3311 1933/1933
f 3134/3134 2344/2344 3500/3500
f 2344/2344 3908/3908 3500/3500
f 1288/1288 2346/2346 3673/3673
f 2350/2350 1613/1613 2748/2748
f 1953/1953 1613/1613 2350/2350
f 2353/2353 2846/2846 2239/2239
f 2355/2355 1847/1847 3579/3579
f 2355/2355 1338/1338 1847/1847
f 3395/3395 2356/2356 3278/3278
f 3278/3278 1345/1345 3395/3395
f 2394/2394 2357/2357 3335/3335
f 1936/1936 2358/2358 1432/1432
f 2648/2648 2362/2362 3636/3636
f 2199/2199 2022/2022 2125/2125
f 2335/2335 2364/2364 1914/1914
f 2364/2364 2914/2914 1914/1914
f 1798/1798 2366/2366 3764/3764
f 192/192 191/191 2367/2367
f 2369/2369 3663/3663 239/239
f 2303/2303 2370/2370 1355/1355
f 2207/2207 1355/1355 2370/2370
f 1302/1302 2371/2371 3724/3724
f 1571/1571 1447/1447 2371/2371
f 311/311 2374/2374 1566/1566
f 2374/2374 2780/2780 1566/1566
f 3464/3464 2376/2376 3220/3220
f 2376/2376 1824/1824 3220/3220
f 2166/2166 2377/2377 3894/3894
f 2377/2377 2874/2874 3894/3894
f 1458/1458 2378/2378 1691/1691
f 1493/1493 1691/1691 2378/2378
f 1246/1246 3215/3215 2379/2379
f 2261/2261 2015/2015 2380/2380
f 1592/1592 2382/2382 1880/1880
f 2170/2170 1880/1880 2382/2382
f 1562/1562 2384/2384 1425/1425
f 2384/2384 2911/2911 1425/1425
f 1411/1411 1373/1373 2367/2367
f 341/341 2388/2388 3994/3994
f 1290/1290 3994/3994 2388/2388
f 3201/3201 2389/2389 3427/3427
f 296/296 3367/3367 2389/2389
f 3141/3141 2391/2391 3756/3756
f 2250/2250 3756/3756 2391/2391
f 2790/2790 2392/2392 1387/1387
f 1219/1219 2398/2398 1956/1956
f 1285/1285 1956/1956 2398/2398
f 336/336 2399/2399 337/337
f 2399/2399 2769/2769 337/337
f 2978/2978 2402/2402 1649/1649
f 2402/2402 3796/3796 1649/1649
f 2087/2087 1714/1714 2403/2403
f 1459/1459 2404/2404 3138/3138
f 2404/2404 2830/2830 3138/3138
f 2090/2090 1724/1724 2406/2406
f 2620/2620 2407/2407 2953/2953
f 1378/1378 2408/2408 1849/1849
f 2048/2048 1849/1849 2408/2408
f 2931/2931 1237/1237 1578/1578
f 1573/1573 2413/2413 1775/1775
f 2812/2812 2416/2416 284/284
f 285/285 284/284 2416/2416
f 2418/2418 2026/2026 3220/3220
f 1589/1589 2419/2419 3176/3176
f 3436/3436 2420/2420 1999/1999
f 3770/3770 1999/1999 2420/2420
f 1356/1356 2421/2421 1567/1567
f 290/290 1567/1567 2421/2421
f 2381/2381 2425/2425 1273/1273
f 1762/1762 3113/3113 2425/2425
f 1946/1946 2429/2429 2033/2033
f 2033/2033 2429/2429 1591/1591
f 3370/3370 1780/1780 3480/3480
f 3187/3187 2432/2432 1435/1435
f 2432/2432 2588/2588 1435/1435
f 2408/2408 1378/1378 2434/2434
f 2174/2174 2435/2435 3016/3016
f 2242/2242 2436/2436 2920/2920
f 2436/2436 2955/2955 2920/2920
f 2011/2011 2437/2437 1305/1305
f 1842/1842 1305/1305 2437/2437
f 1638/1638 2440/2440 4018/4018
f 1317/1317 2010/2010 2440/2440
f 2223/2223 1239/1239 2443/2443
f 2322/2322 1785/1785 2447/2447
f 1620/1620 2450/2450 2037/2037
f 2195/2195 2037/2037 2450/2450
f 1728/1728 2255/2255 2044/2044
f 2091/2091 1727/1727 2451/2451
f 1571/1571 2453/2453 1447/1447
f 2453/2453 2736/2736 1447/1447
f 2355/2355 1799/1799 2454/2454
f 2461/2461 3780/3780 2849/2849
f 1304/1304 3234/3234 2462/2462
f 2374/2374 310/310 3161/3161
f 1320/1320 1839/1839 2198/2198
f 1777/1777 1418/1418 3909/3909
f 3962/3962 2474/2474 3599/3599
f 2187/2187 2475/2475 3374/3374
f 2475/2475 2911/2911 3374/3374
f 2406/2406 1724/1724 3674/3674
f 1617/1617 2946/2946 4154/4154
f 2482/2482 210/210 3640/3640
f 210/210 2482/2482 3329/3329
f 2219/2219 2922/2922 2483/2483
f 2378/2378 2484/2484 1493/1493
f 1634/1634 2485/2485 1888/1888
f 2284/2284 2486/2486 3252/3252
f 2486/2486 2398/2398 3252/3252
f 2847/2847 2487/2487 4167/4167
f 1546/1546 1351/1351 2487/2487
f 3081/3081 2490/2490 3223/3223
f 2490/2490 3545/3545 3223/3223
f 2015/2015 2491/2491 1510/1510
f 1583/1583 1510/1510 2491/2491
f 265/265 264/264 3337/3337
f 3850/3850 2493/2493 1922/1922
f 261/261 1922/1922 2493/2493
f 2808/2808 2494/2494 1892/1892
f 1516/1516 1892/1892 2494/2494
f 3310/3310 2495/2495 1270/1270
f 2495/2495 2898/2898 1270/1270
f 2778/2778 3586/3586 2497/2497
f 2498/2498 1409/1409 3567/3567
f 2042/2042 1409/1409 2498/2498
f 2269/2269 2499/2499 1992/1992
f 2500/2500 1345/1345 2898/2898
f 1930/1930 1345/1345 2500/2500
f 3460/3460 2503/2503 1866/1866
f 3450/3450 1866/1866 2503/2503
f 2110/2110 2505/2505 1965/1965
f 1840/1840 1965/1965 2505/2505
f 2294/2294 1387/1387 2506/2506
f 2242/2242 2338/2338 2508/2508
f 1208/1208 2510/2510 2359/2359
f 1645/1645 1717/1717 2512/2512
f 243/243 2513/2513 244/244
f 2313/2313 244/244 2513/2513
f 3542/3542 2514/2514 4095/4095
f 1267/1267 2039/2039 2514/2514
f 3934/3934 2824/2824 2949/2949
f 3959/3959 2555/2555 3131/3131
f 1477/1477 1755/1755 2516/2516
f 1854/1854 2517/2517 1488/1488
f 2091/2091 1488/1488 2517/2517
f 3923/3923 2519/2519 1727/1727
f 2240/2240 2451/2451 2519/2519
f 2132/2132 2128/2128 1642/1642
f 1687/1687 2115/2115 1701/1701
f 2522/2522 3529/3529 3088/3088
f 2111/2111 2529/2529 2126/2126
f 2138/2138 4026/4026 2529/2529
f 199/199 2530/2530 200/200
f 3922/3922 2535/2535 4165/4165
f 1455/1455 4165/4165 2535/2535
f 2540/2540 2536/2536 1298/1298
f 2536/2536 2135/2135 1298/1298
f 2536/2536 2540/2540 1545/1545
f 2985/2985 3557/3557 2540/2540
f 1951/1951 2541/2541 1787/1787
f 1930/1930 2500/2500 2541/2541
f 1660/1660 2544/2544 1505/1505
f 1505/1505 2544/2544 3721/3721
f 1729/1729 2545/2545 2089/2089
f 3747/3747 3884/3884 2545/2545
f 1241/1241 2547/2547 1676/1676
f 2181/2181 1676/1676 2547/2547
f 2327/2327 2549/2549 1551/1551
f 2549/2549 3470/3470 1551/1551
f 1324/1324 2550/2550 1752/1752
f 2550/2550 3511/3511 1752/1752
f 2131/2131 2551/2551 1877/1877
f 4142/4142 1877/1877 2551/2551
f 2304/2304 2555/2555 1668/1668
f 2555/2555 3959/3959 1668/1668
f 2357/2357 2557/2557 1594/1594
f 2558/2558 2767/2767 4138/4138
f 1353/1353 2559/2559 1695/1695
f 280/280 2562/2562 1275/1275
f 2562/2562 2821/2821 1275/1275
f 2519/2519 4106/4106 2694/2694
f 1801/1801 1695/1695 2563/2563
f 1758/1758 1521/1521 3692/3692
f 2082/2082 1806/1806 2566/2566
f 2569/2569 2356/2356 3550/3550
f 3539/3539 2570/2570 3389/3389
f 1625/1625 3389/3389 2570/2570
f 2790/2790 2573/2573 3106/3106
f 1439/1439 3106/3106 2573/2573
f 2995/2995 2574/2574 324/324
f 1664/1664 3325/3325 1875/1875
f 2575/2575 2922/2922 1875/1875
f 1376/1376 3634/3634 2576/2576
f 2240/2240 2578/2578 1337/1337
f 2580/2580 1800/1800 3362/3362
f 1940/1940 1800/1800 2580/2580
f 2583/2583 1480/1480 2658/2658
f 1825/1825 2584/2584 1595/1595
f 2201/2201 2112/2112 1362/1362
f 3592/3592 3090/3090 2587/2587
f 2710/2710 4061/4061 1478/1478
f 3845/3845 2588/2588 2051/2051
f 2432/2432 2051/2051 2588/2588
f 3145/3145 2590/2590 3446/3446
f 254/254 2594/2594 255/255
f 1921/1921 255/255 2594/2594
f 1576/1576 2596/2596 3411/3411
f 3499/3499 2597/2597 3753/3753
f 3753/3753 2541/2541 3499/3499
f 1615/1615 2775/2775 2599/2599
f 3529/3529 2600/2600 3088/3088
f 2600/2600 1912/1912 3088/3088
f 215/215 2601/2601 216/216
f 3230/3230 216/216 2601/2601
f 2294/2294 2391/2391 1639/1639
f 2011/2011 2603/2603 2437/2437
f 2342/2342 1303/1303 2604/2604
f 1253/1253 2607/2607 1286/1286
f 1994/1994 1286/1286 2607/2607
f 1988/1988 3953/3953 2608/2608
f 1815/1815 2609/2609 1577/1577
f 2609/2609 3197/3197 1577/1577
f 1682/1682 2985/2985 2540/2540
f 1488/1488 2612/2612 1854/1854
f 1428/1428 1854/1854 2612/2612
f 1290/1290 2613/2613 1751/1751
f 339/339 1751/1751 2613/2613
f 2996/2996 2616/2616 1377/1377
f 2332/2332 1377/1377 2616/2616
f 1241/1241 1676/1676 2494/2494
f 1544/1544 1873/1873 2618/2618
f 2911/2911 2619/2619 3374/3374
f 2487/2487 1351/1351 4167/4167
f 2407/2407 2620/2620 1906/1906
f 2620/2620 2558/2558 1906/1906
f 2335/2335 2622/2622 2503/2503
f 3450/3450 2503/2503 2622/2622
f 2028/2028 2336/2336 4099/4099
f 3315/3315 2623/2623 1686/1686
f 1542/1542 3596/3596 2623/2623
f 2338/2338 2626/2626 2010/2010
f 1456/1456 4018/4018 2626/2626
f 2634/2634 3944/3944 327/327
f 328/328 327/327 3944/3944
f 4110/4110 3962/3962 2636/2636
f 4029/4029 2630/2630 3171/3171
f 1290/1290 1751/1751 2630/2630
f 3367/3367 2633/2633 3427/3427
f 2636/2636 2794/2794 4110/4110
f 2282/2282 2639/2639 1730/1730
f 1512/1512 4108/4108 2640/2640
f 2641/2641 2900/2900 2696/2696
f 1350/1350 4123/4123 1800/1800
f 4123/4123 3362/3362 1800/1800
f 1481/1481 2645/2645 3580/3580
f 1635/1635 3580/3580 2645/2645
f 2362/2362 2648/2648 1588/1588
f 2648/2648 3245/3245 1588/1588
f 3955/3955 2649/2649 1908/1908
f 2024/2024 1908/1908 2649/2649
f 1689/1689 2651/2651 3879/3879
f 2105/2105 3879/3879 2651/2651
f 237/237 2656/2656 1698/1698
f 11/11 233/233 2237/2237
f 2115/2115 2658/2658 1987/1987
f 2241/2241 2802/2802 1987/1987
f 2215/2215 1861/1861 2661/2661
f 2110/2110 2095/2095 1444/1444
f 1457/1457 2662/2662 4087/4087
f 2252/2252 4087/4087 2662/2662
f 1414/1414 2303/2303 1355/1355
f 2185/2185 2953/2953 2663/2663
f 1694/1694 2665/2665 2985/2985
f 2665/2665 3557/3557 2985/2985
f 1576/1576 2667/2667 3268/3268
f 1667/1667 3071/3071 2667/2667
f 2517/2517 2387/2387 2091/2091
f 2669/2669 1874/1874 2306/2306
f 1563/1563 4006/4006 2669/2669
f 2086/2086 1272/1272 2671/2671
f 2672/2672 1775/1775 4119/4119
f 1286/1286 2674/2674 3767/3767
f 1804/1804 1389/1389 2674/2674
f 1949/1949 2676/2676 1358/1358
f 1886/1886 1358/1358 2676/2676
f 2238/2238 4044/4044 1665/1665
f 4044/4044 2832/2832 1665/1665
f 1251/1251 2678/2678 1909/1909
f 2680/2680 3018/3018 3980/3980
f 2317/2317 2681/2681 2009/2009
f 2681/2681 1406/1406 2009/2009
f 2682/2682 2914/2914 3484/3484
f 3538/3538 3375/3375 2683/2683
f 3909/3909 2684/2684 3600/3600
f 3224/3224 2685/2685 1707/1707
f 2049/2049 1707/1707 2685/2685
f 2686/2686 1359/1359 3898/3898
f 2100/2100 1359/1359 2686/2686
f 2687/2687 3092/3092 3584/3584
f 1236/1236 2690/2690 1948/1948
f 3985/3985 1948/1948 2690/2690
f 2549/2549 1870/1870 1299/1299
f 1680/1680 2692/2692 4037/4037
f 1599/1599 2693/2693 3685/3685
f 2618/2618 2694/2694 1544/1544
f 1905/1905 1544/1544 2694/2694
f 3525/3525 2696/2696 1874/1874
f 2273/2273 1874/1874 2696/2696
f 1349/1349 2698/2698 4147/4147
f 227/227 2699/2699 1226/1226
f 1910/1910 1226/1226 2699/2699
f 2700/2700 3644/3644 3666/3666
f 1356/1356 1567/1567 2703/2703
f 2170/2170 2382/2382 2366/2366
f 2250/2250 2708/2708 1250/1250
f 3747/3747 1250/1250 2708/2708
f 1206/1206 3197/3197 1814/1814
f 2484/2484 2714/2714 1493/1493
f 1692/1692 1493/1493 2714/2714
f 1764/1764 2715/2715 1354/1354
f 2715/2715 3729/3729 1354/1354
f 2126/2126 2716/2716 1388/1388
f 1780/1780 1526/1526 2717/2717
f 3678/3678 2718/2718 1658/1658
f 2161/2161 3204/3204 2718/2718
f 2620/2620 2953/2953 2249/2249
f 317/317 2203/2203 1977/1977
f 1637/1637 2724/2724 2023/2023
f 2023/2023 2724/2724 3925/3925
f 1383/1383 2710/2710 2021/2021
f 3131/3131 2731/2731 3959/3959
f 2237/2237 232/232 1748/1748
f 1821/1821 2732/2732 1373/1373
f 2335/2335 1373/1373 2732/2732
f 241/241 2734/2734 3790/3790
f 2734/2734 3027/3027 3790/3790
f 339/339 2737/2737 1751/1751
f 2737/2737 3171/3171 1751/1751
f 2110/2110 2738/2738 1451/1451
f 1687/1687 3607/3607 2738/2738
f 2005/2005 1594/1594 2746/2746
f 2155/2155 2748/2748 1394/1394
f 1982/1982 1394/1394 2748/2748
f 2557/2557 2750/2750 1594/1594
f 2040/2040 1594/1594 2750/2750
f 2596/2596 2751/2751 1585/1585
f 2062/2062 1585/1585 2751/2751
f 13/13 2493/2493 262/262
f 1246/1246 2757/2757 3472/3472
f 1626/1626 3472/3472 2757/2757
f 2276/2276 2759/2759 1541/1541
f 2759/2759 2806/2806 1541/1541
f 3562/3562 2760/2760 1338/1338
f 2475/2475 1338/1338 2760/2760
f 3273/3273 2761/2761 1312/1312
f 2308/2308 1312/1312 2761/2761
f 2536/2536 3857/3857 2135/2135
f 3671/3671 2764/2764 1264/1264
f 2167/2167 1264/1264 2764/2764
f 2613/2613 1290/1290 2388/2388
f 2766/2766 3665/3665 1293/1293
f 3156/3156 1603/1603 2767/2767
f 2558/2558 1844/1844 2767/2767
f 2737/2737 2769/2769 1784/1784
f 2399/2399 1784/1784 2769/2769
f 1889/1889 2773/2773 1337/1337
f 2773/2773 2451/2451 1337/1337
f 2599/2599 2775/2775 1804/1804
f 1481/1481 1804/1804 2775/2775
f 3837/3837 2777/2777 1754/1754
f 3460/3460 1754/1754 2777/2777
f 1439/1439 2779/2779 1836/1836
f 2009/2009 3025/3025 2779/2779
f 2243/2243 2780/2780 3972/3972
f 2783/2783 4161/4161 2746/2746
f 1947/1947 2013/2013 3081/3081
f 2661/2661 2785/2785 1515/1515
f 2788/2788 1463/1463 3735/3735
f 1463/1463 2788/2788 3710/3710
f 1427/1427 2789/2789 1888/1888
f 2004/2004 1888/1888 2789/2789
f 2392/2392 2790/2790 3106/3106
f 2137/2137 2791/2791 3011/3011
f 1954/1954 3011/3011 2791/2791
f 2792/2792 3058/3058 3583/3583
f 2731/2731 1380/1380 2793/2793
f 1228/1228 2530/2530 4024/4024
f 1586/1586 2794/2794 4068/4068
f 2636/2636 4068/4068 2794/2794
f 2114/2114 1846/1846 2795/2795
f 1509/1509 2796/2796 3790/3790
f 241/241 3790/3790 2796/2796
f 3909/3909 1418/1418 2434/2434
f 220/220 2238/2238 221/221
f 2801/2801 3360/3360 3375/3375
f 2801/2801 2910/2910 3360/3360
f 1309/1309 2802/2802 2058/2058
f 3305/3305 2803/2803 1726/1726
f 2342/2342 3839/3839 2803/2803
f 2785/2785 2661/2661 2892/2892
f 3331/3331 2767/2767 3183/3183
f 1966/1966 2806/2806 2036/2036
f 2759/2759 3513/3513 2806/2806
f 1902/1902 1660/1660 2698/2698
f 2156/2156 2268/2268 1230/1230
f 2680/2680 2811/2811 1740/1740
f 3941/3941 1740/1740 2811/2811
f 2812/2812 1723/1723 1347/1347
f 1348/1348 1723/1723 2812/2812
f 2612/2612 2813/2813 3928/3928
f 2329/2329 2817/2817 3213/3213
f 1597/1597 3104/3104 2817/2817
f 2818/2818 2068/2068 3946/3946
f 2462/2462 2819/2819 3948/3948
f 2819/2819 1441/1441 3948/3948
f 2562/2562 3926/3926 2821/2821
f 2234/2234 2824/2824 3699/3699
f 2824/2824 3018/3018 3699/3699
f 1615/1615 4067/4067 2645/2645
f 2157/2157 1788/1788 3873/3873
f 2274/2274 1788/1788 2157/2157
f 2826/2826 3231/3231 1321/1321
f 1732/1732 2827/2827 1276/1276
f 2425/2425 3546/3546 2827/2827
f 1262/1262 2828/2828 1773/1773
f 1523/1523 1773/1773 2828/2828
f 2076/2076 2830/2830 1970/1970
f 2404/2404 3361/3361 2830/2830
f 1685/1685 2831/2831 3948/3948
f 1969/1969 1549/1549 1849/1849
f 2309/2309 2154/2154 1307/1307
f 2842/2842 2907/2907 1713/1713
f 1746/1746 2843/2843 1507/1507
f 2287/2287 1507/1507 2843/2843
f 1830/1830 2792/2792 2844/2844
f 1841/1841 2846/2846 2108/2108
f 2353/2353 2108/2108 2846/2846
f 1732/1732 1398/1398 2818/2818
f 2045/2045 2847/2847 1901/1901
f 1648/1648 1901/1901 2847/2847
f 2848/2848 4025/4025 3372/3372
f 2461/2461 2849/2849 1843/1843
f 1448/1448 1843/1843 2849/2849
f 2852/2852 1671/1671 3596/3596
f 2104/2104 1671/1671 2852/2852
f 3810/3810 2857/2857 3199/3199
f 2331/2331 3199/3199 2857/2857
f 1718/1718 2858/2858 1239/1239
f 2443/2443 1239/1239 2858/2858
f 2566/2566 1715/1715 2484/2484
f 2516/2516 2555/2555 3009/3009
f 1701/1701 2087/2087 2403/2403
f 2162/2162 2865/2865 3964/3964
f 2117/2117 2866/2866 3379/3379
f 2563/2563 3222/3222 2291/2291
f 2291/2291 1801/1801 2563/2563
f 1902/1902 2698/2698 2870/2870
f 2156/2156 1582/1582 1601/1601
f 3125/3125 2872/2872 1876/1876
f 1573/1573 1876/1876 2872/2872
f 1470/1470 2874/2874 2046/2046
f 2377/2377 3117/3117 2874/2874
f 3277/3277 2875/2875 1711/1711
f 2875/2875 3540/3540 1711/1711
f 3985/3985 2876/2876 2097/2097
f 2127/2127 2097/2097 2876/2876
f 1590/1590 2879/2879 1853/1853
f 1497/1497 1853/1853 2879/2879
f 1783/1783 2880/2880 1833/1833
f 3236/3236 1506/1506 1251/1251
f 2032/2032 3502/3502 1506/1506
f 2882/2882 1869/1869 4010/4010
f 3493/3493 2884/2884 1641/1641
f 2069/2069 1794/1794 2885/2885
f 1306/1306 2889/2889 1684/1684
f 1282/1282 1684/1684 2889/2889
f 1728/1728 2890/2890 1643/1643
f 2892/2892 4054/4054 3036/3036
f 2576/2576 4054/4054 2892/2892
f 1397/1397 3964/3964 2865/2865
f 1926/1926 2227/2227 2901/2901
f 1571/1571 2415/2415 1959/1959
f 1645/1645 2898/2898 3278/3278
f 2495/2495 2500/2500 2898/2898
f 3733/3733 2899/2899 3129/3129
f 2027/2027 3129/3129 2899/2899
f 1519/1519 2900/2900 2583/2583
f 2641/2641 1480/1480 2900/2900
f 1926/1926 2901/2901 1265/1265
f 2008/2008 1265/1265 2901/2901
f 3037/3037 2904/2904 1878/1878
f 1592/1592 1878/1878 2904/2904
f 3317/3317 2906/2906 1291/1291
f 1490/1490 2875/2875 2906/2906
f 1571/1571 2907/2907 2415/2415
f 2498/2498 3136/3136 2908/2908
f 2909/2909 1591/1591 2429/2429
f 2909/2909 2607/2607 1591/1591
f 2801/2801 1749/1749 2910/2910
f 1533/1533 2917/2917 2634/2634
f 1302/1302 3931/3931 2917/2917
f 2259/2259 282/282 2671/2671
f 1335/1335 2918/2918 1829/1829
f 1829/1829 2918/2918 3961/3961
f 221/221 2919/2919 222/222
f 4170/4170 222/222 2919/2919
f 2242/2242 2920/2920 2338/2338
f 1477/1477 1850/1850 2922/2922
f 3747/3747 2925/2925 1250/1250
f 2483/2483 1250/1250 2925/2925
f 1397/1397 2926/2926 1855/1855
f 2926/2926 4116/4116 1855/1855
f 1718/1718 1380/1380 2927/2927
f 1215/1215 2928/2928 3323/3323
f 2731/2731 2927/2927 1380/1380
f 1978/1978 2930/2930 1577/1577
f 2060/2060 1577/1577 2930/2930
f 2060/2060 2931/2931 1524/1524
f 1236/1236 2083/2083 2447/2447
f 1997/1997 1412/1412 1916/1916
f 2917/2917 2842/2842 1713/1713
f 2304/2304 1209/1209 2935/2935
f 1376/1376 2936/2936 3652/3652
f 2077/2077 1492/1492 2936/2936
f 2031/2031 3548/3548 2938/2938
f 1530/1530 2940/2940 3730/3730
f 2031/2031 3730/3730 2940/2940
f 2842/2842 1313/1313 2866/2866
f 1336/1336 2942/2942 1972/1972
f 1326/1326 1972/1972 2942/2942
f 3667/3667 2943/2943 3535/3535
f 3535/3535 2926/2926 3667/3667
f 2435/2435 2946/2946 3016/3016
f 2050/2050 3016/3016 2946/2946
f 3759/3759 2948/2948 1301/1301
f 1595/1595 2584/2584 2948/2948
f 2234/2234 2949/2949 2824/2824
f 2223/2223 2515/2515 2949/2949
f 1897/1897 1501/1501 2952/2952
f 2663/2663 2953/2953 1445/1445
f 1980/1980 1445/1445 2953/2953
f 2230/2230 1631/1631 2954/2954
f 1456/1456 2920/2920 2955/2955
f 2208/2208 3139/3139 2329/2329
f 1365/1365 3027/3027 2956/2956
f 1815/1815 2060/2060 1524/1524
f 2000/2000 1203/1203 2962/2962
f 2107/2107 1838/1838 2964/2964
f 2970/2970 1882/1882 3923/3923
f 1499/1499 1882/1882 2970/2970
f 2292/2292 2971/2971 1510/1510
f 1945/1945 2972/2972 1589/1589
f 2419/2419 1589/1589 2972/2972
f 1429/1429 2974/2974 4027/4027
f 2006/2006 3823/3823 2974/2974
f 263/263 262/262 2493/2493
f 3810/3810 2975/2975 1564/1564
f 2219/2219 2999/2999 2975/2975
f 3926/3926 2978/2978 3467/3467
f 2942/2942 1336/1336 2979/2979
f 2399/2399 336/336 1958/1958
f 1453/1453 2981/2981 3227/3227
f 1411/1411 1822/1822 2981/2981
f 1574/1574 2982/2982 1364/1364
f 1652/1652 1364/1364 2982/2982
f 3120/3120 2985/2985 1396/1396
f 1682/1682 1396/1396 2985/2985
f 2634/2634 326/326 1533/1533
f 2420/2420 2986/2986 3770/3770
f 4013/4013 3864/3864 1879/1879
f 1214/1214 2990/2990 2094/2094
f 1514/1514 2094/2094 2990/2990
f 2619/2619 2911/2911 1867/1867
f 1242/1242 1860/1860 2993/2993
f 248/248 2935/2935 4091/4091
f 212/212 2994/2994 3216/3216
f 1803/1803 2994/2994 3329/3329
f 2574/2574 2995/2995 3379/3379
f 1975/1975 3669/3669 2995/2995
f 2616/2616 2996/2996 1490/1490
f 1619/1619 3581/3581 2639/2639
f 1342/1342 1643/1643 2890/2890
f 1487/1487 2997/2997 1331/1331
f 1602/1602 1331/1331 2997/2997
f 1827/1827 3258/3258 1885/1885
f 1306/1306 2998/2998 2889/2889
f 2299/2299 3911/3911 2998/2998
f 3907/3907 2999/2999 1729/1729
f 2545/2545 1729/1729 2999/2999
f 219/219 2982/2982 1574/1574
f 2557/2557 3001/3001 2750/2750
f 1987/1987 2658/2658 2241/2241
f 2678/2678 3002/3002 2972/2972
f 1579/1579 3006/3006 1248/1248
f 1766/1766 1248/1248 3006/3006
f 1477/1477 3009/3009 1284/1284
f 1741/1741 3917/3917 3009/3009
f 1967/1967 3598/3598 2732/2732
f 2692/2692 3011/3011 3900/3900
f 1683/1683 3900/3900 3011/3011
f 2906/2906 3015/3015 1490/1490
f 3015/3015 2616/2616 1490/1490
f 2406/2406 3016/3016 2090/2090
f 3436/3436 3017/3017 2000/2000
f 1593/1593 2000/2000 3017/3017
f 2824/2824 1421/1421 3018/3018
f 3019/3019 1301/1301 2584/2584
f 2128/2128 1301/1301 3019/3019
f 2997/2997 3764/3764 3020/3020
f 304/304 3023/3023 1899/1899
f 1503/1503 1899/1899 3023/3023
f 2779/2779 3025/3025 1836/1836
f 2734/2734 3663/3663 3027/3027
f 2127/2127 3028/3028 1245/1245
f 3028/3028 3476/3476 1245/1245
f 1528/1528 3690/3690 1256/1256
f 4044/4044 1256/1256 3690/3690
f 2020/2020 1886/1886 2676/2676
f 3944/3944 3034/3034 3549/3549
f 4147/4147 2786/2786 1894/1894
f 2256/2256 1894/1894 2786/2786
f 3036/3036 4054/4054 3100/3100
f 2785/2785 2892/2892 3036/3036
f 3020/3020 2904/2904 3037/3037
f 3522/3522 1294/1294 1675/1675
f 2682/2682 193/193 2914/2914
f 2304/2304 1741/1741 3009/3009
f 1550/1550 2418/2418 1293/1293
f 1265/1265 3043/3043 1491/1491
f 2227/2227 3044/3044 1774/1774
f 1292/1292 1774/1774 3044/3044
f 2665/2665 1502/1502 3045/3045
f 2952/2952 308/308 307/307
f 2588/2588 3048/3048 1435/1435
f 2029/2029 3770/3770 2986/2986
f 1962/1962 2436/2436 3447/3447
f 1282/1282 1549/1549 3050/3050
f 4103/4103 1312/1312 3051/3051
f 2245/2245 3054/3054 1393/1393
f 2339/2339 1601/1601 3054/3054
f 2034/2034 3055/3055 1574/1574
f 2474/2474 3962/3962 1578/1578
f 3058/3058 2017/2017 3497/3497
f 2792/2792 2017/2017 3058/3058
f 2936/2936 1638/1638 2077/2077
f 1781/1781 3063/3063 1485/1485
f 3206/3206 2225/2225 1877/1877
f 3064/3064 1650/1650 3627/3627
f 1903/1903 1650/1650 3064/3064
f 3066/3066 1446/1446 3456/3456
f 4155/4155 1446/1446 3066/3066
f 2714/2714 3067/3067 2918/2918
f 2101/2101 3961/3961 3067/3067
f 4025/4025 3068/3068 1372/1372
f 1263/1263 1372/1372 3068/3068
f 3464/3464 3069/3069 3733/3733
f 3733/3733 3129/3129 3464/3464
f 2667/2667 3071/3071 3268/3268
f 3075/3075 1965/1965 1840/1840
f 1687/1687 2738/2738 3075/3075
f 2490/2490 3081/3081 3626/3626
f 2245/2245 3626/3626 3081/3081
f 1259/1259 3372/3372 1657/1657
f 4025/4025 1657/1657 3372/3372
f 2020/2020 3085/3085 1460/1460
f 1950/1950 1460/1460 3085/3085
f 1341/1341 3086/3086 2029/2029
f 1500/1500 2029/2029 3086/3086
f 2136/2136 2160/2160 1642/1642
f 1522/1522 3088/3088 1996/1996
f 1705/1705 1996/1996 3088/3088
f 2912/2912 3090/3090 1402/1402
f 3592/3592 1402/1402 3090/3090
f 269/269 3092/3092 270/270
f 2687/2687 3880/3880 3092/3092
f 1218/1218 3093/3093 1673/1673
f 1258/1258 1673/1673 3093/3093
f 1468/1468 3096/3096 1562/1562
f 2384/2384 1562/1562 3096/3096
f 2416/2416 3097/3097 285/285
f 1920/1920 285/285 3097/3097
f 2517/2517 3172/3172 2387/2387
f 1474/1474 3036/3036 3100/3100
f 2550/2550 3622/3622 2761/2761
f 3821/3821 3213/3213 3104/3104
f 297/297 3105/3105 298/298
f 2078/2078 298/298 3105/3105
f 2392/2392 3106/3106 3788/3788
f 1797/1797 3107/3107 1603/1603
f 2295/2295 3109/3109 1622/1622
f 2357/2357 2394/2394 2557/2557
f 2571/2571 3113/3113 1762/1762
f 3826/3826 3117/3117 1547/1547
f 1936/1936 1547/1547 3117/3117
f 2985/2985 3120/3120 1694/1694
f 1815/1815 3244/3244 3120/3120
f 1479/1479 3122/3122 1633/1633
f 3122/3122 2773/2773 1633/1633
f 4162/4162 3123/3123 1772/1772
f 2249/2249 1772/1772 3123/3123
f 293/293 3125/3125 294/294
f 3125/3125 3458/3458 294/294
f 2530/2530 3126/3126 200/200
f 2852/2852 3127/3127 3202/3202
f 2788/2788 1339/1339 3710/3710
f 1905/1905 1339/1339 2788/2788
f 2376/2376 3129/3129 1413/1413
f 2027/2027 1413/1413 3129/3129
f 3130/3130 3590/3590 3051/3051
f 3131/3131 1755/1755 2927/2927
f 2516/2516 1755/1755 3131/3131
f 269/269 3132/3132 3092/3092
f 3420/3420 3584/3584 3092/3092
f 2219/2219 2925/2925 2999/2999
f 2344/2344 3134/3134 1684/1684
f 1306/1306 1684/1684 3134/3134
f 1568/1568 3135/3135 3279/3279
f 2186/2186 1494/1494 3135/3135
f 2716/2716 3136/3136 1636/1636
f 1482/1482 1636/1636 3136/3136
f 2612/2612 3928/3928 3137/3137
f 1887/1887 1463/1463 3138/3138
f 2817/2817 3139/3139 1597/1597
f 1961/1961 1597/1597 3139/3139
f 2919/2919 3140/3140 4170/4170
f 1390/1390 4170/4170 3140/3140
f 3141/3141 3311/3311 1639/1639
f 2024/2024 3143/3143 3896/3896
f 2302/2302 3144/3144 3344/3344
f 251/251 3344/3344 3144/3144
f 2692/2692 1680/1680 2137/2137
f 2590/2590 3145/3145 1878/1878
f 3679/3679 3147/3147 3673/3673
f 1758/1758 3553/3553 3147/3147
f 3152/3152 3422/3422 3043/3043
f 2690/2690 2447/2447 1785/1785
f 3120/3120 1396/1396 2609/2609
f 1216/1216 3156/3156 1844/1844
f 2767/2767 1844/1844 3156/3156
f 2132/2132 1642/1642 2173/2173
f 2432/2432 3158/3158 1721/1721
f 1491/1491 1721/1721 3158/3158
f 1500/1500 3161/3161 3816/3816
f 2791/2791 2137/2137 1583/1583
f 2499/2499 2269/2269 3164/3164
f 2900/2900 1480/1480 2583/2583
f 1437/1437 3170/3170 299/299
f 300/300 299/299 3170/3170
f 3006/3006 2299/2299 1766/1766
f 2630/2630 1751/1751 3171/3171
f 2686/2686 3172/3172 2100/2100
f 1497/1497 2100/2100 3172/3172
f 2709/2709 3173/3173 3622/3622
f 2308/2308 3622/3622 3173/3173
f 2495/2495 3174/3174 1787/1787
f 1297/1297 1787/1787 3174/3174
f 2648/2648 3636/3636 2434/2434
f 1812/1812 3175/3175 1820/1820
f 2105/2105 1820/1820 3175/3175
f 3217/3217 3176/3176 1250/1250
f 2250/2250 1250/1250 3176/3176
f 3743/3743 3177/3177 1890/1890
f 2117/2117 3669/3669 3177/3177
f 1521/1521 3179/3179 1445/1445
f 2663/2663 1445/1445 3179/3179
f 2376/2376 1413/1413 3180/3180
f 3181/3181 3514/3514 1281/1281
f 3183/3183 1845/1845 3331/3331
f 1459/1459 1845/1845 3183/3183
f 3307/3307 3184/3184 1607/1607
f 1858/1858 1607/1607 3184/3184
f 3187/3187 3044/3044 3158/3158
f 1292/1292 3044/3044 3187/3187
f 2573/2573 2790/2790 1318/1318
f 2057/2057 1244/1244 2703/2703
f 1508/1508 3190/3190 1509/1509
f 242/242 1509/1509 3190/3190
f 1600/1600 3191/3191 2092/2092
f 1733/1733 2092/2092 3191/3191
f 3673/3673 3192/3192 3679/3679
f 1765/1765 1249/1249 3192/3192
f 2594/2594 254/254 4167/4167
f 1491/1491 3194/3194 1721/1721
f 2948/2948 3196/3196 1595/1595
f 2106/2106 1595/1595 3196/3196
f 1989/1989 3197/3197 1396/1396
f 2609/2609 1396/1396 3197/3197
f 3810/3810 3199/3199 1664/1664
f 1718/1718 1664/1664 3199/3199
f 3201/3201 1646/1646 3105/3105
f 1753/1753 1646/1646 3201/3201
f 1654/1654 3202/3202 1508/1508
f 3127/3127 1508/1508 3202/3202
f 2138/2138 1840/1840 1473/1473
f 3048/3048 3203/3203 1435/1435
f 1292/1292 1435/1435 3203/3203
f 2323/2323 3204/3204 1323/1323
f 2645/2645 1481/1481 2775/2775
f 2225/2225 3206/3206 1582/1582
f 2522/2522 1582/1582 3206/3206
f 1591/1591 3209/3209 1768/1768
f 1253/1253 4145/4145 3209/3209
f 2167/2167 3210/3210 1264/1264
f 3570/3570 3277/3277 3210/3210
f 2329/2329 3213/3213 4146/4146
f 3821/3821 3806/3806 3213/3213
f 1920/1920 3184/3184 1678/1678
f 2273/2273 2900/2900 1519/1519
f 2690/2690 1785/1785 2876/2876
f 3652/3652 1560/1560 3634/3634
f 3634/3634 1376/1376 3652/3652
f 2301/2301 3215/3215 1627/1627
f 1246/1246 1627/1627 3215/3215
f 1361/1361 3216/3216 1803/1803
f 2994/2994 1803/1803 3216/3216
f 3176/3176 3217/3217 1589/1589
f 1863/1863 3690/3690 1528/1528
f 1293/1293 2418/2418 3220/3220
f 2766/2766 1293/1293 3220/3220
f 2544/2544 1660/1660 4126/4126
f 1947/1947 3223/3223 1964/1964
f 2214/2214 3419/3419 3223/3223
f 2844/2844 2792/2792 3583/3583
f 2346/2346 1730/1730 2639/2639
f 2685/2685 3224/3224 1417/1417
f 1809/1809 1417/1417 3224/3224
f 2936/2936 1376/1376 2661/2661
f 2133/2133 3227/3227 1822/1822
f 2981/2981 1822/1822 3227/3227
f 1416/1416 3228/3228 1825/1825
f 2584/2584 1825/1825 3228/3228
f 1652/1652 217/217 3230/3230
f 1392/1392 3231/3231 1450/1450
f 2826/2826 1714/1714 3231/3231
f 1629/1629 3232/3232 2074/2074
f 1570/1570 2074/2074 3232/3232
f 2242/2242 1440/1440 3234/3234
f 3141/3141 3756/3756 3235/3235
f 1506/1506 3236/3236 1745/1745
f 3236/3236 2287/2287 1745/1745
f 305/305 3238/3238 306/306
f 4126/4126 275/275 3222/3222
f 3147/3147 3179/3179 1521/1521
f 3120/3120 3244/3244 1694/1694
f 1809/1809 3245/3245 1418/1418
f 2648/2648 1418/1418 3245/3245
f 1426/1426 3246/3246 2053/2053
f 1424/1424 2053/2053 3246/3246
f 2882/2882 2035/2035 3247/3247
f 3248/3248 2571/2571 2176/2176
f 290/290 15/15 3249/3249
f 3884/3884 3251/3251 2089/2089
f 3251/3251 1722/1722 2089/2089
f 3164/3164 3252/3252 2398/2398
f 2398/2398 1219/1219 3164/3164
f 3258/3258 3265/3265 1885/1885
f 2773/2773 2091/2091 2451/2451
f 3556/3556 3259/3259 1551/1551
f 3259/3259 1707/1707 1551/1551
f 4139/4139 1885/1885 3265/3265
f 2899/2899 2512/2512 1717/1717
f 1576/1576 3268/3268 1235/1235
f 1788/1788 1235/1235 3268/3268
f 1747/1747 4060/4060 3271/3271
f 1777/1777 1273/1273 3113/3113
f 2761/2761 3273/3273 1371/1371
f 3330/3330 1371/1371 3273/3273
f 3595/3595 3276/3276 3315/3315
f 3315/3315 1686/1686 3595/3595
f 2875/2875 3277/3277 3570/3570
f 1645/1645 3278/3278 4003/4003
f 2356/2356 4003/4003 3278/3278
f 3135/3135 1494/1494 3279/3279
f 2844/2844 3196/3196 2948/2948
f 1740/1740 3941/3941 1647/1647
f 2239/2239 2846/2846 2283/2283
f 2979/2979 3611/3611 2454/2454
f 1915/1915 3283/3283 1511/1511
f 2038/2038 2161/2161 3283/3283
f 1620/1620 3637/3637 2450/2450
f 2228/2228 2252/2252 3285/3285
f 2169/2169 1369/1369 3640/3640
f 1685/1685 3965/3965 3286/3286
f 1626/1626 3290/3290 1606/1606
f 1454/1454 1606/1606 3290/3290
f 2245/2245 2954/2954 1631/1631
f 3292/3292 1762/1762 2827/2827
f 2176/2176 1762/1762 3292/3292
f 2493/2493 3293/3293 263/263
f 3293/3293 3337/3337 264/264
f 3294/3294 1357/1357 3999/3999
f 1357/1357 3294/3294 3694/3694
f 2377/2377 2358/2358 3117/3117
f 3034/3034 3296/3296 3549/3549
f 2709/2709 1612/1612 3173/3173
f 2070/2070 1612/1612 2709/2709
f 3238/3238 1897/1897 306/306
f 3290/3290 3301/3301 1454/1454
f 2019/2019 1454/1454 3301/3301
f 3980/3980 1299/1299 1870/1870
f 1630/1630 3685/3685 2014/2014
f 1310/1310 2014/2014 3685/3685
f 2803/2803 3305/3305 1303/1303
f 1563/1563 1303/1303 3305/3305
f 1981/1981 1865/1865 3306/3306
f 3184/3184 3307/3307 1678/1678
f 3307/3307 3676/3676 1678/1678
f 1937/1937 1263/1263 3068/3068
f 3310/3310 1702/1702 3174/3174
f 3310/3310 3244/3244 1702/1702
f 3141/3141 1933/1933 3311/3311
f 4158/4158 2641/2641 2696/2696
f 2287/2287 3315/3315 1745/1745
f 3276/3276 1745/1745 3315/3315
f 2273/2273 2306/2306 1874/1874
f 1951/1951 2794/2794 1586/1586
f 3276/3276 3413/3413 1506/1506
f 1834/1834 3319/3319 1281/1281
f 2394/2394 1281/1281 3319/3319
f 1517/1517 3320/3320 2440/2440
f 1722/1722 3564/3564 3320/3320
f 2790/2790 1387/1387 3321/3321
f 2034/2034 1255/1255 3322/3322
f 2056/2056 3323/3323 1928/1928
f 2928/2928 1928/1928 3323/3323
f 1619/1619 3324/3324 1247/1247
f 3324/3324 3651/3651 1247/1247
f 2927/2927 3325/3325 1664/1664
f 2575/2575 1875/1875 3325/3325
f 2358/2358 1720/1720 4016/4016
f 3919/3919 1720/1720 2358/2358
f 3329/3329 211/211 210/210
f 2994/2994 211/211 3329/3329
f 9/9 2551/2551 206/206
f 1680/1680 3330/3330 1232/1232
f 2727/2727 1232/1232 3330/3330
f 2767/2767 3331/3331 4138/4138
f 1705/1705 1410/1410 1556/1556
f 1690/1690 2971/2971 1370/1370
f 2764/2764 2008/2008 2901/2901
f 3335/3335 1606/1606 3469/3469
f 1626/1626 1606/1606 3335/3335
f 3096/3096 3336/3336 1486/1486
f 1846/1846 1486/1486 3336/3336
f 1604/1604 3795/3795 1925/1925
f 1332/1332 1925/1925 3795/3795
f 3293/3293 1662/1662 3337/3337
f 3285/3285 1254/1254 2450/2450
f 2119/2119 1375/1375 3340/3340
f 3341/3341 1873/1873 3735/3735
f 1561/1561 1873/1873 3341/3341
f 2220/2220 2672/2672 1414/1414
f 1459/1459 3138/3138 3352/3352
f 3105/3105 297/297 2389/2389
f 3158/3158 1926/1926 1491/1491
f 2623/2623 2843/2843 1859/1859
f 3552/3552 3356/3356 4123/4123
f 1352/1352 4123/4123 3356/3356
f 2197/2197 3358/3358 2795/2795
f 2178/2178 2795/2795 3358/3358
f 2683/2683 3360/3360 1225/1225
f 3360/3360 1609/1609 1225/1225
f 2404/2404 3381/3381 3361/3361
f 2256/2256 3362/3362 1352/1352
f 4123/4123 1352/1352 3362/3362
f 2093/2093 3181/3181 1709/1709
f 1448/1448 2604/2604 1843/1843
f 1339/1339 3279/3279 1494/1494
f 3390/3390 4010/4010 2923/2923
f 2778/2778 1842/1842 1555/1555
f 2497/2497 1842/1842 2778/2778
f 2306/2306 2022/2022 3185/3185
f 1566/1566 2780/2780 1340/1340
f 2560/2560 1742/1742 1212/1212
f 2786/2786 1742/1742 2560/2560
f 2633/2633 3367/3367 1572/1572
f 3370/3370 1928/1928 1526/1526
f 2056/2056 1928/1928 3370/3370
f 3594/3594 3371/3371 1419/1419
f 2049/2049 1419/1419 3371/3371
f 1523/1523 3815/3815 1773/1773
f 1259/1259 1773/1773 3372/3372
f 2956/2956 2608/2608 1365/1365
f 2407/2407 1980/1980 2953/2953
f 1561/1561 3374/3374 1532/1532
f 2619/2619 4011/4011 3374/3374
f 2683/2683 3375/3375 3360/3360
f 2079/2079 2801/2801 3375/3375
f 1974/1974 3376/3376 1438/1438
f 2132/2132 2173/2173 3376/3376
f 1795/1795 4029/4029 3171/3171
f 1227/1227 1748/1748 3377/3377
f 1485/1485 1833/1833 2880/2880
f 2413/2413 2872/2872 3323/3323
f 2574/2574 3379/3379 1313/1313
f 2866/2866 1313/1313 3379/3379
f 1805/1805 3380/3380 1666/1666
f 2600/2600 3529/3529 3380/3380
f 3361/3361 3381/3381 1925/1925
f 2751/2751 3385/3385 1268/1268
f 2299/2299 1268/1268 3385/3385
f 1721/1721 3386/3386 2051/2051
f 3386/3386 3960/3960 2051/2051
f 3389/3389 3706/3706 3539/3539
f 3391/3391 1473/1473 1840/1840
f 3894/3894 1473/1473 3391/3391
f 4088/4088 3471/3471 2656/2656
f 3336/3336 3096/3096 1468/1468
f 3395/3395 1605/1605 3771/3771
f 1930/1930 1605/1605 3395/3395
f 10/10 226/226 2699/2699
f 1623/1623 3397/3397 288/288
f 3397/3397 289/289 288/288
f 2963/2963 3399/3399 1942/1942
f 1246/1246 1942/1942 3399/3399
f 1583/1583 3400/3400 1510/1510
f 2292/2292 1510/1510 3400/3400
f 1670/1670 3401/3401 3653/3653
f 1531/1531 3592/3592 2587/2587
f 2317/2317 2009/2009 2779/2779
f 2183/2183 2684/2684 1788/1788
f 2100/2100 1497/1497 2879/2879
f 1374/1374 3942/3942 4103/4103
f 3403/3403 1312/1312 4103/4103
f 4077/4077 3404/3404 1790/1790
f 3404/3404 3688/3688 1790/1790
f 1744/1744 3331/3331 1330/1330
f 1864/1864 2510/2510 1211/1211
f 1455/1455 2535/2535 3407/3407
f 3109/3109 3408/3408 2162/2162
f 2162/2162 1622/1622 3109/3109
f 2186/2186 3409/3409 1548/1548
f 1310/1310 1548/1548 3409/3409
f 1204/1204 3411/3411 1585/1585
f 4037/4037 2096/2096 1752/1752
f 2098/2098 1769/1769 3413/3413
f 1913/1913 3414/3414 196/196
f 197/197 196/196 3414/3414
f 1716/1716 3415/3415 4057/4057
f 2019/2019 3418/3418 2035/2035
f 3418/3418 3247/3247 2035/2035
f 2964/2964 3419/3419 1308/1308
f 2214/2214 1308/1308 3419/3419
f 3310/3310 1694/1694 3244/3244
f 3420/3420 267/267 266/266
f 3132/3132 267/267 3420/3420
f 3414/3414 3650/3650 3421/3421
f 3152/3152 1712/1712 3422/3422
f 2462/2462 2831/2831 1304/1304
f 1295/1295 3426/3426 4069/4069
f 1797/1797 1603/1603 3156/3156
f 1753/1753 3427/3427 2094/2094
f 2633/2633 2094/2094 3427/3427
f 1811/1811 2923/2923 1852/1852
f 3337/3337 1661/1661 265/265
f 3356/3356 3433/3433 1352/1352
f 1390/1390 3434/3434 1770/1770
f 1520/1520 1770/1770 3434/3434
f 2485/2485 1634/1634 2379/2379
f 2085/2085 2063/2063 2143/2143
f 2620/2620 3123/3123 2558/2558
f 2821/2821 1208/1208 4117/4117
f 3017/3017 3436/3436 1434/1434
f 1999/1999 1434/1434 3436/3436
f 2819/2819 3520/3520 1441/1441
f 325/325 324/324 2574/2574
f 2419/2419 1405/1405 3439/3439
f 2040/2040 3440/3440 1538/1538
f 1205/1205 1538/1538 3440/3440
f 3442/3442 1315/1315 3203/3203
f 1332/1332 3443/3443 1971/1971
f 1333/1333 1971/1971 3443/3443
f 2703/2703 1526/1526 1356/1356
f 1259/1259 3446/3446 1773/1773
f 2590/2590 1773/1773 3446/3446
f 1962/1962 3447/3447 1929/1929
f 3234/3234 1929/1929 3447/3447
f 2963/2963 3301/3301 3399/3399
f 2194/2194 2485/2485 3215/3215
f 1228/1228 4024/4024 2222/2222
f 2004/2004 2789/2789 3191/3191
f 2700/2700 3449/3449 1460/1460
f 1468/1468 1460/1460 3449/3449
f 1218/1218 1673/1673 3421/3421
f 1630/1630 2012/2012 3455/3455
f 3456/3456 1446/1446 3573/3573
f 2208/2208 3066/3066 3456/3456
f 2575/2575 1477/1477 2922/2922
f 295/295 294/294 3458/3458
f 3125/3125 1876/1876 3458/3458
f 2948/2948 2584/2584 1301/1301
f 2364/2364 3460/3460 3484/3484
f 2777/2777 3484/3484 3460/3460
f 3023/3023 303/303 3461/3461
f 2453/2453 1872/1872 2736/2736
f 3442/3442 1872/1872 2453/2453
f 2008/2008 3463/3463 1265/1265
f 3152/3152 1265/1265 3463/3463
f 316/316 1737/1737 2203/2203
f 2183/2183 3268/3268 3071/3071
f 3069/3069 3464/3464 2026/2026
f 3220/3220 2026/2026 3464/3464
f 3465/3465 2025/2025 3577/3577
f 1317/1317 2025/2025 3465/3465
f 3466/3466 273/273 1400/1400
f 274/274 273/273 3466/3466
f 1649/1649 3467/3467 2978/2978
f 1760/1760 2208/2208 2096/2096
f 4073/4073 3469/3469 1709/1709
f 2067/2067 1709/1709 3469/3469
f 2956/2956 3027/3027 3663/3663
f 3470/3470 1826/1826 3100/3100
f 2549/2549 1826/1826 3470/3470
f 1698/1698 3471/3471 4060/4060
f 1610/1610 4060/4060 3471/3471
f 3801/3801 3472/3472 4161/4161
f 2005/2005 4161/4161 3472/3472
f 3861/3861 3473/3473 2547/2547
f 2376/2376 3464/3464 3129/3129
f 3028/3028 2073/2073 3476/3476
f 2529/2529 4026/4026 3983/3983
f 1403/1403 3478/3478 3960/3960
f 1538/1538 3845/3845 3478/3478
f 3303/3303 1530/1530 3069/3069
f 238/238 2369/2369 239/239
f 3480/3480 2514/2514 3370/3370
f 1267/1267 2514/2514 3480/3480
f 2641/2641 3481/3481 1480/1480
f 2241/2241 1480/1480 3481/3481
f 2132/2132 1831/1831 2297/2297
f 3210/3210 3277/3277 1264/1264
f 2230/2230 3483/3483 1541/1541
f 3483/3483 2276/2276 1541/1541
f 2682/2682 3484/3484 2777/2777
f 2777/2777 3939/3939 2682/2682
f 2228/2228 2871/2871 2252/2252
f 1218/1218 3485/3485 3093/3093
f 1791/1791 1536/1536 3485/3485
f 2587/2587 3090/3090 1677/1677
f 3488/3488 1807/1807 2709/2709
f 1967/1967 1807/1807 3488/3488
f 3489/3489 3548/3548 2940/2940
f 347/347 3490/3490 348/348
f 2059/2059 348/348 3490/3490
f 1759/1759 2964/2964 1838/1838
f 2596/2596 1782/1782 3385/3385
f 2080/2080 1938/1938 2848/2848
f 3493/3493 1791/1791 1539/1539
f 2222/2222 1791/1791 3493/3493
f 2336/2336 2515/2515 2443/2443
f 228/228 3496/3496 229/229
f 1749/1749 229/229 3496/3496
f 1960/1960 3497/3497 2001/2001
f 3499/3499 1586/1586 1679/1679
f 1951/1951 1586/1586 3499/3499
f 3660/3660 3500/3500 1956/1956
f 1219/1219 1956/1956 3500/3500
f 2081/2081 3864/3864 3501/3501
f 3002/3002 3502/3502 3982/3982
f 3982/3982 1405/1405 3002/3002
f 3503/3503 1290/1290 2630/2630
f 2298/2298 1290/1290 3503/3503
f 1680/1680 4037/4037 3511/3511
f 1596/1596 1416/1416 1278/1278
f 3086/3086 1341/1341 2374/2374
f 2007/2007 3513/3513 1385/1385
f 2759/2759 1385/1385 3513/3513
f 3181/3181 3296/3296 3514/3514
f 252/252 3144/3144 3515/3515
f 2180/2180 202/202 3517/3517
f 3518/3518 1803/1803 1322/1322
f 1862/1862 1803/1803 3518/3518
f 3025/3025 3520/3520 3778/3778
f 3818/3818 2848/2848 3815/3815
f 1427/1427 1888/1888 3521/3521
f 3522/3522 1931/1931 3547/3547
f 1403/1403 1931/1931 3522/3522
f 2696/2696 3525/3525 1252/1252
f 4061/4061 1515/1515 2785/2785
f 3529/3529 1666/1666 3380/3380
f 2522/2522 3206/3206 3529/3529
f 1779/1779 3594/3594 1419/1419
f 3901/3901 3530/3530 1792/1792
f 2041/2041 1792/1792 3530/3530
f 2425/2425 3113/3113 1273/1273
f 1342/1342 320/320 2235/2235
f 3535/3535 3742/3742 2793/2793
f 2943/2943 3742/3742 3535/3535
f 3573/3573 1446/1446 1433/1433
f 341/341 3994/3994 3537/3537
f 1610/1610 3538/3538 1368/1368
f 1616/1616 1368/1368 3538/3538
f 201/201 2064/2064 3517/3517
f 2570/2570 3539/3539 1335/1335
f 1828/1828 3905/3905 3539/3539
f 2996/2996 3540/3540 1490/1490
f 2875/2875 1490/1490 3540/3540
f 3064/3064 2594/2594 1351/1351
f 2020/2020 3706/3706 3389/3389
f 1860/1860 1242/1242 3541/3541
f 3311/3311 1757/1757 1639/1639
f 2672/2672 3542/3542 1677/1677
f 1677/1677 3542/3542 4095/4095
f 3545/3545 4066/4066 2214/2214
f 2052/2052 4066/4066 3545/3545
f 1220/1220 3483/3483 2954/2954
f 3546/3546 1276/1276 2827/2827
f 1939/1939 1276/1276 3546/3546
f 1294/1294 3547/3547 1848/1848
f 1469/1469 1848/1848 3547/3547
f 3489/3489 1813/1813 3548/3548
f 329/329 3549/3549 1900/1900
f 3296/3296 1900/1900 3549/3549
f 2569/2569 3550/3550 1985/1985
f 1236/1236 1985/1985 3550/3550
f 2490/2490 2052/2052 3545/3545
f 2811/2811 2680/2680 3980/3980
f 3356/3356 3552/3552 2061/2061
f 1816/1816 2061/2061 3552/3552
f 1679/1679 3802/3802 1767/1767
f 3147/3147 3553/3553 3673/3673
f 1288/1288 3673/3673 3553/3553
f 3796/3796 1211/1211 2510/2510
f 2370/2370 2474/2474 1578/1578
f 3556/3556 1588/1588 3245/3245
f 1379/1379 1588/1588 3556/3556
f 2540/2540 3557/3557 1545/1545
f 2665/2665 3045/3045 3557/3557
f 1205/1205 3558/3558 1872/1872
f 3558/3558 2736/2736 1872/1872
f 201/201 3126/3126 2064/2064
f 295/295 1572/1572 3367/3367
f 2136/2136 3019/3019 1596/1596
f 1319/1319 244/244 2313/2313
f 1498/1498 3561/3561 1856/1856
f 2186/2186 1856/1856 3561/3561
f 2454/2454 3562/3562 1338/1338
f 14/14 268/268 3132/3132
f 1932/1932 3563/3563 3761/3761
f 1943/1943 3761/3761 3563/3563
f 3320/3320 3564/3564 2440/2440
f 3478/3478 1403/1403 3522/3522
f 1746/1746 1859/1859 2843/2843
f 1842/1842 3567/3567 1409/1409
f 1812/1812 2498/2498 3567/3567
f 1291/1291 3570/3570 3989/3989
f 1752/1752 3456/3456 3573/3573
f 2909/2909 1994/1994 2607/2607
f 1735/1735 3577/3577 2025/2025
f 1628/1628 3465/3465 3577/3577
f 2143/2143 2884/2884 1957/1957
f 1632/1632 3579/3579 1887/1887
f 3341/3341 1887/1887 3579/3579
f 1431/1431 3580/3580 3696/3696
f 1222/1222 3696/3696 3580/3580
f 1932/1932 3581/3581 1619/1619
f 2346/2346 2639/2639 3581/3581
f 3570/3570 3582/3582 1394/1394
f 2155/2155 1394/1394 3582/3582
f 2844/2844 3583/3583 3196/3196
f 2041/2041 3196/3196 3583/3583
f 2687/2687 3584/3584 1891/1891
f 3584/3584 3729/3729 1891/1891
f 2885/2885 2339/2339 1452/1452
f 2453/2453 3585/3585 3442/3442
f 2596/2596 1585/1585 3411/3411
f 2100/2100 3586/3586 1871/1871
f 2778/2778 1871/1871 3586/3586
f 1558/1558 3319/3319 1834/1834
f 3501/3501 3588/3588 3829/3829
f 3137/3137 3829/3829 3588/3588
f 3489/3489 1552/1552 1813/1813
f 1688/1688 3590/3590 1529/1529
f 3130/3130 3740/3740 3590/3590
f 3177/3177 3743/3743 3340/3340
f 1939/1939 3592/3592 1276/1276
f 1531/1531 1276/1276 3592/3592
f 3217/3217 1250/1250 2483/2483
f 2325/2325 1221/1221 2461/2461
f 3371/3371 3594/3594 3941/3941
f 1858/1858 3941/3941 3594/3594
f 283/283 2259/2259 1348/1348
f 2485/2485 3521/3521 1888/1888
f 3276/3276 3595/3595 1287/1287
f 2033/2033 1287/1287 3595/3595
f 1818/1818 3837/3837 3324/3324
f 3596/3596 1686/1686 2623/2623
f 1223/1223 1686/1686 3596/3596
f 2559/2559 3597/3597 1695/1695
f 3597/3597 2563/2563 1695/1695
f 1967/1967 1433/1433 3598/3598
f 302/302 1504/1504 3461/3461
f 3599/3599 1587/1587 3962/3962
f 2065/2065 1587/1587 3599/3599
f 3909/3909 3600/3600 1777/1777
f 1761/1761 1484/1484 2724/2724
f 1628/1628 3025/3025 3778/3778
f 1416/1416 3601/3601 1300/1300
f 2099/2099 1300/1300 3601/3601
f 2201/2201 1362/1362 2115/2115
f 1738/1738 1503/1503 3461/3461
f 3483/3483 1700/1700 2276/2276
f 2403/2403 1451/1451 3607/3607
f 1507/1507 2287/2287 3855/3855
f 3236/3236 1909/1909 3855/3855
f 2105/2105 3610/3610 3879/3879
f 2317/2317 3879/3879 3610/3610
f 1694/1694 3310/3310 1270/1270
f 3562/3562 3611/3611 1708/1708
f 1462/1462 1708/1708 3611/3611
f 2402/2402 2870/2870 1349/1349
f 2371/2371 1713/1713 2907/2907
f 2140/2140 1386/1386 3616/3616
f 3595/3595 3619/3619 2033/2033
f 1573/1573 3620/3620 1876/1876
f 3620/3620 1572/1572 1876/1876
f 1285/1285 3621/3621 3784/3784
f 3621/3621 3843/3843 3784/3784
f 2709/2709 3622/3622 1324/1324
f 2550/2550 1324/1324 3622/3622
f 1309/1309 3623/3623 2087/2087
f 1714/1714 2087/2087 3623/3623
f 3048/3048 2588/2588 1554/1554
f 2811/2811 1238/1238 3371/3371
f 3625/3625 2599/2599 1804/1804
f 2052/2052 3626/3626 1996/1996
f 1522/1522 1996/1996 3626/3626
f 1827/1827 3627/3627 1650/1650
f 1921/1921 3064/3064 3627/3627
f 1983/1983 3628/3628 1969/1969
f 2277/2277 1969/1969 3628/3628
f 1420/1420 2793/2793 1380/1380
f 2074/2074 3633/3633 1233/1233
f 2059/2059 3490/3490 3633/3633
f 2576/2576 3634/3634 1810/1810
f 1560/1560 1810/1810 3634/3634
f 2048/2048 3636/3636 1560/1560
f 2362/2362 1560/1560 3636/3636
f 3285/3285 3637/3637 3477/3477
f 1430/1430 4090/4090 3637/3637
f 3638/3638 1703/1703 2865/2865
f 2359/2359 1703/1703 3638/3638
f 4024/4024 1258/1258 3093/3093
f 2384/2384 3096/3096 1486/1486
f 3640/3640 1750/1750 2482/2482
f 1369/1369 1750/1750 3640/3640
f 2419/2419 2972/2972 3002/3002
f 2792/2792 3666/3666 3644/3644
f 1224/1224 3647/3647 1995/1995
f 1527/1527 1995/1995 3647/3647
f 3564/3564 3648/3648 1513/1513
f 3788/3788 1513/1513 3648/3648
f 1425/1425 3649/3649 1562/1562
f 1828/1828 1562/1562 3649/3649
f 1499/1499 1856/1856 3135/3135
f 2282/2282 3421/3421 3650/3650
f 2282/2282 3650/3650 1818/1818
f 1913/1913 1818/1818 3650/3650
f 1866/1866 3651/3651 3460/3460
f 3324/3324 1754/1754 3651/3651
f 2436/2436 1442/1442 2955/2955
f 1560/1560 3652/3652 1492/1492
f 2936/2936 1492/1492 3652/3652
f 3401/3401 4046/4046 3653/3653
f 1915/1915 3654/3654 1412/1412
f 1916/1916 1412/1412 3654/3654
f 2308/2308 3655/3655 1312/1312
f 3051/3051 1312/1312 3655/3655
f 3672/3672 1336/1336 1691/1691
f 1691/1691 1336/1336 1333/1333
f 3386/3386 3194/3194 2023/2023
f 3962/3962 4110/4110 1578/1578
f 2931/2931 1578/1578 4110/4110
f 1597/1597 1944/1944 3104/3104
f 3500/3500 3660/3660 3134/3134
f 2956/2956 3663/3663 1366/1366
f 2369/2369 1366/1366 3663/3663
f 1483/1483 3665/3665 4009/4009
f 2766/2766 4009/4009 3665/3665
f 2700/2700 3666/3666 1756/1756
f 1217/1217 1756/1756 3666/3666
f 2943/2943 3667/3667 1525/1525
f 1397/1397 1525/1525 3667/3667
f 3669/3669 1890/1890 3177/3177
f 1975/1975 1890/1890 3669/3669
f 2760/2760 3562/3562 1708/1708
f 2764/2764 3671/3671 1483/1483
f 1984/1984 1483/1483 3671/3671
f 1692/1692 3672/3672 1493/1493
f 1691/1691 1493/1493 3672/3672
f 3674/3674 2418/2418 4008/4008
f 2026/2026 2418/2418 3674/3674
f 2002/2002 1678/1678 3676/3676
f 1214/1214 2220/2220 2990/2990
f 4043/4043 3677/3677 3294/3294
f 3294/3294 3933/3933 4043/4043
f 2718/2718 3678/3678 1511/1511
f 1998/1998 1511/1511 3678/3678
f 2678/2678 12/12 1909/1909
f 1945/1945 12/12 2678/2678
f 3679/3679 1249/1249 3179/3179
f 3192/3192 1249/1249 3679/3679
f 2003/2003 4143/4143 3063/3063
f 1315/1315 3442/3442 3585/3585
f 1624/1624 3426/3426 2073/2073
f 1540/1540 2908/2908 3136/3136
f 2569/2569 2027/2027 4003/4003
f 2109/2109 1310/1310 3685/3685
f 4019/4019 3686/3686 2044/2044
f 3404/3404 1257/1257 3688/3688
f 3689/3689 1840/1840 2505/2505
f 3922/3922 3391/3391 3689/3689
f 3247/3247 1328/1328 1719/1719
f 3434/3434 3690/3690 4059/4059
f 2158/2158 3691/3691 1275/1275
f 2086/2086 1275/1275 3691/3691
f 4085/4085 3692/3692 3737/3737
f 3694/3694 1968/1968 1357/1357
f 1467/1467 1968/1968 3694/3694
f 1911/1911 3695/3695 3538/3538
f 2079/2079 3375/3375 3695/3695
f 3696/3696 1908/1908 1431/1431
f 1924/1924 1908/1908 3696/3696
f 2162/2162 3699/3699 1622/1622
f 2680/2680 1622/1622 3699/3699
f 3015/3015 1465/1465 2616/2616
f 1280/1280 1950/1950 3085/3085
f 2259/2259 1272/1272 2295/2295
f 1977/1977 3703/3703 318/318
f 1898/1898 319/319 3703/3703
f 1549/1549 2193/2193 1849/1849
f 1544/1544 3735/3735 1873/1873
f 3539/3539 3706/3706 1828/1828
f 4110/4110 2794/2794 3708/3708
f 2109/2109 2693/2693 1360/1360
f 2016/2016 3710/3710 1339/1339
f 1223/1223 2033/2033 3619/3619
f 3037/3037 1878/1878 3145/3145
f 2685/2685 3248/3248 2049/2049
f 2494/2494 2808/2808 3713/3713
f 4108/4108 3714/3714 1612/1612
f 1820/1820 3717/3717 3780/3780
f 2651/2651 2849/2849 3717/3717
f 1771/1771 1528/1528 3322/3322
f 1598/1598 3719/3719 1615/1615
f 2071/2071 4067/4067 3719/3719
f 2486/2486 1285/1285 2398/2398
f 2563/2563 3721/3721 3222/3222
f 2544/2544 3222/3222 3721/3721
f 1984/1984 3665/3665 1483/1483
f 1743/1743 3723/3723 1860/1860
f 3723/3723 1516/1516 1860/1860
f 1237/1237 2370/2370 1578/1578
f 1302/1302 3724/3724 1834/1834
f 1558/1558 1834/1834 3724/3724
f 2291/2291 3222/3222 275/275
f 2607/2607 3209/3209 1591/1591
f 3584/3584 1661/1661 3729/3729
f 2277/2277 1327/1327 3050/3050
f 1857/1857 3730/3730 1545/1545
f 3730/3730 3974/3974 1545/1545
f 2569/2569 1985/1985 3180/3180
f 2392/2392 3251/3251 1955/1955
f 2715/2715 1891/1891 3729/3729
f 2341/2341 2207/2207 1514/1514
f 2899/2899 3733/3733 1530/1530
f 3069/3069 1530/1530 3733/3733
f 3735/3735 1544/1544 2788/2788
f 2519/2519 2451/2451 1727/1727
f 3737/3737 1311/1311 4085/4085
f 4077/4077 1311/1311 3737/3737
f 335/335 3738/3738 1382/1382
f 4038/4038 3787/3787 3738/3738
f 1529/1529 3740/3740 2038/2038
f 2161/2161 2038/2038 3740/3740
f 3204/3204 1658/1658 2718/2718
f 3303/3303 3489/3489 2940/2940
f 2569/2569 4003/4003 2356/2356
f 1894/1894 1352/1352 3433/3433
f 3743/3743 1234/1234 3340/3340
f 1693/1693 1234/1234 3743/3743
f 2910/2910 3745/3745 1609/1609
f 1910/1910 1609/1609 3745/3745
f 2107/2107 1443/1443 3455/3455
f 2545/2545 2925/2925 3747/3747
f 1791/1791 3553/3553 1758/1758
f 2828/2828 3750/3750 1289/1289
f 3558/3558 3440/3440 3001/3001
f 2912/2912 1677/1677 3090/3090
f 2672/2672 1677/1677 2912/2912
f 3408/3408 3109/3109 3691/3691
f 3686/3686 3317/3317 3989/3989
f 4169/4169 197/197 3421/3421
f 1930/1930 3753/3753 1296/1296
f 2597/2597 1296/1296 3753/3753
f 1537/1537 3754/3754 3750/3750
f 2003/2003 3063/3063 3246/3246
f 2374/2374 1341/1341 2780/2780
f 2906/2906 2875/2875 1291/1291
f 1405/1405 3756/3756 3439/3439
f 2250/2250 3439/3439 3756/3756
f 2342/2342 1283/1283 3311/3311
f 1639/1639 3321/3321 1387/1387
f 1701/1701 3757/3757 2087/2087
f 1309/1309 2087/2087 3757/3757
f 3575/3575 4036/4036 3759/3759
f 272/272 3760/3760 1400/1400
f 1765/1765 3761/3761 1772/1772
f 3821/3821 1772/1772 3761/3761
f 3762/3762 1776/1776 2597/2597
f 2003/2003 1776/1776 3762/3762
f 3567/3567 2437/2437 3175/3175
f 2047/2047 3409/3409 3561/3561
f 1819/1819 3306/3306 1865/1865
f 3376/3376 1543/1543 1831/1831
f 1458/1458 2380/2380 2015/2015
f 3397/3397 2057/2057 289/289
f 3227/3227 2133/2133 1231/1231
f 1743/1743 3541/3541 3760/3760
f 2070/2070 2709/2709 1807/1807
f 1495/1495 3764/3764 2066/2066
f 1487/1487 2066/2066 3764/3764
f 3767/3767 1389/1389 1252/1252
f 2674/2674 1389/1389 3767/3767
f 3754/3754 1537/1537 3768/3768
f 2323/2323 3130/3130 3051/3051
f 3485/3485 1536/1536 3093/3093
f 3183/3183 1603/1603 3107/3107
f 1999/1999 3770/3770 2054/2054
f 1716/1716 2054/2054 3770/3770
f 2356/2356 3771/3771 3550/3550
f 2083/2083 3550/3550 3771/3771
f 2389/2389 3367/3367 3427/3427
f 2962/2962 3972/3972 2420/2420
f 3676/3676 2068/2068 4015/4015
f 3307/3307 2068/2068 3676/3676
f 2341/2341 2990/2990 2220/2220
f 3324/3324 1619/1619 2639/2639
f 258/258 2547/2547 1241/1241
f 2870/2870 3773/3773 1902/1902
f 277/277 1902/1902 3773/3773
f 3130/3130 1323/1323 3740/3740
f 3303/3303 2090/2090 3489/3489
f 2378/2378 3777/3777 1334/1334
f 273/273 272/272 1400/1400
f 1628/1628 3778/3778 1440/1440
f 2462/2462 1440/1440 3778/3778
f 3717/3717 2849/2849 3780/3780
f 3404/3404 4077/4077 3737/3737
f 2979/2979 1336/1336 3672/3672
f 3783/3783 1704/1704 4007/4007
f 3344/3344 1704/1704 3783/3783
f 1285/1285 3784/3784 1832/1832
f 1429/1429 1832/1832 3784/3784
f 2522/2522 3088/3088 1522/1522
f 3787/3787 2882/2882 4010/4010
f 2056/2056 4119/4119 2413/2413
f 1904/1904 291/291 2421/2421
f 1513/1513 3788/3788 1735/1735
f 3106/3106 1735/1735 3788/3788
f 1683/1683 3791/3791 3900/3900
f 1760/1760 3900/3900 3791/3791
f 3793/3793 1792/1792 3956/3956
f 3793/3793 3901/3901 1792/1792
f 3127/3127 2852/2852 1542/1542
f 2261/2261 3795/3795 1954/1954
f 1604/1604 1954/1954 3795/3795
f 3554/3554 3796/3796 1731/1731
f 2402/2402 1731/1731 3796/3796
f 3258/3258 1990/1990 3265/3265
f 1259/1259 1657/1657 3537/3537
f 3144/3144 1648/1648 3515/3515
f 1205/1205 3048/3048 1554/1554
f 2817/2817 3104/3104 3213/3213
f 3472/3472 3801/3801 1627/1627
f 1802/1802 2301/2301 3801/3801
f 2802/2802 3757/3757 1987/1987
f 2364/2364 3484/3484 2914/2914
f 1204/1204 3802/3802 4068/4068
f 1679/1679 1586/1586 3802/3802
f 3803/3803 1565/1565 3320/3320
f 1383/1383 1565/1565 3803/3803
f 3213/3213 3806/3806 4146/4146
f 1943/1943 4146/4146 3806/3806
f 1592/1592 1537/1537 3750/3750
f 2700/2700 1950/1950 3644/3644
f 2975/2975 3810/3810 1875/1875
f 3811/3811 2088/2088 2030/2030
f 2088/2088 3811/3811 3415/3415
f 3714/3714 3655/3655 1612/1612
f 2308/2308 3173/3173 3655/3655
f 2848/2848 3372/3372 3815/3815
f 3341/3341 1847/1847 2187/2187
f 2952/2952 3816/3816 308/308
f 309/309 308/308 3816/3816
f 3745/3745 2910/2910 1749/1749
f 2550/2550 1371/1371 3511/3511
f 1688/1688 3818/3818 1893/1893
f 1523/1523 1893/1893 3818/3818
f 1448/1448 2651/2651 1689/1689
f 1885/1885 2547/2547 3473/3473
f 3690/3690 3434/3434 2832/2832
f 1405/1405 3235/3235 3756/3756
f 3104/3104 4162/4162 3821/3821
f 3754/3754 1289/1289 3750/3750
f 2563/2563 1742/1742 3721/3721
f 3597/3597 1742/1742 2563/2563
f 3259/3259 1809/1809 3224/3224
f 2443/2443 2858/2858 3199/3199
f 3823/3823 1766/1766 2998/2998
f 2006/2006 1766/1766 3823/3823
f 3290/3290 2757/2757 3399/3399
f 2198/2198 3407/3407 1449/1449
f 2714/2714 2918/2918 3062/3062
f 2872/2872 3125/3125 1215/1215
f 3826/3826 3890/3890 2046/2046
f 2284/2284 3827/3827 1580/1580
f 2160/2160 1580/1580 3827/3827
f 3286/3286 3829/3829 1952/1952
f 3137/3137 1952/1952 3829/3829
f 1455/1455 2047/2047 2184/2184
f 3625/3625 1994/1994 2599/2599
f 230/230 3830/3830 231/231
f 3404/3404 3737/3737 2565/2565
f 2043/2043 2813/2813 1479/1479
f 1913/1913 3837/3837 1818/1818
f 1754/1754 3324/3324 3837/3837
f 1267/1267 3838/3838 1423/1423
f 1207/1207 1423/1423 3838/3838
f 3235/3235 1534/1534 3839/3839
f 3107/3107 2404/2404 1459/1459
f 1518/1518 2036/2036 3513/3513
f 1783/1783 3843/3843 1278/1278
f 1835/1835 1278/1278 3843/3843
f 192/192 1914/1914 2914/2914
f 2588/2588 3845/3845 1554/1554
f 3768/3768 4004/4004 2727/2727
f 3490/3490 1916/1916 3654/3654
f 2403/2403 1714/1714 2826/2826
f 3145/3145 3446/3446 3503/3503
f 1662/1662 3850/3850 1892/1892
f 2808/2808 1892/1892 3850/3850
f 3582/3582 3210/3210 1621/1621
f 3660/3660 1306/1306 3134/3134
f 1317/1317 3564/3564 1513/1513
f 3403/3403 3330/3330 3273/3273
f 247/247 3855/3855 1909/1909
f 2287/2287 3236/3236 3855/3855
f 3857/3857 1504/1504 2135/2135
f 3461/3461 1504/1504 3857/3857
f 2066/2066 3858/3858 2092/2092
f 1719/1719 3877/3877 3858/3858
f 2103/2103 1901/1901 2302/2302
f 2154/2154 3862/3862 1635/1635
f 1837/1837 1635/1635 3862/3862
f 1690/1690 3777/3777 3988/3988
f 2081/2081 1879/1879 3864/3864
f 3867/3867 2017/2017 3644/3644
f 2001/2001 3497/3497 3867/3867
f 2366/2366 3020/3020 3764/3764
f 1704/1704 3344/3344 2084/2084
f 2157/2157 3873/3873 1378/1378
f 2684/2684 1378/1378 3873/3873
f 1988/1988 3874/3874 1863/1863
f 3867/3867 3497/3497 2017/2017
f 1328/1328 3877/3877 1719/1719
f 2092/2092 3858/3858 3877/3877
f 2703/2703 1244/1244 2717/2717
f 3476/3476 2073/2073 3426/3426
f 1850/1850 1589/1589 3217/3217
f 1689/1689 3879/3879 1318/1318
f 1669/1669 1318/1318 3879/3879
f 271/271 3880/3880 1213/1213
f 2687/2687 1213/1213 3880/3880
f 3554/3554 3881/3881 1211/1211
f 1763/1763 1211/1211 3881/3881
f 3251/3251 3884/3884 1955/1955
f 3884/3884 2506/2506 1955/1955
f 2384/2384 1867/1867 2911/2911
f 3887/3887 1256/1256 4044/4044
f 2034/2034 1256/1256 3887/3887
f 1654/1654 3889/3889 1993/1993
f 1224/1224 1993/1993 3889/3889
f 3826/3826 2042/2042 3890/3890
f 334/334 3891/3891 4038/4038
f 1357/1357 4038/4038 3891/3891
f 2578/2578 2618/2618 1873/1873
f 3845/3845 3960/3960 3478/3478
f 1469/1469 3893/3893 2001/2001
f 1415/1415 2001/2001 3893/3893
f 2874/2874 1470/1470 3894/3894
f 3473/3473 3861/3861 257/257
f 1804/1804 3896/3896 1389/1389
f 4158/4158 1389/1389 3896/3896
f 1936/1936 3898/3898 1359/1359
f 1535/1535 2686/2686 3898/3898
f 2732/2732 3598/3598 2622/2622
f 2777/2777 3837/3837 3939/3939
f 2692/2692 3900/3900 4037/4037
f 2096/2096 4037/4037 3900/3900
f 2313/2313 1508/1508 3127/3127
f 3530/3530 3901/3901 1868/1868
f 3793/3793 1384/1384 3901/3901
f 1543/1543 3928/3928 2043/2043
f 2813/2813 2043/2043 3928/3928
f 3904/3904 2617/2617 2662/2662
f 2104/2104 2617/2617 3904/3904
f 1302/1302 1834/1834 3608/3608
f 3265/3265 1608/1608 2993/2993
f 1335/1335 3905/3905 1462/1462
f 1708/1708 1462/1462 3905/3905
f 2268/2268 2131/2131 1230/1230
f 260/260 259/259 3713/3713
f 4155/4155 1260/1260 3450/3450
f 3907/3907 1564/1564 2975/2975
f 1383/1383 1564/1564 3907/3907
f 1941/1941 1207/1207 3838/3838
f 1962/1962 3500/3500 3908/3908
f 2898/2898 1345/1345 3278/3278
f 3787/3787 1968/1968 2882/2882
f 2684/2684 3909/3909 1378/1378
f 2434/2434 1378/1378 3909/3909
f 1831/1831 1543/1543 2043/2043
f 2192/2192 3911/3911 1782/1782
f 2299/2299 3385/3385 3911/3911
f 2119/2119 2748/2748 1613/1613
f 2199/2199 1388/1388 2716/2716
f 3009/3009 3917/3917 1284/1284
f 1945/1945 1284/1284 3917/3917
f 3621/3621 1835/1835 3843/3843
f 2989/2989 1879/1879 1406/1406
f 2158/2158 2865/2865 3408/3408
f 2166/2166 4165/4165 3919/3919
f 1893/1893 1523/1523 2828/2828
f 2166/2166 3894/3894 3922/3922
f 3923/3923 1882/1882 4106/4106
f 1535/1535 2970/2970 3923/3923
f 2769/2769 2737/2737 338/338
f 2106/2106 3196/3196 3530/3530
f 2512/2512 3045/3045 1502/1502
f 3925/3925 1395/1395 2023/2023
f 1851/1851 1395/1395 3925/3925
f 2978/2978 3926/3926 278/278
f 279/279 278/278 3926/3926
f 1543/1543 1974/1974 3928/3928
f 2604/2604 3929/3929 1843/1843
f 2325/2325 1843/1843 3929/3929
f 3034/3034 3931/3931 3608/3608
f 1302/1302 3608/3608 3931/3931
f 2661/2661 1376/1376 2892/2892
f 331/331 3933/3933 332/332
f 3933/3933 3999/3999 332/332
f 1421/1421 3934/3934 1778/1778
f 2028/2028 1778/1778 3934/3934
f 3085/3085 2676/2676 3937/3937
f 3418/3418 1328/1328 3247/3247
f 2882/2882 3247/3247 1869/1869
f 2682/2682 3939/3939 194/194
f 195/195 194/194 3939/3939
f 1367/1367 2079/2079 3377/3377
f 3017/3017 2255/2255 1593/1593
f 1647/1647 3941/3941 1723/1723
f 1858/1858 1723/1723 3941/3941
f 3403/3403 3942/3942 3330/3330
f 2727/2727 3330/3330 3942/3942
f 2419/2419 3439/3439 3176/3176
f 3695/3695 3375/3375 3538/3538
f 3034/3034 3944/3944 3931/3931
f 2634/2634 3931/3931 3944/3944
f 2484/2484 1715/1715 3067/3067
f 2793/2793 3742/3742 1274/1274
f 2176/2176 3946/3946 1779/1779
f 2068/2068 1779/1779 3946/3946
f 1685/1685 3948/3948 2081/2081
f 1441/1441 2081/2081 3948/3948
f 2156/2156 1601/1601 2885/2885
f 3724/3724 1447/1447 2736/2736
f 1624/1624 3952/3952 2053/2053
f 1476/1476 2053/2053 3952/3952
f 3028/3028 2216/2216 2073/2073
f 1253/1253 3767/3767 1407/1407
f 2344/2344 1327/1327 3908/3908
f 2608/2608 3953/3953 1365/1365
f 1224/1224 1365/1365 3953/3953
f 2737/2737 1784/1784 3171/3171
f 2649/2649 3955/3955 1569/1569
f 2058/2058 1569/1569 3955/3955
f 4104/4104 3956/3956 1960/1960
f 1314/1314 1960/1960 3956/3956
f 1779/1779 3307/3307 1607/1607
f 1404/1404 3959/3959 1274/1274
f 2731/2731 1274/1274 3959/3959
f 3386/3386 4084/4084 3960/3960
f 3961/3961 2918/2918 3067/3067
f 1471/1471 1428/1428 3588/3588
f 1428/1428 1471/1471 4017/4017
f 2636/2636 3962/3962 1587/1587
f 2234/2234 3964/3964 1855/1855
f 1397/1397 1855/1855 3964/3964
f 3501/3501 3965/3965 2081/2081
f 1685/1685 2081/2081 3965/3965
f 3251/3251 3788/3788 3648/3648
f 1653/1653 2601/2601 1307/1307
f 3811/3811 1808/1808 3415/3415
f 2955/2955 3628/3628 1456/1456
f 1514/1514 2930/2930 1978/1978
f 1563/1563 3968/3968 2055/2055
f 1670/1670 2055/2055 3968/3968
f 3898/3898 1432/1432 2970/2970
f 1651/1651 3541/3541 1242/1242
f 3180/3180 3971/3971 1824/1824
f 1436/1436 1824/1824 3971/3971
f 2986/2986 3972/3972 1341/1341
f 2780/2780 1341/1341 3972/3972
f 1207/1207 3676/3676 4015/4015
f 3974/3974 1738/1738 3857/3857
f 3730/3730 1738/1738 3974/3974
f 2101/2101 1793/1793 2789/2789
f 2680/2680 3699/3699 3018/3018
f 2578/2578 1532/1532 1337/1337
f 1561/1561 1532/1532 2578/2578
f 3686/3686 3977/3977 2044/2044
f 1976/1976 2044/2044 3977/3977
f 1407/1407 1252/1252 3525/3525
f 3839/3839 2342/2342 1933/1933
f 3018/3018 1421/1421 3980/3980
f 1749/1749 1367/1367 3830/3830
f 2011/2011 2989/2989 2681/2681
f 1534/1534 3982/3982 2032/2032
f 3502/3502 2032/2032 3982/3982
f 2515/2515 2028/2028 3934/3934
f 1540/1540 2716/2716 3983/3983
f 3663/3663 2734/2734 240/240
f 3616/3616 3759/3759 1559/1559
f 1301/1301 1559/1559 3759/3759
f 3520/3520 1406/1406 1441/1441
f 1948/1948 3985/3985 1712/1712
f 3422/3422 1712/1712 3985/3985
f 3987/3987 1719/1719 3858/3858
f 1869/1869 1719/1719 3987/3987
f 2971/2971 3988/3988 1510/1510
f 2015/2015 1510/1510 3988/3988
f 1469/1469 3937/3937 1949/1949
f 3596/3596 1671/1671 1457/1457
f 2098/2098 1768/1768 3653/3653
f 3977/3977 3989/3989 1394/1394
f 3989/3989 3570/3570 1394/1394
f 3411/3411 4042/4042 1576/1576
f 1467/1467 3677/3677 1454/1454
f 2067/2067 1454/1454 3677/3677
f 3537/3537 3994/3994 1259/1259
f 2298/2298 1259/1259 3994/3994
f 3259/3259 3556/3556 3245/3245
f 260/260 2808/2808 1922/1922
f 3246/3246 3996/3996 1424/1424
f 2099/2099 1424/1424 3996/3996
f 2866/2866 2415/2415 2907/2907
f 2791/2791 2491/2491 1261/1261
f 3891/3891 3999/3999 1357/1357
f 3933/3933 3294/3294 3999/3999
f 2871/2871 4087/4087 2252/2252
f 3660/3660 1832/1832 4027/4027
f 1298/1298 2328/2328 1919/1919
f 1332/1332 1970/1970 3361/3361
f 4001/4001 1212/1212 3597/3597
f 1422/1422 1212/1212 4001/4001
f 1645/1645 4003/4003 1717/1717
f 2027/2027 1717/1717 4003/4003
f 4004/4004 1232/1232 2727/2727
f 2137/2137 1232/1232 4004/4004
f 3525/3525 4006/4006 2055/2055
f 1563/1563 2055/2055 4006/4006
f 4007/4007 1979/1979 3783/3783
f 1404/1404 1979/1979 4007/4007
f 1550/1550 2996/2996 4008/4008
f 2497/2497 1590/1590 4013/4013
f 2879/2879 1590/1590 2497/2497
f 4101/4101 3463/3463 2008/2008
f 1436/1436 4101/4101 4009/4009
f 1626/1626 3335/3335 2357/2357
f 1356/1356 1928/1928 2928/2928
f 3787/3787 4010/4010 1382/1382
f 3390/3390 1382/1382 4010/4010
f 4011/4011 1532/1532 3374/3374
f 1889/1889 1532/1532 4011/4011
f 2198/2198 2505/2505 1444/1444
f 2243/2243 3972/3972 2962/2962
f 2760/2760 1425/1425 2911/2911
f 3575/3575 1830/1830 4036/4036
f 1217/1217 1830/1830 3575/3575
f 2061/2061 1763/1763 3881/3881
f 2497/2497 4013/4013 1305/1305
f 2989/2989 1305/1305 4013/4013
f 2597/2597 3499/3499 1679/1679
f 2818/2818 4015/4015 2068/2068
f 2358/2358 4016/4016 1432/1432
f 1499/1499 2970/2970 4016/4016
f 4017/4017 1854/1854 1428/1428
f 1497/1497 1854/1854 4017/4017
f 2440/2440 2010/2010 4018/4018
f 3575/3575 3616/3616 1386/1386
f 2906/2906 3317/3317 4134/4134
f 2483/2483 2922/2922 1850/1850
f 1456/1456 2077/2077 4018/4018
f 1715/1715 2566/2566 1806/1806
f 232/232 231/231 1748/1748
f 1304/1304 1992/1992 2499/2499
f 1297/1297 3708/3708 1951/1951
f 3465/3465 1628/1628 2508/2508
f 3001/3001 3440/3440 2750/2750
f 2222/2222 4024/4024 1536/1536
f 3093/3093 1536/1536 4024/4024
f 2215/2215 1515/1515 3803/3803
f 3068/3068 4025/4025 1938/1938
f 2848/2848 1938/1938 4025/4025
f 4026/4026 1470/1470 1710/1710
f 1429/1429 4027/4027 1832/1832
f 1306/1306 3660/3660 4027/4027
f 3037/3037 4029/4029 1602/1602
f 3175/3175 2603/2603 2105/2105
f 2371/2371 1447/1447 3724/3724
f 1512/1512 3204/3204 3714/3714
f 1689/1689 1318/1318 3321/3321
f 3999/3999 3891/3891 333/333
f 2908/2908 3890/3890 2042/2042
f 3194/3194 3043/3043 1637/1637
f 1887/1887 3341/3341 3735/3735
f 4036/4036 2948/2948 3759/3759
f 2844/2844 2948/2948 4036/4036
f 3511/3511 4037/4037 1752/1752
f 3787/3787 4038/4038 1968/1968
f 1357/1357 1968/1968 4038/4038
f 2394/2394 3319/3319 2557/2557
f 3132/3132 3420/3420 3092/3092
f 3884/3884 3747/3747 2506/2506
f 4042/4042 2065/2065 1618/1618
f 3411/3411 2065/2065 4042/4042
f 3677/3677 4043/4043 1346/1346
f 1739/1739 1346/1346 4043/4043
f 3690/3690 2832/2832 4044/4044
f 1935/1935 4046/4046 1726/1726
f 3401/3401 1726/1726 4046/4046
f 3034/3034 3608/3608 3514/3514
f 2998/2998 3911/3911 2889/2889
f 2949/2949 2515/2515 3934/3934
f 1306/1306 4027/4027 3823/3823
f 1939/1939 4051/4051 1667/1667
f 3071/3071 1667/1667 4051/4051
f 3100/3100 4054/4054 1379/1379
f 2576/2576 1379/1379 4054/4054
f 3401/3401 1670/1670 3968/3968
f 3122/3122 2091/2091 2773/2773
f 2391/2391 3141/3141 1639/1639
f 2173/2173 3827/3827 1934/1934
f 4137/4137 4057/4057 1465/1465
f 3415/3415 1465/1465 4057/4057
f 4058/4058 1328/1328 3418/3418
f 1600/1600 3877/3877 4058/4058
f 2794/2794 1951/1951 3708/3708
f 4059/4059 1520/1520 3434/3434
f 1391/1391 1520/1520 4059/4059
f 3271/3271 4060/4060 1391/1391
f 1883/1883 1391/1391 4060/4060
f 3190/3190 2513/2513 243/243
f 1935/1935 1726/1726 3839/3839
f 2710/2710 1515/1515 4061/4061
f 1771/1771 3647/3647 3953/3953
f 2935/2935 248/248 1741/1741
f 12/12 1741/1741 248/248
f 3929/3929 2669/2669 3185/3185
f 1472/1472 1519/1519 2142/2142
f 2040/2040 1294/1294 2746/2746
f 4077/4077 4066/4066 1311/1311
f 1923/1923 1311/1311 4066/4066
f 184/184 183/183 3232/3232
f 2154/2154 4067/4067 2071/2071
f 1615/1615 3719/3719 4067/4067
f 1204/1204 4068/4068 1271/1271
f 1295/1295 4069/4069 1663/1663
f 2099/2099 1663/1663 4069/4069
f 2011/2011 1305/1305 2989/2989
f 1377/1377 4008/4008 2996/2996
f 2394/2394 4073/4073 1281/1281
f 3181/3181 1281/1281 4073/4073
f 2633/2633 3620/3620 1214/1214
f 1802/1802 1358/1358 2301/2301
f 2917/2917 3931/3931 2634/2634
f 1789/1789 3688/3688 1257/1257
f 2214/2214 4077/4077 1308/1308
f 1790/1790 1308/1308 4077/4077
f 2344/2344 1684/1684 3050/3050
f 1254/1254 2662/2662 2617/2617
f 235/235 4079/4079 4088/4088
f 1656/1656 4088/4088 4079/4079
f 1372/1372 4080/4080 1657/1657
f 342/342 3537/3537 4080/4080
f 3741/3741 4103/4103 3051/3051
f 1761/1761 3422/3422 2097/2097
f 1817/1817 4084/4084 1395/1395
f 2023/2023 1395/1395 4084/4084
f 3692/3692 4085/4085 1539/1539
f 1957/1957 2884/2884 4085/4085
f 1223/1223 4087/4087 1946/1946
f 2871/2871 1946/1946 4087/4087
f 235/235 4088/4088 236/236
f 2656/2656 236/236 4088/4088
f 2041/2041 3583/3583 3058/3058
f 278/278 3773/3773 2978/2978
f 3477/3477 4090/4090 1653/1653
f 3230/3230 2601/2601 4090/4090
f 4091/4091 249/249 248/248
f 2084/2084 249/249 4091/4091
f 4093/4093 1215/1215 3125/3125
f 1904/1904 1215/1215 4093/4093
f 2377/2377 2166/2166 3919/3919
f 3597/3597 2559/2559 1990/1990
f 244/244 1319/1319 245/245
f 2587/2587 4095/4095 2039/2039
f 2514/2514 2039/2039 4095/4095
f 4061/4061 4099/4099 1478/1478
f 2336/2336 1478/1478 4099/4099
f 3463/3463 4101/4101 1712/1712
f 1436/1436 1712/1712 4101/4101
f 1279/1279 4102/4102 4143/4143
f 1248/1248 4143/4143 4102/4102
f 1374/1374 4103/4103 1893/1893
f 3741/3741 1893/1893 4103/4103
f 1415/1415 4104/4104 1960/1960
f 1851/1851 3793/3793 1269/1269
f 2694/2694 4106/4106 1905/1905
f 1568/1568 1905/1905 4106/4106
f 1516/1516 4139/4139 2993/2993
f 1663/1663 4107/4107 1295/1295
f 2106/2106 1295/1295 4107/4107
f 2640/2640 4108/4108 1231/1231
f 2070/2070 1231/1231 4108/4108
f 2931/2931 4110/4110 1524/1524
f 1297/1297 1524/1524 4110/4110
f 1382/1382 4112/4112 335/335
f 336/336 335/335 4112/4112
f 1864/1864 1240/1240 2943/2943
f 3558/3558 1558/1558 2736/2736
f 4115/4115 1934/1934 3827/3827
f 1553/1553 1934/1934 4115/4115
f 2223/2223 4116/4116 1239/1239
f 2926/2926 1239/1239 4116/4116
f 2821/2821 4117/4117 1275/1275
f 2158/2158 1275/1275 4117/4117
f 4119/4119 3542/3542 2672/2672
f 2056/2056 3542/3542 4119/4119
f 2570/2570 3521/3521 1625/1625
f 289/289 2057/2057 3249/3249
f 3466/3466 4121/4121 1801/1801
f 1353/1353 1801/1801 4121/4121
f 3552/3552 4123/4123 2103/2103
f 1350/1350 2103/2103 4123/4123
f 275/275 4126/4126 276/276
f 1660/1660 276/276 4126/4126
f 4110/4110 3708/3708 1297/1297
f 1434/1434 4134/4134 4019/4019
f 3317/3317 4019/4019 4134/4134
f 4137/4137 4134/4134 2054/2054
f 3015/3015 4134/4134 4137/4137
f 2558/2558 4138/4138 1906/1906
f 1744/1744 1906/1906 4138/4138
f 1676/1676 4139/4139 1516/1516
f 2899/2899 1857/1857 2512/2512
f 205/205 4142/4142 9/9
f 2551/2551 9/9 4142/4142
f 3063/3063 4143/4143 1485/1485
f 1248/1248 1485/1485 4143/4143
f 3653/3653 4145/4145 1670/1670
f 1253/1253 1670/1670 4145/4145
f 3450/3450 4146/4146 1866/1866
f 1943/1943 1866/1866 4146/4146
f 2786/2786 4147/4147 1505/1505
f 2698/2698 1505/1505 4147/4147
f 2180/2180 2600/2600 1229/1229
f 2462/2462 3234/3234 1440/1440
f 1617/1617 4154/4154 1501/1501
f 2030/2030 1501/1501 4154/4154
f 1433/1433 4155/4155 3598/3598
f 2622/2622 3598/3598 4155/4155
f 3956/3956 4104/4104 1269/1269
f 2641/2641 4158/4158 3481/3481
f 3143/3143 3481/3481 4158/4158
f 4013/4013 1590/1590 3864/3864
f 3801/3801 4161/4161 1802/1802
f 2783/2783 1802/1802 4161/4161
f 3123/3123 4162/4162 1844/1844
f 1944/1944 1844/1844 4162/4162
f 1917/1917 4164/4164 185/185
f 186/186 185/185 4164/4164
f 3919/3919 4165/4165 1498/1498
f 2184/2184 1498/1498 4165/4165
f 2874/2874 3117/3117 3826/3826
f 3874/3874 3271/3271 1391/1391
f 2847/2847 4167/4167 253/253
f 254/254 253/253 4167/4167
f 197/197 4169/4169 198/198
f 1673/1673 198/198 4169/4169
f 223/223 4170/4170 1655/1655
f 2072/2072 1655/1655 4170/4170
