# File exported by Houdini 19.5.605 (www.sidefx.com)
# 4171 points
# 23967 vertices
# 7989 primitives
# Bounds: [0.381583363, 0.128276765, 0.29246819] to [0.617894888, 0.319434434, 0.66028595]
mtllib dragon.mtl 
v 0.38933295 0.222624823 0.293921113
v 0.395074904 0.217601746 0.517493367
v 0.405565083 0.257642061 0.643107533
v 0.457891732 0.258579791 0.652571321
v 0.542486548 0.259345293 0.65253222
v 0.595261574 0.258834243 0.64325428
v 0.604837894 0.219304919 0.516515613
v 0.610721111 0.224652037 0.292473435
v 0.604839563 0.219258249 0.516510725
v 0.59526211 0.258790076 0.643252015
v 0.542485058 0.259079158 0.652415633
v 0.50081259 0.162748173 0.563822389
v 0.457892358 0.258423358 0.652505517
v 0.405565619 0.257604271 0.643105149
v 0.39507395 0.217575759 0.517491341
v 0.38931784 0.222515777 0.29392314
v 0.610726237 0.224555075 0.29246819
v 0.609641552 0.232982337 0.293186665
v 0.60668087 0.240805969 0.293523014
v 0.603250146 0.248459309 0.293854296
v 0.600696385 0.256367147 0.294235468
v 0.596723795 0.263746291 0.294498801
v 0.59125036 0.270060182 0.294600427
v 0.586001396 0.27644673 0.294603586
v 0.580075145 0.282237798 0.294561028
v 0.573809028 0.287616134 0.294512868
v 0.567134142 0.292523593 0.294402242
v 0.560516715 0.297551692 0.294278502
v 0.553395927 0.301822692 0.294386446
v 0.545496643 0.304728299 0.293864965
v 0.537321866 0.306462407 0.293661058
v 0.528968513 0.307955682 0.293344378
v 0.520485818 0.30870229 0.293184519
v 0.51193887 0.308933139 0.293054879
v 0.503362417 0.308846653 0.293129861
v 0.494768649 0.308822542 0.293150783
v 0.486210585 0.308415353 0.293479919
v 0.477714598 0.308015347 0.293798923
v 0.469291866 0.307284713 0.294155955
v 0.46095264 0.305798501 0.294618309
v 0.452767074 0.30431065 0.295082748
v 0.445000321 0.301070869 0.295528293
v 0.43811667 0.296397209 0.295642853
v 0.431674302 0.29120189 0.295737028
v 0.425201446 0.286093146 0.295795381
v 0.419044226 0.280627191 0.29602325
v 0.413127065 0.274846673 0.29604435
v 0.408178061 0.26825425 0.296054363
v 0.403140455 0.261629611 0.295871377
v 0.399414986 0.254177541 0.295705616
v 0.396043867 0.246632427 0.295380652
v 0.392428279 0.239077181 0.295137048
v 0.390430123 0.230928048 0.294652343
v 0.389276356 0.221940011 0.303096414
v 0.389176309 0.221483573 0.312248588
v 0.389190078 0.221008509 0.321361005
v 0.389492899 0.220589161 0.330432355
v 0.389846593 0.220196173 0.339480877
v 0.390361279 0.219789326 0.348500192
v 0.391020626 0.219408393 0.357488751
v 0.391681194 0.219069704 0.366466224
v 0.392392069 0.218742073 0.375428021
v 0.39308551 0.21846123 0.384374201
v 0.393743843 0.218203068 0.393313587
v 0.394372672 0.217982844 0.402241886
v 0.395012259 0.217776299 0.411163867
v 0.395578057 0.217602044 0.420083165
v 0.396084994 0.217447788 0.428997099
v 0.396514714 0.217320248 0.437906563
v 0.396875769 0.217216015 0.446813524
v 0.397158742 0.217137188 0.455716968
v 0.397357106 0.21708627 0.464613318
v 0.39742589 0.217062637 0.473510504
v 0.397326708 0.217090219 0.482384682
v 0.396962911 0.217170939 0.491248727
v 0.396286547 0.217330694 0.500059247
v 0.395549685 0.217519403 0.508726835
v 0.395455122 0.22689262 0.518194675
v 0.395838171 0.236200795 0.518823266
v 0.396216244 0.245519698 0.519505978
v 0.396644503 0.254864216 0.520131111
v 0.397167921 0.264219999 0.520794511
v 0.398970902 0.273381054 0.521852136
v 0.403135955 0.281621099 0.523817539
v 0.409080625 0.288418174 0.526716828
v 0.415557325 0.294396639 0.530393004
v 0.422098994 0.300005764 0.534624934
v 0.428124279 0.305490255 0.539722681
v 0.4333556 0.310151458 0.546382189
v 0.435676515 0.31358248 0.555075645
v 0.436406434 0.315596431 0.564458966
v 0.435638815 0.316247255 0.573899388
v 0.43391338 0.316292793 0.583174944
v 0.431426436 0.315501451 0.592240572
v 0.42821151 0.314309984 0.601006031
v 0.424864322 0.312627912 0.609645844
v 0.421282053 0.309912413 0.6179564
v 0.417902559 0.306021422 0.62584424
v 0.41474551 0.300483525 0.63278687
v 0.41225791 0.293273777 0.63831079
v 0.41009292 0.285021871 0.642195582
v 0.408421218 0.275957823 0.643764019
v 0.406950504 0.266767681 0.643639445
v 0.412980795 0.257931083 0.643072367
v 0.420020908 0.258222699 0.643210649
v 0.426775128 0.258545756 0.643453121
v 0.433466196 0.258806318 0.644085884
v 0.439962864 0.259016395 0.645035386
v 0.446394652 0.259232074 0.646399021
v 0.452728391 0.259402484 0.648338556
v 0.458111167 0.267564148 0.65658164
v 0.458959043 0.276894033 0.659487724
v 0.462057799 0.28617844 0.65990746
v 0.467430145 0.294098198 0.657769442
v 0.47411111 0.300112516 0.653840542
v 0.481563658 0.303830981 0.648756504
v 0.489849299 0.305816948 0.644079924
v 0.499342859 0.30634588 0.642621398
v 0.508568287 0.305325806 0.645102859
v 0.516990244 0.303378761 0.649520755
v 0.524583876 0.299968868 0.654611707
v 0.531622231 0.294255465 0.658306479
v 0.537213922 0.286521494 0.66028595
v 0.540695727 0.27738905 0.659750938
v 0.541993618 0.268159628 0.656755447
v 0.547968864 0.259961545 0.648536563
v 0.554291844 0.25998795 0.64643991
v 0.560814738 0.259808898 0.645415068
v 0.567312241 0.259758472 0.644278049
v 0.574124515 0.2595658 0.643771052
v 0.580948114 0.259375155 0.643356442
v 0.58794564 0.259120256 0.643173695
v 0.593582273 0.268131614 0.643680811
v 0.591743231 0.277472734 0.643606186
v 0.589637041 0.286593199 0.641638279
v 0.586965442 0.294749081 0.637347817
v 0.584017098 0.301895499 0.631597042
v 0.580430925 0.307055295 0.624315023
v 0.576686144 0.310887188 0.616286755
v 0.572787285 0.313233137 0.607759714
v 0.569168985 0.315017045 0.598994613
v 0.565825224 0.316208243 0.590012431
v 0.563639164 0.316817284 0.580605984
v 0.562316179 0.316378683 0.57102108
v 0.56266886 0.315167725 0.561239958
v 0.565845728 0.312408596 0.552358747
v 0.571226656 0.308044195 0.545333505
v 0.577355266 0.302797079 0.539717078
v 0.583628953 0.296900451 0.535098672
v 0.589937031 0.290768951 0.530806065
v 0.596140802 0.284254909 0.527128458
v 0.600675702 0.276153088 0.524359226
v 0.602801442 0.266898245 0.522611737
v 0.603474855 0.257355124 0.521489024
v 0.603879988 0.247830451 0.520372987
v 0.604190409 0.238280222 0.519248486
v 0.604509115 0.228777379 0.51795876
v 0.604537606 0.219301298 0.507823586
v 0.603614151 0.219141275 0.499068737
v 0.602773666 0.219015941 0.490233123
v 0.602409422 0.218972832 0.481341958
v 0.602342784 0.218991786 0.472435057
v 0.602453113 0.219053358 0.463518679
v 0.602685452 0.219153941 0.454595804
v 0.603009939 0.219275266 0.445673823
v 0.603421926 0.219421625 0.436749697
v 0.603924751 0.219593734 0.427823067
v 0.604494929 0.219787151 0.418894947
v 0.605140686 0.220002681 0.409963965
v 0.605838418 0.220244318 0.401026607
v 0.606590331 0.220510364 0.392083466
v 0.607383847 0.220799044 0.383134186
v 0.608101964 0.221100911 0.374168932
v 0.608789504 0.221429288 0.365185916
v 0.60950011 0.221795201 0.356189251
v 0.610017836 0.222137034 0.347167253
v 0.61050123 0.222493678 0.338127255
v 0.610891998 0.222869769 0.329057693
v 0.611085057 0.223272368 0.31995368
v 0.611166775 0.223663032 0.310817361
v 0.610931575 0.224076807 0.301664829
v 0.610931516 0.224077985 0.301669657
v 0.611166894 0.22366339 0.310818076
v 0.611085117 0.223272234 0.319957912
v 0.610892057 0.222869843 0.329060316
v 0.61050117 0.222493634 0.338129163
v 0.610017717 0.222137123 0.34716922
v 0.60950017 0.221794963 0.356190085
v 0.608789384 0.221429303 0.365187824
v 0.608101964 0.221100673 0.374170303
v 0.607383907 0.220798835 0.383134902
v 0.606590271 0.220510066 0.392085075
v 0.605838418 0.22024405 0.401027381
v 0.605140686 0.220002428 0.409964681
v 0.604494989 0.219786704 0.4188959
v 0.603924751 0.219593242 0.427823722
v 0.603421926 0.219421104 0.436750233
v 0.603009999 0.219274402 0.445674479
v 0.60268569 0.219152004 0.454596758
v 0.602453232 0.219052404 0.463518977
v 0.602343321 0.218986869 0.47243464
v 0.60240972 0.218969792 0.48134172
v 0.602774262 0.219008341 0.490231633
v 0.603615522 0.219121769 0.499064684
v 0.604539692 0.219270408 0.507817507
v 0.604866207 0.211370051 0.521336675
v 0.6043576 0.203624606 0.526203394
v 0.603820384 0.196138233 0.531313062
v 0.606850564 0.188901573 0.535831451
v 0.613000989 0.182580918 0.533899903
v 0.617894888 0.175710693 0.537010312
v 0.611716628 0.176793754 0.543527365
v 0.605519474 0.178370491 0.549930692
v 0.60072726 0.17953217 0.557541966
v 0.596380889 0.181644693 0.565282226
v 0.592504382 0.185039103 0.572943091
v 0.589602709 0.189753532 0.580625772
v 0.587838411 0.195460871 0.588176727
v 0.587091744 0.201623976 0.595631123
v 0.587061703 0.207939535 0.603080511
v 0.587698817 0.214294881 0.610463381
v 0.58862865 0.220642969 0.617751479
v 0.589704633 0.22693336 0.625061989
v 0.590902388 0.233433515 0.632095456
v 0.592189252 0.240990967 0.637847304
v 0.59359771 0.249687403 0.641402245
v 0.587947726 0.259082049 0.643167734
v 0.58095324 0.259290427 0.643339276
v 0.574127555 0.259520113 0.643759012
v 0.567315459 0.259717852 0.644266605
v 0.560816884 0.259775609 0.6454041
v 0.554295123 0.259945035 0.646424055
v 0.547969759 0.259952605 0.648532629
v 0.540912807 0.250018537 0.649531484
v 0.539333045 0.241207883 0.64603436
v 0.53674823 0.233364284 0.641168356
v 0.53414768 0.225830361 0.635819674
v 0.531643867 0.218360081 0.630482674
v 0.529266655 0.210969597 0.625122905
v 0.526716113 0.204028487 0.61930728
v 0.523576558 0.198567793 0.612360001
v 0.520453215 0.193180457 0.605410695
v 0.517317414 0.18795608 0.598410964
v 0.514164567 0.182801723 0.591419458
v 0.510935903 0.17776075 0.584429502
v 0.507670879 0.17277059 0.57747066
v 0.504323184 0.16777122 0.570591092
v 0.497407585 0.167788312 0.570714593
v 0.49408406 0.17283465 0.577641845
v 0.49078989 0.177830115 0.58463347
v 0.487524748 0.182912901 0.591611028
v 0.484245211 0.187963918 0.598646641
v 0.480956286 0.193026125 0.605709791
v 0.47767508 0.198241055 0.612701774
v 0.474440306 0.203671649 0.619585752
v 0.471898586 0.210773826 0.625197649
v 0.469345003 0.218053743 0.630639911
v 0.466751754 0.225442454 0.635954142
v 0.463976949 0.232934982 0.641171217
v 0.461319029 0.240728885 0.645996928
v 0.459241003 0.24932164 0.649833798
v 0.452726036 0.259358227 0.648319364
v 0.446392953 0.259208679 0.646390319
v 0.439960301 0.258976787 0.645022511
v 0.433461756 0.258733422 0.644064665
v 0.426772177 0.258491158 0.643439054
v 0.420019448 0.258178264 0.643200636
v 0.412980527 0.257901251 0.643067837
v 0.40763244 0.248657361 0.641095638
v 0.409498125 0.240187824 0.637255311
v 0.411202729 0.232950389 0.631252646
v 0.412673861 0.226550728 0.624227047
v 0.41405043 0.220138744 0.617101312
v 0.415217578 0.213660911 0.60994637
v 0.415984631 0.20715566 0.602743506
v 0.415852159 0.200756058 0.59534514
v 0.414506227 0.194787368 0.587774873
v 0.41184634 0.189596698 0.580275655
v 0.40827316 0.185528964 0.572675228
v 0.404723167 0.183236554 0.564534783
v 0.401808083 0.182586595 0.555951953
v 0.398154855 0.182319716 0.54768455
v 0.391014487 0.179676414 0.542831063
v 0.382999033 0.175678208 0.541761041
v 0.381583363 0.180275589 0.534162998
v 0.386992306 0.187425181 0.533009291
v 0.392334104 0.19470048 0.53202045
v 0.395080268 0.202174902 0.527598023
v 0.395058811 0.209750921 0.52254355
v 0.395547569 0.217488244 0.50872314
v 0.396285713 0.217319801 0.500058055
v 0.396962047 0.217160568 0.491247952
v 0.397325724 0.217079282 0.482384861
v 0.397425711 0.21706064 0.473510742
v 0.397356808 0.217082903 0.464614391
v 0.397158682 0.217136145 0.455717504
v 0.396875709 0.217215359 0.44681406
v 0.396514654 0.217319548 0.437907219
v 0.396084964 0.217447251 0.428997755
v 0.395578027 0.21760124 0.420084357
v 0.395012259 0.21777606 0.411164284
v 0.394372702 0.217982218 0.402243495
v 0.393743813 0.21820268 0.393314362
v 0.393085599 0.218460962 0.38437587
v 0.392392099 0.218741834 0.375429153
v 0.391681194 0.219069451 0.366467178
v 0.391020805 0.219408512 0.357490897
v 0.39036122 0.219789267 0.348500967
v 0.389846474 0.220195875 0.339482665
v 0.389493018 0.220589414 0.330435038
v 0.389189869 0.221008807 0.321362495
v 0.38917619 0.221483737 0.312251806
v 0.389276177 0.221941426 0.303102791
v 0.389359951 0.214369074 0.294822037
v 0.389678359 0.206081644 0.295419335
v 0.391578853 0.198298022 0.29599452
v 0.393316984 0.18992275 0.295915663
v 0.397751868 0.183452129 0.296670616
v 0.40266794 0.176693618 0.295662999
v 0.409204453 0.17192027 0.295813262
v 0.416321874 0.167931408 0.295012712
v 0.423925638 0.164776534 0.294719398
v 0.431405455 0.161223918 0.294223547
v 0.439210325 0.15822728 0.293876827
v 0.447030455 0.155162826 0.293501377
v 0.455233097 0.153276116 0.293361723
v 0.463482052 0.151467934 0.293250203
v 0.471743405 0.149457589 0.292999029
v 0.480158865 0.148243666 0.293293417
v 0.488618374 0.147306874 0.292828321
v 0.497096181 0.147199392 0.29289031
v 0.505548418 0.147226691 0.292925954
v 0.514068604 0.147441804 0.292922795
v 0.522489846 0.148478866 0.293009639
v 0.530891061 0.149675548 0.293108523
v 0.539115191 0.151660264 0.293205619
v 0.547341108 0.153483123 0.293290079
v 0.5554865 0.155372694 0.293443978
v 0.563142836 0.158835769 0.293812692
v 0.570684493 0.162310228 0.29406637
v 0.578199565 0.165755093 0.294425011
v 0.585713804 0.169082925 0.294757426
v 0.592615247 0.17316398 0.295137048
v 0.5990237 0.178373307 0.295503318
v 0.60384047 0.184703842 0.295407772
v 0.607170999 0.192422137 0.295402348
v 0.609320819 0.200033426 0.2947402
v 0.609931886 0.208276078 0.294138193
v 0.611159801 0.216364354 0.29347533
v 0.587446749 0.281123608 0.40465194
v 0.54546088 0.30846256 0.3378025
v 0.538404644 0.315945476 0.516011
v 0.466947794 0.316778719 0.545577526
v 0.495034277 0.312017709 0.389893025
v 0.480156302 0.308557272 0.303468704
v 0.453525543 0.313105524 0.486609668
v 0.427789688 0.292732537 0.354255915
v 0.421336859 0.285289645 0.312505305
v 0.414070338 0.280816376 0.334254861
v 0.40274772 0.264460176 0.50169307
v 0.423969418 0.296272635 0.499445111
v 0.396847039 0.239975721 0.51221323
v 0.526967883 0.317001879 0.541360974
v 0.540060222 0.319434434 0.591078877
v 0.548680425 0.318063259 0.564887702
v 0.477342218 0.318374515 0.592391312
v 0.456690907 0.317249417 0.618236184
v 0.452447385 0.293059051 0.65031755
v 0.420250952 0.270294815 0.645205319
v 0.446488321 0.270050049 0.650408745
v 0.555539787 0.308514535 0.634389579
v 0.577869296 0.292851418 0.641509771
v 0.556449592 0.267750889 0.648822308
v 0.581546783 0.283283651 0.311237365
v 0.607621908 0.228947803 0.341370583
v 0.609027505 0.231225073 0.307537198
v 0.600414753 0.255340546 0.320783079
v 0.601040125 0.232752234 0.438511193
v 0.594576538 0.277057797 0.509906709
v 0.601644039 0.227260008 0.484995782
v 0.442152023 0.311844677 0.5342049
v 0.548078358 0.313058555 0.460013092
v 0.448291779 0.314885914 0.547750652
v 0.512920916 0.309273303 0.302324265
v 0.492209166 0.315731257 0.505467951
v 0.440058649 0.300238103 0.324576706
v 0.434427023 0.29547435 0.321510285
v 0.400705159 0.256893575 0.303396165
v 0.429065973 0.29184109 0.338304907
v 0.396122187 0.246597171 0.313420951
v 0.398634046 0.228080019 0.474536419
v 0.413389206 0.290818989 0.523382604
v 0.440695852 0.309957534 0.505424976
v 0.516942024 0.316685855 0.531435728
v 0.504995644 0.310963839 0.62999779
v 0.520563126 0.317945123 0.570224166
v 0.424203068 0.301731467 0.635034204
v 0.510046184 0.314663798 0.617249012
v 0.556723833 0.292508096 0.647730947
v 0.581473172 0.289922625 0.437676042
v 0.547172487 0.309446782 0.362501442
v 0.59819752 0.260072142 0.501514375
v 0.551024258 0.313956529 0.505845666
v 0.493391484 0.310448289 0.342836529
v 0.535148919 0.307703197 0.304433823
v 0.503136754 0.316824436 0.538672626
v 0.456734747 0.309421927 0.364888161
v 0.462408543 0.306933612 0.305377036
v 0.407328069 0.264309496 0.426768243
v 0.406941682 0.264358014 0.48009634
v 0.403889924 0.263320625 0.343051255
v 0.399213791 0.23235856 0.458760917
v 0.411447823 0.278615862 0.497836798
v 0.518826127 0.315839291 0.503140569
v 0.480061233 0.316685885 0.613631964
v 0.504408062 0.316684335 0.601811767
v 0.590078413 0.273548752 0.4235861
v 0.571984649 0.297154009 0.387781024
v 0.564185143 0.299354851 0.343019158
v 0.531404138 0.310224563 0.341226429
v 0.59375596 0.270332992 0.371080488
v 0.602782786 0.234190077 0.395966381
v 0.540827036 0.314839482 0.479585648
v 0.554906547 0.314249337 0.540963531
v 0.504698157 0.309243947 0.303702265
v 0.465586871 0.308953702 0.33205092
v 0.487951458 0.317585528 0.56490016
v 0.434901178 0.301930249 0.405110002
v 0.410523117 0.270627528 0.455172896
v 0.397557586 0.224584356 0.441917002
v 0.42418772 0.295985609 0.466501325
v 0.591144621 0.274820328 0.385680467
v 0.572929323 0.29414764 0.358254731
v 0.596780956 0.262914568 0.356342673
v 0.488275439 0.316586524 0.533031702
v 0.48743248 0.313039273 0.422319233
v 0.526547492 0.314472377 0.45466727
v 0.46994105 0.311820894 0.391646355
v 0.537686467 0.314690351 0.46731478
v 0.563925266 0.29605785 0.305435628
v 0.458470345 0.317350656 0.558028162
v 0.41666171 0.286510199 0.390914887
v 0.434336454 0.303602993 0.436764449
v 0.597203791 0.255541086 0.393253207
v 0.489892155 0.312380701 0.402145088
v 0.49524039 0.311762065 0.381981432
v 0.580853522 0.295175582 0.523708701
v 0.439962178 0.303427845 0.378739506
v 0.415775031 0.284776628 0.359646827
v 0.450638175 0.310079157 0.419854462
v 0.603236735 0.227109194 0.502473056
v 0.601434529 0.226727396 0.464508235
v 0.603333473 0.228202611 0.409795433
v 0.592158914 0.284046292 0.518628061
v 0.583097279 0.287639081 0.405751914
v 0.560391605 0.309393018 0.475593537
v 0.56854564 0.306710631 0.53207022
v 0.569714308 0.300541401 0.41783908
v 0.503083348 0.315132558 0.484612614
v 0.4573116 0.315257728 0.530035496
v 0.477937549 0.309632331 0.332000434
v 0.417326629 0.285062641 0.472648829
v 0.402280152 0.250196636 0.418646604
v 0.43103826 0.291163862 0.303830326
v 0.403111666 0.253649056 0.410999238
v 0.395249903 0.232013702 0.370779425
v 0.424928188 0.299038082 0.520932853
v 0.458897829 0.312595099 0.443934232
v 0.397863656 0.225959256 0.490305603
v 0.554398358 0.31516701 0.549874425
v 0.454478562 0.319345653 0.586860895
v 0.490965366 0.317781508 0.578220427
v 0.464963824 0.312890321 0.631929398
v 0.437396556 0.315197408 0.607185841
v 0.441135079 0.266511917 0.647558272
v 0.560944498 0.313963205 0.617138624
v 0.537793398 0.297781646 0.651270807
v 0.537027895 0.31717512 0.619560778
v 0.605272055 0.228451446 0.378543943
v 0.570634305 0.291056156 0.305699289
v 0.59506911 0.267036557 0.301966578
v 0.601783156 0.252185673 0.301418334
v 0.599273741 0.241506457 0.477343678
v 0.583973706 0.285800576 0.49742493
v 0.577807009 0.288007647 0.324026495
v 0.578572154 0.294523031 0.502523184
v 0.589678407 0.271679342 0.456683904
v 0.506135345 0.31601283 0.511915982
v 0.478957057 0.313963175 0.451284647
v 0.442157179 0.30037716 0.307940781
v 0.400635183 0.246522591 0.490571916
v 0.445099473 0.311952919 0.51254195
v 0.518359959 0.3176817 0.562624335
v 0.502802551 0.317403734 0.558739066
v 0.438415766 0.316451281 0.598640203
v 0.441002697 0.297483385 0.643853068
v 0.544827998 0.283916831 0.654863417
v 0.568249762 0.279396653 0.647635579
v 0.588436007 0.279644817 0.392562032
v 0.604738414 0.241538033 0.325626969
v 0.568486989 0.30340153 0.454745978
v 0.598604321 0.251196712 0.492221594
v 0.521223247 0.312707394 0.400547266
v 0.603124619 0.238604024 0.510319352
v 0.496047497 0.311256051 0.366252899
v 0.503007472 0.316200882 0.518541813
v 0.474083424 0.311107635 0.372557759
v 0.398414791 0.23389791 0.424107105
v 0.408913672 0.279268324 0.505637586
v 0.420833826 0.287288129 0.330931485
v 0.458468139 0.308114141 0.334158152
v 0.397273004 0.243765444 0.353695363
v 0.419834852 0.287806123 0.344330698
v 0.393947691 0.240128234 0.314216554
v 0.40932259 0.272559047 0.490937263
v 0.440657079 0.308961719 0.483174622
v 0.532409847 0.315400988 0.487408072
v 0.514631212 0.317486852 0.598567069
v 0.471443057 0.316063643 0.622127295
v 0.529546082 0.318269908 0.57168752
v 0.515252233 0.317980945 0.583870232
v 0.539889932 0.31905371 0.606782317
v 0.590342343 0.275697261 0.335665524
v 0.602875412 0.226772904 0.423301607
v 0.542877674 0.311877966 0.399601877
v 0.523163617 0.310277641 0.333243638
v 0.591073155 0.275541782 0.376215458
v 0.444212586 0.311037868 0.498114109
v 0.563795626 0.306143939 0.448806107
v 0.439427912 0.307866991 0.469056547
v 0.521966934 0.309477299 0.313595653
v 0.493658155 0.315488845 0.497576952
v 0.465733618 0.314795315 0.490557581
v 0.51226759 0.317720771 0.568111897
v 0.455608517 0.310911745 0.408403128
v 0.46024397 0.307942688 0.326642066
v 0.419668853 0.290836066 0.411027461
v 0.434001267 0.295517683 0.327711523
v 0.405908942 0.268694311 0.329539329
v 0.402147949 0.247369096 0.471402079
v 0.417121679 0.284991056 0.460426688
v 0.471537054 0.317975014 0.610183835
v 0.49506858 0.317572325 0.588907361
v 0.558821142 0.303626955 0.354120284
v 0.552870333 0.30622071 0.349719226
v 0.563936234 0.301064581 0.36499241
v 0.540404439 0.309826523 0.350396991
v 0.54189992 0.307297677 0.313658059
v 0.588046372 0.279905379 0.355685413
v 0.596680582 0.252376109 0.428462088
v 0.52162075 0.315040916 0.475611985
v 0.463336825 0.310919672 0.379280686
v 0.51843226 0.314669907 0.4648678
v 0.547368944 0.315206319 0.52406317
v 0.539871514 0.316341072 0.532847762
v 0.410231203 0.274443001 0.388825476
v 0.415017813 0.281790316 0.431049764
v 0.425864071 0.297603697 0.432596624
v 0.424369991 0.296541065 0.486651987
v 0.60010469 0.246814281 0.384593815
v 0.573019385 0.295205832 0.370576888
v 0.599746346 0.244018629 0.408698112
v 0.593637228 0.263835907 0.417734891
v 0.481775314 0.316685408 0.537191331
v 0.527405322 0.312597632 0.396340668
v 0.479319483 0.312694311 0.413681328
v 0.533955634 0.313896537 0.437261403
v 0.511611998 0.312940061 0.412613302
v 0.488410592 0.310544282 0.348307669
v 0.554862142 0.312378794 0.493358552
v 0.553253233 0.304116189 0.319597125
v 0.479895353 0.317650884 0.564187109
v 0.439442158 0.303820074 0.393110633
v 0.40729472 0.270594627 0.344504058
v 0.476118207 0.311945021 0.393809557
v 0.534342587 0.310747743 0.356309623
v 0.574862719 0.299453855 0.504857302
v 0.439329386 0.305952698 0.43113336
v 0.454152942 0.311571568 0.438183993
v 0.593486667 0.26073119 0.45994404
v 0.49212271 0.314537227 0.468063056
v 0.501337111 0.309894621 0.323472947
v 0.401312858 0.244554952 0.437341809
v 0.405749559 0.262954473 0.398231208
v 0.415433526 0.284632891 0.382787168
v 0.403412014 0.259131342 0.376334846
v 0.403360069 0.259982169 0.368192166
v 0.398572803 0.249456823 0.343846321
v 0.478234738 0.314711452 0.475373477
v 0.469539493 0.318737596 0.582627714
v 0.592113018 0.265746504 0.478638738
v 0.595651984 0.266913325 0.499539971
v 0.57342273 0.291065216 0.3285954
v 0.595105648 0.256223172 0.443117917
v 0.573231816 0.298963517 0.435575098
v 0.509704649 0.312260866 0.392103046
v 0.494276404 0.31502369 0.482919931
v 0.469218433 0.310423285 0.35794124
v 0.535503387 0.311064333 0.364103407
v 0.556433797 0.308349371 0.415968448
v 0.514347017 0.309527278 0.310202509
v 0.549269855 0.312032431 0.437021047
v 0.437671632 0.306133121 0.450154096
v 0.475540847 0.310828477 0.364413291
v 0.451124698 0.309002936 0.386238605
v 0.580385208 0.291798234 0.454135597
v 0.549821079 0.309384644 0.379999578
v 0.520915747 0.311104894 0.353955686
v 0.578685343 0.294301063 0.481395692
v 0.585417092 0.282003343 0.466079772
v 0.411174357 0.275322527 0.406959176
v 0.40305829 0.26098597 0.348857909
v 0.518411279 0.31140992 0.362239987
v 0.570985436 0.300066859 0.425064981
v 0.561867595 0.303538084 0.383416057
v 0.56820339 0.304565996 0.475439757
v 0.493233472 0.309191555 0.305195093
v 0.571399212 0.298729688 0.409907997
v 0.444677025 0.317171246 0.564374685
v 0.419113159 0.288452297 0.466531962
v 0.397764415 0.23247382 0.416342199
v 0.393918812 0.24138324 0.307585508
v 0.405448914 0.258547574 0.46630013
v 0.442322761 0.317453206 0.571962476
v 0.428420454 0.271995574 0.646361589
v 0.432392418 0.277864248 0.647821903
v 0.55065614 0.296813786 0.646874845
v 0.535549819 0.31207338 0.633572698
v 0.602447867 0.240391195 0.374103725
v 0.56386137 0.297676057 0.320908874
v 0.600426257 0.233378083 0.461249262
v 0.468809873 0.314191997 0.464426488
v 0.415703535 0.281289488 0.31807217
v 0.433134705 0.295581758 0.642717898
v 0.416227669 0.280875891 0.644246697
v 0.523777723 0.31323263 0.628682017
v 0.583902895 0.280259103 0.305798978
v 0.589815497 0.27425465 0.315019071
v 0.537933409 0.312682658 0.406875461
v 0.460526973 0.316169798 0.541817129
v 0.503830135 0.310993373 0.355374306
v 0.570669115 0.294317812 0.642403722
v 0.583886087 0.282357901 0.324962646
v 0.561277866 0.305582702 0.409750193
v 0.580623865 0.289816946 0.385456651
v 0.574652433 0.297988832 0.450038403
v 0.400992602 0.257127047 0.321232945
v 0.531327009 0.315984875 0.506172359
v 0.596169412 0.261201501 0.381022751
v 0.598760247 0.244379595 0.430263788
v 0.49194321 0.31401211 0.451776028
v 0.444705665 0.304005265 0.335116208
v 0.401652128 0.245140567 0.444815457
v 0.436344922 0.307478219 0.498341382
v 0.47404772 0.316443264 0.533367097
v 0.418771714 0.288828939 0.375995249
v 0.590641201 0.26878038 0.470626771
v 0.455898255 0.308377415 0.34707725
v 0.411817074 0.275385588 0.429634392
v 0.395607889 0.223491386 0.406126678
v 0.409545183 0.274577439 0.358125776
v 0.534409463 0.317033648 0.54418242
v 0.602676511 0.241916925 0.361260474
v 0.457203746 0.31854108 0.61087054
v 0.449050605 0.298793256 0.645305991
v 0.552528203 0.281688452 0.65217042
v 0.576314926 0.293991059 0.390556782
v 0.556414485 0.310531169 0.462776214
v 0.53701508 0.31368494 0.430345237
v 0.399803966 0.237840787 0.48267889
v 0.560350358 0.305676848 0.401352018
v 0.500843585 0.314600676 0.468309313
v 0.447553009 0.307176322 0.370131999
v 0.532223284 0.316574663 0.529233873
v 0.427780449 0.299685746 0.448650658
v 0.518606544 0.31428498 0.452395737
v 0.570833266 0.303218544 0.499773234
v 0.42856738 0.296169668 0.381866753
v 0.442877233 0.308313042 0.443543226
v 0.412202448 0.279330581 0.365119815
v 0.594519496 0.259549409 0.429535717
v 0.558606386 0.307774246 0.424068034
v 0.6006639 0.239124432 0.493157417
v 0.600306511 0.267149627 0.513799965
v 0.555543482 0.307483643 0.385728747
v 0.398691773 0.245238781 0.371509731
v 0.393551797 0.234099999 0.334223092
v 0.454930246 0.318607509 0.572173774
v 0.482960314 0.318001747 0.5810287
v 0.4551422 0.285266727 0.654441535
v 0.447607934 0.282881618 0.65207088
v 0.558940351 0.31671229 0.601525247
v 0.586307228 0.280808479 0.448691249
v 0.397636235 0.228376925 0.42898345
v 0.471580178 0.313845873 0.45202145
v 0.480813086 0.316156477 0.520977557
v 0.432488024 0.304024041 0.635474801
v 0.547285497 0.274977595 0.653855383
v 0.453115195 0.314342469 0.523079991
v 0.488018364 0.311259776 0.369578987
v 0.432905525 0.296005696 0.347569168
v 0.533330977 0.316776246 0.53672713
v 0.439962626 0.311926067 0.626395285
v 0.529831886 0.3191365 0.598676264
v 0.57050693 0.298561275 0.394064933
v 0.597447634 0.252441525 0.485135794
v 0.471298575 0.308923513 0.321586013
v 0.438084304 0.300568342 0.351509631
v 0.421145231 0.292659789 0.507400692
v 0.517840743 0.316065311 0.510929227
v 0.591081798 0.268530816 0.445110351
v 0.532741308 0.309203595 0.3221111
v 0.602954924 0.245711118 0.33072409
v 0.482156783 0.313241512 0.428846449
v 0.482862771 0.309380472 0.321133494
v 0.581671298 0.287489623 0.363488466
v 0.573368132 0.292744219 0.345311016
v 0.488581091 0.317086518 0.548577964
v 0.532830298 0.312309772 0.389843643
v 0.551313043 0.311639249 0.445254773
v 0.56267935 0.299235642 0.328310132
v 0.454823643 0.310282469 0.394527853
v 0.466337621 0.311997861 0.402541339
v 0.591418147 0.273424953 0.393104702
v 0.593934655 0.264031559 0.409705997
v 0.484438211 0.311511815 0.378256053
v 0.424066514 0.29439494 0.400556505
v 0.549909592 0.312850356 0.468426913
v 0.539142072 0.314265132 0.457919121
v 0.412193596 0.275004417 0.476634443
v 0.408487588 0.268828899 0.411311001
v 0.485433012 0.314373553 0.463805467
v 0.60248667 0.245310396 0.343031228
v 0.592025459 0.27295813 0.328841329
v 0.604992449 0.242018029 0.319032609
v 0.600938857 0.230231434 0.469762832
v 0.576206863 0.297740459 0.497597605
v 0.398442149 0.235329807 0.49622786
v 0.50554651 0.317717731 0.574487031
v 0.598580182 0.259191185 0.340779722
v 0.601432621 0.249322012 0.506119967
v 0.474704564 0.311613292 0.38567704
v 0.394129694 0.234467208 0.342425823
v 0.60214746 0.232116401 0.41640681
v 0.527448714 0.311276585 0.361194164
v 0.505188167 0.310442388 0.338045895
v 0.449819833 0.312958837 0.505194187
v 0.445423275 0.309696376 0.452486485
v 0.558960974 0.312304854 0.524287045
v 0.530634403 0.31306237 0.411105365
v 0.50044477 0.313576907 0.436628103
v 0.561594307 0.309341639 0.488304287
v 0.554109395 0.303193361 0.313306183
v 0.598335266 0.244322225 0.444649845
v 0.40287751 0.253976017 0.403359443
v 0.594766617 0.257190228 0.466620386
v 0.485583246 0.314885139 0.479789555
v 0.467087418 0.310976058 0.372554451
v 0.538755119 0.313287169 0.42171371
v 0.581196249 0.290076107 0.413370609
v 0.44524169 0.293005019 0.647879601
v 0.449082226 0.304408908 0.309251219
v 0.43059957 0.303001702 0.480034083
v 0.403212488 0.256259501 0.394265711
v 0.57337904 0.299785674 0.466298759
v 0.46866703 0.310067981 0.349205703
v 0.406306446 0.267828256 0.358834863
v 0.393665075 0.228548139 0.358072817
v 0.397341967 0.24925147 0.306232721
v 0.43764028 0.30665189 0.461579025
v 0.474436402 0.307428896 0.642744184
v 0.563074231 0.311233044 0.62533021
v 0.541901886 0.314490974 0.626843095
v 0.600771427 0.255387872 0.308559209
v 0.596835613 0.250397056 0.467187554
v 0.397223443 0.230013147 0.502164662
v 0.450324535 0.318625987 0.599680662
v 0.598470986 0.265453339 0.507279396
v 0.474437296 0.315699399 0.509327173
v 0.495153189 0.316110313 0.516985953
v 0.417759091 0.281603605 0.306400925
v 0.513080776 0.316101968 0.610538125
v 0.510520935 0.312377959 0.626276612
v 0.564427376 0.306489617 0.633450925
v 0.581255853 0.286519021 0.338437676
v 0.518585443 0.310809255 0.345636189
v 0.585905969 0.280886412 0.485690624
v 0.513526201 0.317882657 0.575948954
v 0.47804302 0.308776289 0.310028106
v 0.413042814 0.277234644 0.444036722
v 0.399735957 0.25363338 0.336885065
v 0.517576456 0.316426724 0.522904813
v 0.495545715 0.31650275 0.529400527
v 0.516161263 0.31553793 0.493997186
v 0.524500966 0.314856559 0.468529403
v 0.528952777 0.308822751 0.308413953
v 0.496049523 0.316732675 0.536660731
v 0.433566183 0.302474439 0.425551087
v 0.418797135 0.287775487 0.479783326
v 0.597756028 0.252668619 0.399767101
v 0.512833416 0.313206077 0.42043376
v 0.542558372 0.314940065 0.493849933
v 0.488306016 0.312094718 0.393949598
v 0.501658916 0.312222749 0.394103974
v 0.580146909 0.29158327 0.425973088
v 0.467169881 0.31642127 0.53777796
v 0.422013253 0.293326348 0.492662042
v 0.398925126 0.246660829 0.503118575
v 0.406584263 0.272318572 0.50087744
v 0.444083065 0.31580019 0.612991035
v 0.529744983 0.309635282 0.638239741
v 0.578073621 0.285536796 0.305264622
v 0.604827821 0.244370893 0.30088976
v 0.58320415 0.286302179 0.4801898
v 0.510751903 0.315669268 0.499813259
v 0.461262107 0.31272909 0.436333656
v 0.400327802 0.253354102 0.500208199
v 0.436950743 0.30934149 0.528656423
v 0.456206143 0.308055252 0.638775349
v 0.582868278 0.281937271 0.644179583
v 0.478137136 0.314967841 0.483585358
v 0.509485722 0.316448241 0.525254369
v 0.530804336 0.315625787 0.494549036
v 0.505235374 0.31725201 0.59553802
v 0.598506987 0.246648967 0.421986312
v 0.545668185 0.312395811 0.428209335
v 0.500962019 0.309599042 0.314974695
v 0.464638799 0.315045446 0.502217054
v 0.560723841 0.30811888 0.454672247
v 0.521250844 0.309176892 0.305539012
v 0.450459868 0.309469163 0.402715266
v 0.452711552 0.306793958 0.328039914
v 0.427989483 0.296737403 0.394544661
v 0.413767785 0.278190911 0.457018465
v 0.422323465 0.293380022 0.443567812
v 0.599404156 0.247952789 0.392694145
v 0.466525674 0.31723839 0.55411166
v 0.52456522 0.312354207 0.389218628
v 0.563790262 0.308768421 0.502007663
v 0.552571416 0.305903435 0.341780096
v 0.402938038 0.259737104 0.360229611
v 0.497104079 0.310104042 0.330899864
v 0.519545138 0.309924662 0.322221667
v 0.447733939 0.311029434 0.467412651
v 0.503368855 0.311238915 0.363220513
v 0.535345912 0.312512785 0.398152947
v 0.569062173 0.303241462 0.463134766
v 0.397157282 0.23755613 0.38258341
v 0.408173174 0.265496522 0.466530472
v 0.463712156 0.307951093 0.318871677
v 0.59441787 0.269308239 0.316550165
v 0.444098413 0.31709075 0.603832126
v 0.602366209 0.225801975 0.493648559
v 0.576360404 0.277363718 0.645884812
v 0.399465054 0.23669827 0.436288923
v 0.599214733 0.254886448 0.353677243
v 0.542482734 0.312492728 0.414110959
v 0.596650004 0.250617594 0.454073519
v 0.596443057 0.278220147 0.516616046
v 0.405906737 0.260976821 0.420682579
v 0.391870677 0.229697734 0.32187742
v 0.398071051 0.224216759 0.461764276
v 0.418587655 0.294144541 0.522956669
v 0.398733437 0.229821965 0.482252359
v 0.553557217 0.314275652 0.533670664
v 0.464100331 0.318879932 0.579491377
v 0.5554775 0.316257179 0.558620095
v 0.439768702 0.273909062 0.64903456
v 0.558638811 0.317615479 0.584323168
v 0.548906982 0.266505212 0.650561869
v 0.599479496 0.259892493 0.301816642
v 0.434623063 0.308711529 0.536918402
v 0.575330913 0.300955415 0.528788388
v 0.411226362 0.274360567 0.315184087
v 0.428554773 0.290318757 0.325510472
v 0.42471683 0.294422925 0.641358435
v 0.517925382 0.315955043 0.61625433
v 0.549564481 0.290408432 0.65072155
v 0.569254458 0.312530428 0.615563095
v 0.543909848 0.297454178 0.648619592
v 0.607698977 0.230906978 0.330066442
v 0.400032133 0.241657197 0.420171231
v 0.4201051 0.288627803 0.351944178
v 0.4249219 0.298142135 0.51271826
v 0.5482831 0.316941172 0.556789696
v 0.502089739 0.314871967 0.614137411
v 0.528020501 0.318651557 0.584167898
v 0.492291689 0.314329863 0.618067205
v 0.587523937 0.281264096 0.386805028
v 0.590825915 0.269818127 0.485168576
v 0.485837519 0.315559447 0.501028597
v 0.409898072 0.269687146 0.442838818
v 0.416687667 0.285702616 0.407970637
v 0.400752187 0.240558982 0.469189554
v 0.473222703 0.318774492 0.598808706
v 0.586232543 0.283039451 0.412882328
v 0.591337085 0.274867088 0.344605267
v 0.597913682 0.254101723 0.386796862
v 0.575136721 0.297773004 0.459292382
v 0.530807137 0.314757735 0.462330729
v 0.403145522 0.250760585 0.441859454
v 0.576237381 0.292447358 0.36411497
v 0.597176254 0.259138435 0.372342795
v 0.591838479 0.269865423 0.413351566
v 0.474466473 0.312862277 0.420152396
v 0.475851297 0.31033352 0.351388484
v 0.548164845 0.30583483 0.316415966
v 0.49459359 0.312253237 0.397192955
v 0.494374275 0.313065678 0.42216441
v 0.42090866 0.291188359 0.3848598
v 0.554169536 0.312359214 0.485828191
v 0.567489862 0.308523744 0.538904607
v 0.486212343 0.317360371 0.556903541
v 0.544811845 0.316971898 0.618368685
v 0.604414165 0.228283748 0.391512573
v 0.579839647 0.29421109 0.516694427
v 0.497987121 0.317663848 0.572491407
v 0.560128093 0.280379117 0.64972651
v 0.577419877 0.293898851 0.407448441
v 0.599155486 0.245059863 0.486379892
v 0.422014445 0.286860824 0.320973963
v 0.408735693 0.273414493 0.336440474
v 0.49816972 0.317092776 0.597028971
v 0.541225731 0.318363756 0.568263531
v 0.533188581 0.31837216 0.612033308
v 0.50080055 0.310566127 0.343761027
v 0.486760587 0.310269803 0.341802031
v 0.496322304 0.314765781 0.474515438
v 0.438130319 0.299627632 0.337094098
v 0.399917573 0.254856169 0.312343597
v 0.564393282 0.299729317 0.350687057
v 0.566249073 0.302196771 0.40536505
v 0.595185459 0.258207738 0.422479808
v 0.582230985 0.288165063 0.488819093
v 0.418587536 0.288058758 0.433060199
v 0.421085835 0.291706502 0.473844409
v 0.601539195 0.240583137 0.389906317
v 0.482808381 0.312466532 0.406260669
v 0.556329131 0.301413298 0.305245072
v 0.448711723 0.309159845 0.411670208
v 0.496871084 0.31438145 0.462429404
v 0.400216937 0.24114278 0.42898339
v 0.400926709 0.252766311 0.370466143
v 0.411746025 0.278184444 0.380651742
v 0.462374717 0.319423616 0.585296512
v 0.503338397 0.311504871 0.371426255
v 0.498488337 0.315311462 0.491229266
v 0.535851717 0.311797142 0.380956411
v 0.4590168 0.310658395 0.386867791
v 0.583117306 0.287194073 0.448719054
v 0.54787159 0.309613883 0.371257067
v 0.552443922 0.313778639 0.512949109
v 0.402988225 0.261676908 0.329240203
v 0.482495487 0.309092671 0.314227968
v 0.403867483 0.253109068 0.460099101
v 0.433854789 0.265976936 0.646211267
v 0.531656682 0.314846754 0.626167655
v 0.560636282 0.299146831 0.312545449
v 0.592197776 0.270777434 0.309050888
v 0.554541051 0.308897048 0.407995135
v 0.426043898 0.29819876 0.474893302
v 0.421972394 0.290566355 0.360815734
v 0.547943473 0.315959692 0.54457289
v 0.455743581 0.309836328 0.378840238
v 0.565548956 0.303756237 0.425007582
v 0.473913819 0.314137906 0.458826691
v 0.428249538 0.306920081 0.629240572
v 0.432426393 0.305980325 0.514980733
v 0.435245782 0.313593626 0.61509186
v 0.597759128 0.24946551 0.479217321
v 0.49466458 0.317371517 0.558126092
v 0.470544726 0.312326103 0.407375515
v 0.511130333 0.310393482 0.333847433
v 0.595448256 0.257887185 0.480056882
v 0.48494786 0.314619303 0.47156778
v 0.574855626 0.298448771 0.473202318
v 0.408818036 0.272631288 0.368831068
v 0.597649157 0.261103362 0.348760366
v 0.393428534 0.235614792 0.326197386
v 0.489610583 0.317484826 0.594815254
v 0.509321034 0.316687137 0.533024371
v 0.50399065 0.3101919 0.331130594
v 0.442725837 0.311435461 0.518311501
v 0.447838485 0.313992739 0.539551675
v 0.441871315 0.305711627 0.40172717
v 0.555189431 0.306824118 0.374070942
v 0.600439429 0.236441001 0.485004604
v 0.600457788 0.245656997 0.498933673
v 0.603586078 0.225337341 0.415789127
v 0.586365104 0.291640341 0.525458992
v 0.541595936 0.306218982 0.300735176
v 0.498395175 0.309087217 0.299829751
v 0.563729942 0.30310145 0.394326985
v 0.448956013 0.316564173 0.556470275
v 0.525790036 0.315320045 0.482613444
v 0.420852035 0.291389018 0.459572107
v 0.443114609 0.305727094 0.386014998
v 0.396205425 0.224347636 0.414126217
v 0.394384235 0.226849809 0.376845628
v 0.395149648 0.235810056 0.35390982
v 0.393447846 0.224827752 0.369854033
v 0.392454743 0.228291422 0.339194745
v 0.391738623 0.228002876 0.327805996
v 0.398213089 0.226493955 0.454221338
v 0.43242842 0.303418398 0.45636332
v 0.452688456 0.318077654 0.564823151
v 0.488097757 0.317802995 0.586481631
v 0.471644282 0.311144739 0.634719849
v 0.427051216 0.264825284 0.645101607
v 0.452884316 0.265667856 0.651029885
v 0.558790863 0.317364067 0.592778325
v 0.441051245 0.312299907 0.543790042
v 0.507335544 0.315405846 0.492260158
v 0.447130531 0.302933216 0.302229434
v 0.487797976 0.316342175 0.52542001
v 0.530109882 0.31699124 0.618717909
v 0.563790798 0.314747661 0.609191775
v 0.5763098 0.265649974 0.644849241
v 0.585483849 0.279883206 0.31702736
v 0.564555049 0.307336569 0.481323212
v 0.525623083 0.312884718 0.404581338
v 0.602237701 0.237103283 0.502279401
v 0.480648398 0.311168969 0.370589554
v 0.401101619 0.255662709 0.352089703
v 0.426952243 0.291305661 0.345184803
v 0.391050875 0.228160784 0.315096617
v 0.534446359 0.317729622 0.559308112
v 0.437321097 0.290130049 0.646902919
v 0.538411856 0.319427371 0.598493397
v 0.460174978 0.315055579 0.516554713
v 0.446909428 0.311359793 0.484911084
v 0.456542313 0.311381876 0.414868593
v 0.465442836 0.307712734 0.311088115
v 0.405728161 0.260275751 0.474049449
v 0.420102209 0.293214381 0.51618284
v 0.531839132 0.316372603 0.521308064
v 0.543884575 0.315104157 0.504648983
v 0.593016922 0.263148069 0.440324366
v 0.565350175 0.299557805 0.358028114
v 0.546679497 0.30860272 0.345441192
v 0.600631475 0.236253381 0.431340396
v 0.474642992 0.31591481 0.5164783
v 0.522916079 0.314593136 0.46036613
v 0.402481079 0.255384713 0.385109067
v 0.406196326 0.260072261 0.460925698
v 0.593855262 0.268939018 0.37935403
v 0.569352567 0.294953734 0.340055078
v 0.592145205 0.269960225 0.406257361
v 0.526727617 0.312161982 0.3833597
v 0.446741015 0.307785839 0.394007027
v 0.505748987 0.31301567 0.417361319
v 0.489029109 0.311819017 0.385655373
v 0.603654265 0.231834516 0.509745896
v 0.601618469 0.236073792 0.409588993
v 0.588124573 0.277922302 0.428462714
v 0.465358466 0.313783854 0.456869364
v 0.498535186 0.315936506 0.510910809
v 0.414035439 0.281094104 0.40288648
v 0.396977812 0.238641202 0.374011993
v 0.477242261 0.314437717 0.466867656
v 0.398790896 0.233154565 0.489359885
v 0.483532518 0.317838937 0.572383642
v 0.469106883 0.319164813 0.591217339
v 0.47598958 0.313381702 0.628431916
v 0.449074239 0.315727323 0.619758904
v 0.523059785 0.306876451 0.643286586
v 0.601117492 0.245971084 0.368108749
v 0.590009511 0.274857432 0.32248199
v 0.574645877 0.288734883 0.311847836
v 0.595710218 0.253839761 0.460090369
v 0.48557964 0.313843369 0.447254539
v 0.4656699 0.313524097 0.448259771
v 0.440175682 0.299734682 0.316173524
v 0.52632159 0.317834288 0.563313484
v 0.598446488 0.262629062 0.31836918
v 0.606398821 0.239855662 0.307514578
v 0.602809727 0.245086208 0.512616515
v 0.50802052 0.314745605 0.471153736
v 0.510100126 0.311456919 0.366433144
v 0.511603415 0.316196024 0.516667366
v 0.415665567 0.288512588 0.51277566
v 0.405712008 0.263764352 0.487442166
v 0.445165366 0.310493171 0.476454079
v 0.463284045 0.315544307 0.624138594
v 0.520478487 0.318155557 0.578956544
v 0.53326726 0.319191337 0.59123832
v 0.594972432 0.269345403 0.332501739
v 0.602327824 0.227289334 0.432447582
v 0.523195684 0.311642736 0.368563503
v 0.553347886 0.311295688 0.453764468
v 0.451091647 0.310993761 0.445833057
v 0.53690362 0.315355033 0.492298692
v 0.528378129 0.308497906 0.301167518
v 0.457257926 0.306632698 0.312256902
v 0.446985006 0.304329574 0.321191281
v 0.570277512 0.29537037 0.351748765
v 0.538859725 0.309609175 0.342611969
v 0.590705752 0.271062315 0.430771172
v 0.447576106 0.307474434 0.377652109
v 0.525221467 0.314240843 0.447431982
v 0.507660389 0.314489245 0.463106573
v 0.540007651 0.316072077 0.524657965
v 0.558054209 0.311669677 0.507811427
v 0.415157199 0.281899422 0.438810021
v 0.421993732 0.292974174 0.451812416
v 0.600947201 0.241519362 0.396919698
v 0.576066315 0.29341954 0.377861023
v 0.59274745 0.265605897 0.425350428
v 0.473884404 0.312166542 0.400890857
v 0.45897451 0.311247766 0.402287275
v 0.517949581 0.313735127 0.434913516
v 0.435296893 0.300584316 0.385739714
v 0.428324193 0.297795892 0.405974388
v 0.424180061 0.293188214 0.377758473
v 0.417574883 0.287917495 0.399385244
v 0.405517817 0.261331618 0.40696913
v 0.469189316 0.314806312 0.484304816
v 0.578379333 0.293768138 0.433256179
v 0.408507019 0.268176764 0.419481725
v 0.560105443 0.311360329 0.51629746
v 0.401349187 0.257126749 0.343604803
v 0.551645517 0.309563786 0.399217665
v 0.518702388 0.312139452 0.383860439
v 0.547347128 0.301987499 0.643774748
v 0.596785784 0.250371665 0.4469603
v 0.415800095 0.28216359 0.325876236
v 0.536248922 0.313120544 0.414440542
v 0.56436038 0.288287699 0.64725709
v 0.579171419 0.290169924 0.370269507
v 0.485916346 0.314101964 0.455254406
v 0.399305254 0.233832523 0.45010221
v 0.474366605 0.316754699 0.541607141
v 0.417257249 0.286830276 0.367590368
v 0.591090739 0.267405152 0.461709023
v 0.588302374 0.274945229 0.46351105
v 0.456109107 0.308752477 0.353358865
v 0.396061778 0.229852319 0.393797994
v 0.601418018 0.246877208 0.355967253
v 0.600123227 0.250353992 0.362254024
v 0.569254994 0.304900438 0.507780135
v 0.563067615 0.304886043 0.417588025
v 0.400723249 0.251037419 0.377594501
v 0.584313035 0.285290867 0.442401618
v 0.40240401 0.260640144 0.315515339
v 0.51954627 0.316952467 0.539612055
v 0.452304006 0.313763499 0.513581276
v 0.495101988 0.311489999 0.373762339
v 0.483097315 0.310926288 0.362366706
v 0.525364041 0.318622679 0.591888249
v 0.533638656 0.318910748 0.604440987
v 0.48484233 0.309762567 0.329251736
v 0.557902098 0.30903551 0.44730559
v 0.551894724 0.305620551 0.332781047
v 0.463254124 0.312018901 0.409478575
v 0.596126378 0.260345519 0.388179809
v 0.533339977 0.314385742 0.450002044
v 0.409287333 0.270264626 0.482502729
v 0.595753372 0.267921895 0.324705809
v 0.602570355 0.24780114 0.322949082
v 0.578503609 0.28931123 0.343575716
v 0.39586693 0.241722405 0.339450389
v 0.510449588 0.310680628 0.342683017
v 0.561570704 0.311489046 0.535566926
v 0.517657816 0.312875628 0.407156318
v 0.532238185 0.313307285 0.418664873
v 0.599392056 0.240859509 0.437516689
v 0.598496854 0.24381043 0.46837312
v 0.460683554 0.314160496 0.484963626
v 0.47061798 0.314504236 0.47214067
v 0.440126806 0.309166849 0.490488321
v 0.436986327 0.307054967 0.478053212
v 0.462431192 0.309271872 0.345288008
v 0.597895503 0.263957262 0.310005188
v 0.476851732 0.309013098 0.317923337
v 0.4080832 0.269150943 0.394512355
v 0.482170582 0.311776578 0.386772722
v 0.582642019 0.288409859 0.431856483
v 0.416529775 0.286820829 0.504739046
v 0.405482918 0.266359657 0.495139539
v 0.608129025 0.236342773 0.300637215
v 0.580664933 0.29122138 0.473507762
v 0.512024045 0.315924525 0.507762134
v 0.438418686 0.309031427 0.513217807
v 0.600280344 0.240430132 0.416096866
v 0.553794205 0.310092449 0.430469275
v 0.551539779 0.310660899 0.422249705
v 0.518589556 0.312482178 0.394478112
v 0.510489583 0.311235279 0.359433502
v 0.408993304 0.268271059 0.475022435
v 0.455080509 0.306817681 0.320770919
v 0.597596586 0.247099712 0.460728526
v 0.457587749 0.319048941 0.578654826
v 0.574810565 0.300385892 0.520502329
v 0.54143846 0.291671604 0.653455615
v 0.544546723 0.319378465 0.587150335
v 0.562666655 0.311915815 0.545002639
v 0.417958081 0.286540836 0.492174804
v 0.498074532 0.310319453 0.337368608
v 0.558698714 0.303027302 0.346447468
v 0.579544723 0.292804301 0.444636852
v 0.424125195 0.292618394 0.369462371
v 0.569359183 0.297203362 0.364366472
v 0.392481059 0.193858236 0.307570398
v 0.413625538 0.149218023 0.452132165
v 0.457084268 0.146184906 0.344486892
v 0.395317167 0.197217092 0.441083044
v 0.393820703 0.180190861 0.516397655
v 0.42299971 0.17912817 0.574126601
v 0.483740687 0.170904815 0.574298501
v 0.468244284 0.18002826 0.584737301
v 0.43791014 0.179418012 0.57817471
v 0.443931609 0.206733987 0.609532237
v 0.419460177 0.236491218 0.634315729
v 0.396171838 0.196551993 0.465314835
v 0.396319181 0.207071468 0.486544698
v 0.590477526 0.156046808 0.403383732
v 0.496504694 0.137887821 0.402475238
v 0.604850948 0.202161998 0.440664887
v 0.465730071 0.132574767 0.466398805
v 0.603367329 0.161230773 0.498285472
v 0.539651394 0.13121058 0.515165865
v 0.593926132 0.161747023 0.542871296
v 0.543681443 0.170182616 0.572152793
v 0.544469595 0.195558459 0.600857139
v 0.57525599 0.233774096 0.632966876
v 0.583249509 0.252784669 0.641866744
v 0.546944261 0.247408584 0.643551528
v 0.603499949 0.207424596 0.46481657
v 0.60362947 0.213150293 0.494400054
v 0.605544508 0.197841033 0.516064107
v 0.608679354 0.206986129 0.359103054
v 0.591114283 0.159768105 0.354857177
v 0.6071769 0.205694884 0.311531633
v 0.41790998 0.162288487 0.319474638
v 0.417077154 0.141739473 0.47292766
v 0.413003653 0.151906386 0.395951629
v 0.396237552 0.179387912 0.449333578
v 0.408346772 0.152734071 0.531220853
v 0.445664644 0.154308155 0.552861571
v 0.444649816 0.171357483 0.571100473
v 0.458889127 0.230932951 0.635693669
v 0.431818068 0.224195927 0.625010312
v 0.397954941 0.170206323 0.470849246
v 0.394358248 0.198777333 0.516733289
v 0.437651306 0.143010944 0.392424494
v 0.503248394 0.142401114 0.343660831
v 0.60554862 0.189673841 0.412686199
v 0.431602716 0.136949793 0.444756895
v 0.601841986 0.176599145 0.431788981
v 0.491297901 0.146172091 0.541192412
v 0.512984216 0.158847764 0.558759928
v 0.560813308 0.144860357 0.541166961
v 0.552063227 0.152140975 0.550819457
v 0.559934378 0.181213751 0.580818176
v 0.565153122 0.199765339 0.599510252
v 0.569338322 0.208264068 0.607476592
v 0.599892259 0.168879017 0.451449633
v 0.603533387 0.212395623 0.451512724
v 0.584571004 0.165062577 0.310047477
v 0.598876894 0.18316929 0.391468376
v 0.577966332 0.152164325 0.367293864
v 0.580257177 0.160774365 0.326931477
v 0.603184938 0.181161121 0.30221948
v 0.41172117 0.158428952 0.354131788
v 0.425683856 0.150051102 0.36867699
v 0.401046216 0.174709409 0.309227884
v 0.39323312 0.179902881 0.502437234
v 0.424312085 0.137568682 0.45400396
v 0.459690154 0.140909731 0.384243309
v 0.401023418 0.175976738 0.414717555
v 0.409699917 0.154530004 0.455645353
v 0.405641526 0.173468903 0.550895035
v 0.404854715 0.147005051 0.497422755
v 0.458866328 0.168056548 0.569904983
v 0.41141209 0.176068217 0.56453675
v 0.397664338 0.160904512 0.493240088
v 0.394291401 0.185937405 0.530002296
v 0.462012351 0.13554135 0.433405817
v 0.420612186 0.141360372 0.437702954
v 0.487340689 0.139788166 0.376707315
v 0.475235432 0.145253524 0.320283413
v 0.435687453 0.132605687 0.473841339
v 0.521424651 0.137252584 0.526989162
v 0.487136573 0.157033682 0.556110382
v 0.464152306 0.133712515 0.452662885
v 0.559275031 0.155538708 0.553104281
v 0.537577152 0.159330711 0.560049474
v 0.605080247 0.193478957 0.441528857
v 0.589767277 0.162186489 0.334742248
v 0.571511686 0.160675511 0.305191219
v 0.403093547 0.167155579 0.338984072
v 0.435695291 0.150123924 0.347968429
v 0.404598176 0.163550109 0.368232816
v 0.47647655 0.141948149 0.356154352
v 0.455323219 0.13846077 0.409427553
v 0.413683683 0.150213599 0.418590426
v 0.403234631 0.169126406 0.432135642
v 0.39361167 0.204533502 0.413912296
v 0.418728709 0.145124912 0.533246219
v 0.452887774 0.136243463 0.430398464
v 0.481113702 0.136473835 0.420380235
v 0.460516721 0.149353936 0.314598382
v 0.532898605 0.139505103 0.533617556
v 0.480781823 0.132543832 0.473264545
v 0.519446194 0.132101327 0.481929153
v 0.444606692 0.133340523 0.460085213
v 0.588343501 0.175836846 0.565100789
v 0.600419939 0.164657131 0.472293854
v 0.593018115 0.145069972 0.517999828
v 0.581380546 0.142142966 0.448862255
v 0.603486419 0.179784998 0.469241142
v 0.601568282 0.177541897 0.348903149
v 0.444278359 0.154723585 0.30216077
v 0.472619444 0.139252469 0.388905764
v 0.438063532 0.15167065 0.333314776
v 0.590049863 0.15515919 0.386549115
v 0.473675758 0.131595522 0.505252004
v 0.507042587 0.133105859 0.512143195
v 0.516874611 0.178426325 0.584948897
v 0.589842677 0.147319958 0.480684191
v 0.594692051 0.149093419 0.491949975
v 0.609675705 0.170664966 0.531068087
v 0.602327764 0.191765368 0.335646898
v 0.598653674 0.185046762 0.368831307
v 0.544927001 0.151046783 0.306219935
v 0.558701396 0.141686767 0.390827775
v 0.450743616 0.131172881 0.478645742
v 0.524992466 0.144437119 0.32774806
v 0.584499538 0.150499359 0.391941369
v 0.579926431 0.143695384 0.426514953
v 0.547365725 0.149336115 0.320561588
v 0.571845889 0.146357462 0.386843354
v 0.562537372 0.144657508 0.376332402
v 0.553994775 0.145450711 0.356249809
v 0.526708782 0.140502721 0.371681154
v 0.554157555 0.142501265 0.378640175
v 0.533256114 0.135953367 0.42563042
v 0.539653718 0.13894321 0.397027284
v 0.565666795 0.137917846 0.429155678
v 0.39336434 0.208644718 0.310298443
v 0.395521134 0.20525147 0.325205386
v 0.412403911 0.16809994 0.303061545
v 0.390912265 0.206988171 0.366733134
v 0.3966932 0.179543525 0.307803929
v 0.408593982 0.165526748 0.413602352
v 0.49418506 0.145285413 0.309783489
v 0.387963116 0.170510441 0.531284094
v 0.392876267 0.174600035 0.540877283
v 0.432104081 0.191801623 0.590147674
v 0.462296814 0.188916475 0.594631195
v 0.465610325 0.200056791 0.609200358
v 0.446903229 0.189406216 0.591345727
v 0.429770797 0.218890935 0.618728757
v 0.436336726 0.247349024 0.641009748
v 0.396564215 0.178156063 0.461318523
v 0.395287246 0.206072316 0.501022935
v 0.511877239 0.145685121 0.303928494
v 0.497946113 0.140974209 0.362735689
v 0.537046313 0.132915512 0.461655021
v 0.58726877 0.150125489 0.435831845
v 0.604981005 0.171665624 0.544131219
v 0.571902514 0.131337285 0.514719069
v 0.574192882 0.171594188 0.566506624
v 0.576082647 0.192924082 0.589155853
v 0.540951788 0.200595796 0.607883096
v 0.540738821 0.21195358 0.620984197
v 0.561406374 0.249171257 0.64178735
v 0.560178578 0.225253001 0.628976762
v 0.603731155 0.183212414 0.529734313
v 0.566296101 0.150661707 0.345671445
v 0.599519014 0.172472253 0.358804613
v 0.597196758 0.174000725 0.302167833
v 0.608571112 0.208373562 0.384164363
v 0.594235241 0.164435655 0.340647906
v 0.432388067 0.156029522 0.320700973
v 0.441000015 0.129866794 0.516921878
v 0.401805937 0.181414902 0.358055025
v 0.422368258 0.134880394 0.491091341
v 0.425837815 0.133645207 0.520458579
v 0.456337184 0.159206733 0.559645474
v 0.464728504 0.212860212 0.624156594
v 0.530790925 0.148637056 0.301686019
v 0.465469688 0.13871567 0.532481074
v 0.455306977 0.140072495 0.39565447
v 0.599238992 0.151623115 0.520884097
v 0.499221057 0.13729921 0.410289466
v 0.499482393 0.136619017 0.524190843
v 0.558654964 0.128276765 0.508319974
v 0.566265345 0.148986846 0.544310987
v 0.573064625 0.221813232 0.620849252
v 0.552338779 0.216389477 0.621513247
v 0.599036276 0.155186012 0.492432833
v 0.607221961 0.183028266 0.501874804
v 0.416425496 0.159982145 0.334201634
v 0.453959733 0.142233774 0.379524708
v 0.393808931 0.19401589 0.425504029
v 0.432270288 0.162767738 0.558897018
v 0.39321956 0.171794161 0.501949131
v 0.451751292 0.172170341 0.573643565
v 0.419015616 0.224515259 0.622764885
v 0.399770528 0.165325418 0.464407653
v 0.398444146 0.165968686 0.478942275
v 0.464146018 0.142117426 0.368403614
v 0.466950059 0.171228871 0.573868155
v 0.510201335 0.150106117 0.546938956
v 0.504082203 0.132281318 0.484310687
v 0.553595841 0.146489069 0.544340193
v 0.560066223 0.166355729 0.564652145
v 0.534680367 0.131348312 0.484589905
v 0.603962362 0.192559987 0.476959795
v 0.60871172 0.213398963 0.37759918
v 0.607743025 0.193809584 0.308510482
v 0.405951738 0.168020934 0.390101612
v 0.396739364 0.179016948 0.469047427
v 0.469410926 0.140854344 0.375021964
v 0.460559279 0.13639687 0.425388843
v 0.405198663 0.144347578 0.510060072
v 0.415931582 0.136317283 0.503464162
v 0.396886945 0.154034838 0.526800156
v 0.449526072 0.158882007 0.558577538
v 0.421446621 0.148740143 0.539307415
v 0.450510383 0.204946652 0.609597504
v 0.39304176 0.176013619 0.509550631
v 0.440409929 0.138990924 0.419281632
v 0.525815606 0.138608068 0.392992109
v 0.42550233 0.141637117 0.420591384
v 0.526433825 0.141866878 0.357384861
v 0.510420561 0.13397631 0.454720527
v 0.452784777 0.134595826 0.445799232
v 0.579547703 0.185034022 0.579479516
v 0.583034992 0.153414801 0.541724801
v 0.547271132 0.132971853 0.45886308
v 0.600729465 0.189464584 0.376641929
v 0.396022111 0.180922315 0.326738596
v 0.442330629 0.148065999 0.350184232
v 0.411991209 0.154541984 0.382311314
v 0.395279557 0.208661199 0.428859681
v 0.490335345 0.134665668 0.445117682
v 0.496190578 0.132405087 0.505882204
v 0.481206834 0.131909341 0.485899657
v 0.498874158 0.132518485 0.478859782
v 0.458117217 0.131172121 0.480244309
v 0.595786393 0.160919368 0.458436847
v 0.586590886 0.142812848 0.485005856
v 0.598349988 0.168797731 0.442132562
v 0.598086059 0.182761982 0.380266339
v 0.453951925 0.149450183 0.324307263
v 0.522429943 0.134248331 0.519607782
v 0.579958439 0.138593748 0.473731279
v 0.600692689 0.154137358 0.500697792
v 0.586685598 0.13883023 0.499179393
v 0.605402648 0.174681395 0.517468095
v 0.607609868 0.20249863 0.36750263
v 0.502419591 0.144237652 0.321702123
v 0.580062926 0.139941543 0.462452948
v 0.456647485 0.129951462 0.49630186
v 0.546931088 0.175640494 0.57773453
v 0.562811971 0.146211639 0.366405755
v 0.574687541 0.143478781 0.410209149
v 0.50118345 0.13936542 0.382919848
v 0.503252149 0.136070788 0.426350117
v 0.532629669 0.140387207 0.377943158
v 0.562039316 0.139306471 0.414216459
v 0.518517435 0.136339635 0.421167403
v 0.399526894 0.18473278 0.344924986
v 0.401677191 0.185515895 0.37668559
v 0.509448946 0.144349545 0.316467494
v 0.510095894 0.138874456 0.387786925
v 0.483161032 0.140365973 0.369854897
v 0.560559392 0.130840808 0.483486652
v 0.509868085 0.133425355 0.462713987
v 0.556338966 0.13094905 0.520465672
v 0.569027007 0.131472796 0.485954493
v 0.431900382 0.139261052 0.532930791
v 0.440667957 0.12915273 0.500197232
v 0.425134659 0.142982721 0.411470652
v 0.479206979 0.156421527 0.555508971
v 0.450858325 0.140531927 0.537605882
v 0.513938487 0.13542977 0.433856547
v 0.574494004 0.136839032 0.526892722
v 0.578960061 0.156503975 0.547966123
v 0.537290275 0.130573988 0.502276003
v 0.411870241 0.156601787 0.365139365
v 0.443548232 0.14278622 0.387228638
v 0.439096302 0.136598065 0.438262552
v 0.51312238 0.137848526 0.400986552
v 0.543770432 0.147653848 0.329234272
v 0.519376159 0.134592831 0.444356561
v 0.57451731 0.140280202 0.432136327
v 0.399604738 0.173854768 0.347644389
v 0.433902234 0.147620991 0.367204368
v 0.444643199 0.128527448 0.506188095
v 0.548224628 0.1430922 0.368656427
v 0.568178952 0.137418702 0.437951922
v 0.550887585 0.146865442 0.342265964
v 0.519013822 0.142820045 0.339009047
v 0.5223822 0.133453026 0.459233016
v 0.566909194 0.134731114 0.45746848
v 0.554785073 0.134251893 0.448981851
v 0.393310338 0.206508353 0.338065952
v 0.390393913 0.207701534 0.351536006
v 0.398300797 0.180692226 0.409493774
v 0.392188728 0.207053587 0.389393985
v 0.393755168 0.212247461 0.403936416
v 0.432508975 0.200928017 0.600027323
v 0.522371829 0.158587903 0.558663964
v 0.513007939 0.169571608 0.573040128
v 0.526985228 0.186134592 0.59406364
v 0.52814424 0.192088604 0.601731002
v 0.573524952 0.152495891 0.355772287
v 0.604816377 0.202495694 0.323288053
v 0.605363727 0.204273954 0.343864977
v 0.480347812 0.132450819 0.510553598
v 0.395950824 0.187142298 0.454194248
v 0.451513112 0.133988068 0.527142584
v 0.442944646 0.232657224 0.634532154
v 0.45964852 0.1319886 0.518095791
v 0.604547203 0.157920882 0.532818258
v 0.565126717 0.131453902 0.520135939
v 0.55950439 0.220187426 0.623523474
v 0.602506816 0.175510645 0.44779098
v 0.60578239 0.189347729 0.496762097
v 0.59332478 0.166288584 0.324521333
v 0.398211479 0.174634218 0.436405569
v 0.434039265 0.168598488 0.565634012
v 0.39440009 0.198370233 0.503875554
v 0.55758059 0.196798921 0.598438025
v 0.561227918 0.207472757 0.609054029
v 0.605048299 0.183949307 0.327418327
v 0.39837575 0.186067969 0.389199793
v 0.394952863 0.168636352 0.494491607
v 0.533803701 0.136673585 0.41767019
v 0.451920807 0.153058827 0.300467759
v 0.518925607 0.149267793 0.546209335
v 0.538685858 0.133940056 0.448983967
v 0.60427773 0.20116882 0.45298034
v 0.579827607 0.157959655 0.341036081
v 0.462408394 0.144366637 0.351035833
v 0.604252398 0.187555283 0.457664102
v 0.550502241 0.129697934 0.494894624
v 0.604396641 0.1615749 0.515292048
v 0.531740308 0.17708759 0.581801832
v 0.500303447 0.135193571 0.438500315
v 0.551932573 0.136854723 0.423824519
v 0.393255889 0.192949787 0.403961539
v 0.460930526 0.197358683 0.604333162
v 0.542705119 0.131780505 0.4736256
v 0.576678514 0.139965504 0.441169113
v 0.437671006 0.131146431 0.483138025
v 0.402979225 0.166741446 0.361045897
v 0.414886028 0.138987988 0.521267653
v 0.393718928 0.196567416 0.371195734
v 0.487373024 0.133664235 0.458701849
v 0.454480767 0.145821542 0.350906193
v 0.53502965 0.1317956 0.477356404
v 0.604239583 0.188785627 0.481829375
v 0.451420307 0.139796734 0.401616991
v 0.464242995 0.146628499 0.329375178
v 0.488995254 0.136230156 0.424040079
v 0.435586929 0.129133746 0.507073641
v 0.540372968 0.137368396 0.412800759
v 0.51827085 0.138700649 0.389887244
v 0.541888416 0.139563784 0.535356879
v 0.46590662 0.142675638 0.53878355
v 0.468653172 0.135936648 0.526114523
v 0.390904784 0.214195505 0.316028297
v 0.395078093 0.21047686 0.507626176
v 0.555361748 0.13528192 0.440081775
v 0.585105002 0.145023674 0.529717684
v 0.608655691 0.216432869 0.305793017
v 0.446544528 0.151281983 0.321889341
v 0.396730274 0.209013313 0.465328962
v 0.396059453 0.197092593 0.47407949
v 0.578370512 0.199133024 0.59521544
v 0.584233165 0.237268463 0.634736359
v 0.41246587 0.147738785 0.469994873
v 0.394822925 0.189350829 0.43893525
v 0.398683637 0.170719743 0.449432701
v 0.422987103 0.13898401 0.446180165
v 0.473266035 0.134413198 0.445555747
v 0.603322327 0.208074212 0.478826284
v 0.606641531 0.191134572 0.505418718
v 0.582009137 0.155730605 0.356611937
v 0.56705606 0.156515539 0.31539607
v 0.416310132 0.144673273 0.457664371
v 0.410936862 0.155787423 0.439374089
v 0.406129837 0.159916878 0.453792483
v 0.422940701 0.132734299 0.512607694
v 0.494162142 0.153996766 0.552015662
v 0.515356183 0.132940367 0.469103247
v 0.54674381 0.15981473 0.559991777
v 0.574509621 0.157087386 0.333162218
v 0.397342592 0.177352577 0.313806802
v 0.477625638 0.143045321 0.341186523
v 0.471122235 0.137226015 0.412293702
v 0.468215078 0.135739729 0.429735363
v 0.593222916 0.163303599 0.397562951
v 0.569126844 0.166036189 0.562057137
v 0.590720296 0.157267734 0.445403099
v 0.527008176 0.143689618 0.338380963
v 0.606447816 0.184370801 0.509886205
v 0.555407941 0.151158646 0.320773125
v 0.584745228 0.148438796 0.409169674
v 0.583307981 0.15124169 0.382961571
v 0.410672188 0.154944837 0.410831034
v 0.494453251 0.143921629 0.325565428
v 0.396877706 0.164169356 0.528017759
v 0.437464356 0.220337421 0.622362077
v 0.577980399 0.240889102 0.637225866
v 0.552776635 0.22738336 0.631552219
v 0.602074802 0.1701819 0.530005693
v 0.601458013 0.194148719 0.354834884
v 0.430649012 0.154366851 0.333853543
v 0.572071612 0.130634353 0.500408828
v 0.576425731 0.164201468 0.557614625
v 0.567395508 0.229472026 0.631189585
v 0.391519815 0.203352153 0.358404577
v 0.403629512 0.159685701 0.465805531
v 0.605843902 0.192219749 0.420164168
v 0.574634194 0.187508255 0.583685517
v 0.421478868 0.155872494 0.345016956
v 0.411174595 0.162017107 0.547689021
v 0.395706296 0.19371061 0.524228275
v 0.439360678 0.140104339 0.412163168
v 0.512370765 0.140802473 0.362685144
v 0.491505563 0.143151224 0.334629089
v 0.498628378 0.142041266 0.349180251
v 0.484141678 0.131814942 0.492578834
v 0.609337449 0.216564819 0.318731219
v 0.588372648 0.150624901 0.458310843
v 0.606704175 0.172409371 0.509109497
v 0.55454272 0.140246034 0.397378564
v 0.519932926 0.135743037 0.428822607
v 0.516455472 0.142120823 0.346374691
v 0.590090454 0.165704027 0.55120182
v 0.543695509 0.129963025 0.507189214
v 0.43936336 0.144910485 0.376607329
v 0.456500441 0.130247831 0.511421204
v 0.508210123 0.138550207 0.528443277
v 0.523032308 0.136803001 0.414807737
v 0.603922069 0.199288353 0.465252101
v 0.481577933 0.135333568 0.435043424
v 0.406158119 0.170331627 0.306581229
v 0.391429305 0.209448636 0.374733359
v 0.403352708 0.17484501 0.406755954
v 0.395736665 0.20504041 0.441502422
v 0.400019556 0.17012383 0.539857984
v 0.475306302 0.187524483 0.59569478
v 0.427188158 0.183291093 0.57980293
v 0.455349922 0.208956987 0.615976691
v 0.424810916 0.222769931 0.621718526
v 0.582431197 0.189980254 0.583927572
v 0.580759943 0.17606838 0.569088638
v 0.534523666 0.189826041 0.597069263
v 0.582766414 0.230765134 0.6286605
v 0.551492751 0.241383955 0.63959825
v 0.591139972 0.168904901 0.306094468
v 0.604729056 0.204287589 0.335933059
v 0.420277476 0.164833769 0.302157283
v 0.424395472 0.199661583 0.596756041
v 0.429823041 0.252143294 0.64191097
v 0.443360031 0.247436196 0.641625822
v 0.455808491 0.137371927 0.418585718
v 0.461272508 0.151699305 0.550857961
v 0.579085827 0.215693459 0.612695932
v 0.60532093 0.206389531 0.503967404
v 0.40255639 0.156790242 0.478187293
v 0.475507498 0.169553965 0.572162271
v 0.504004657 0.132340133 0.505373836
v 0.545281708 0.147325099 0.546081841
v 0.543004811 0.178816214 0.582165897
v 0.566747129 0.170924962 0.56795609
v 0.604046404 0.210852891 0.444125265
v 0.605685234 0.184790865 0.319474787
v 0.468992651 0.142859131 0.355275244
v 0.451291382 0.228945106 0.632731557
v 0.396024346 0.17838636 0.483185202
v 0.396671653 0.177186906 0.527269006
v 0.415062994 0.148504302 0.436429769
v 0.595396876 0.164352655 0.360919267
v 0.450100124 0.147855863 0.341349691
v 0.393709689 0.199273527 0.419571221
v 0.588690758 0.154935196 0.378092796
v 0.443342865 0.132357046 0.468670785
v 0.491537035 0.133153349 0.466990411
v 0.535267293 0.169675052 0.572441518
v 0.578671515 0.133710638 0.504085064
v 0.601912141 0.176100656 0.329367727
v 0.514662266 0.133504108 0.51513356
v 0.560599506 0.147983238 0.351134896
v 0.55553031 0.143655255 0.371399581
v 0.541278005 0.141549081 0.374849677
v 0.417023212 0.164380014 0.31065172
v 0.39613533 0.18276082 0.417773187
v 0.432385027 0.214033499 0.614122093
v 0.582041383 0.144034624 0.434509188
v 0.570860565 0.196543291 0.594433725
v 0.539348841 0.223878458 0.631696403
v 0.452184945 0.130554646 0.484456658
v 0.600162685 0.153230667 0.507381618
v 0.585103035 0.136777475 0.510846794
v 0.399155945 0.1753411 0.428440124
v 0.428181469 0.167825043 0.563398898
v 0.47898978 0.174333617 0.578576386
v 0.604194343 0.195657149 0.484167546
v 0.606328011 0.206359953 0.316490769
v 0.408464134 0.142637938 0.519686401
v 0.530556023 0.139402747 0.38661617
v 0.488819122 0.144512311 0.315444916
v 0.554105222 0.130148202 0.488607109
v 0.404325664 0.164425448 0.353304356
v 0.419444233 0.150171906 0.380738556
v 0.4534311 0.151161104 0.311850458
v 0.596719444 0.146809697 0.504311919
v 0.541200101 0.144061193 0.353804737
v 0.397757858 0.194279954 0.337039441
v 0.403793156 0.175980106 0.399459749
v 0.454138964 0.154344544 0.554087639
v 0.530243397 0.145538345 0.326402932
v 0.558522344 0.13364701 0.456616759
v 0.441608608 0.146214813 0.364161342
v 0.475800276 0.135231838 0.522604465
v 0.391450405 0.167171419 0.539130151
v 0.402516097 0.18362473 0.370764375
v 0.606612861 0.192143306 0.316606909
v 0.530719042 0.146105573 0.543023586
v 0.536045849 0.134600356 0.441364467
v 0.404068321 0.170581624 0.314105392
v 0.474001288 0.138707578 0.530588508
v 0.605521202 0.196915582 0.434747249
v 0.435620219 0.188669965 0.587601602
v 0.395273656 0.16370289 0.502101779
v 0.539109647 0.144785792 0.345467329
v 0.416670024 0.147557646 0.409397304
v 0.487871438 0.132308155 0.506969571
v 0.390470922 0.21706152 0.300423205
v 0.391084254 0.202237874 0.304101139
v 0.392219841 0.202144891 0.395559758
v 0.492478222 0.146032169 0.301241368
v 0.40680939 0.164269507 0.540079951
v 0.491919786 0.163641676 0.564860284
v 0.437747121 0.204956502 0.605755091
v 0.426664948 0.233172834 0.632825911
v 0.586009502 0.148296148 0.428753793
v 0.522742987 0.163195789 0.564593077
v 0.515930831 0.17425938 0.579307139
v 0.539546549 0.217556447 0.626421094
v 0.555197835 0.253436297 0.644043207
v 0.570070088 0.251808643 0.642003417
v 0.604902565 0.177530184 0.533330023
v 0.564077973 0.157557815 0.302391917
v 0.59714967 0.175536707 0.371165574
v 0.395812511 0.199917004 0.448450655
v 0.606912851 0.200909644 0.41145879
v 0.470698744 0.157457501 0.557136059
v 0.500415564 0.138373032 0.395963371
v 0.515295923 0.13603498 0.523483038
v 0.604231477 0.18387948 0.450266749
v 0.59510237 0.152276024 0.48428005
v 0.594614148 0.16478911 0.382996708
v 0.435713381 0.144636974 0.383888245
v 0.398854047 0.153921336 0.505385995
v 0.444353759 0.175838694 0.57590276
v 0.43972978 0.241163984 0.638729393
v 0.601303697 0.177741289 0.423774719
v 0.434727609 0.135336742 0.452377439
v 0.416911513 0.145366117 0.444588631
v 0.541734517 0.155530632 0.555527091
v 0.528052092 0.154217362 0.553299069
v 0.566935956 0.223616168 0.624999702
v 0.558193684 0.202290207 0.604275763
v 0.595858693 0.172143236 0.419098884
v 0.586426079 0.16367285 0.320030749
v 0.428066254 0.152861968 0.34779945
v 0.39571318 0.190046981 0.478049159
v 0.418025106 0.144676924 0.423916191
v 0.408903241 0.141781271 0.501857519
v 0.426461935 0.143822953 0.536289871
v 0.397430271 0.161247954 0.5208233
v 0.393733025 0.191205665 0.507010221
v 0.443553239 0.137030452 0.430907577
v 0.422829241 0.137100875 0.468745202
v 0.454878658 0.135271534 0.43864131
v 0.551802695 0.152673617 0.303826869
v 0.423108786 0.145605788 0.398479819
v 0.419129014 0.144936889 0.416792959
v 0.40650925 0.166598007 0.425556004
v 0.417122096 0.140375465 0.481515318
v 0.595392585 0.163006395 0.449634522
v 0.599682689 0.165554047 0.46384275
v 0.604537249 0.19323428 0.451799572
v 0.467091501 0.139231622 0.393365175
v 0.53448987 0.143528327 0.349820673
v 0.604782045 0.186083689 0.523310244
v 0.551788509 0.151446655 0.312298566
v 0.590418339 0.155273944 0.39492783
v 0.585695863 0.150018141 0.401423603
v 0.558546245 0.148717105 0.342403203
v 0.550532758 0.140619561 0.390372276
v 0.456643254 0.193376705 0.598510981
v 0.424668342 0.214708 0.612977564
v 0.490544856 0.141238034 0.357894748
v 0.610453427 0.167180181 0.538267314
v 0.570545554 0.154849187 0.549460471
v 0.604534566 0.213359505 0.502237916
v 0.545737028 0.145535856 0.347285181
v 0.603782713 0.196640074 0.366792351
v 0.399317741 0.192341849 0.350108206
v 0.411243618 0.139005423 0.509502649
v 0.429977477 0.130779311 0.513886034
v 0.542472601 0.14953436 0.313584
v 0.534748495 0.130842581 0.496185243
v 0.391921669 0.201562747 0.374299973
v 0.395242631 0.203224584 0.434775025
v 0.395529032 0.182464465 0.432157099
v 0.461485565 0.178821564 0.582571626
v 0.461674154 0.141552523 0.376407832
v 0.605921507 0.204209268 0.424072176
v 0.550594032 0.18786487 0.590379059
v 0.530312598 0.131137341 0.501669943
v 0.608183086 0.205000058 0.376211822
v 0.609143794 0.214356571 0.369073212
v 0.447231531 0.141307652 0.394110769
v 0.406677186 0.160379365 0.380765885
v 0.464726627 0.136998951 0.417628467
v 0.423767954 0.14003408 0.530310452
v 0.457307905 0.21389319 0.622258902
v 0.517123222 0.139258996 0.382271856
v 0.52560389 0.141097203 0.364085466
v 0.48933661 0.137907952 0.402024955
v 0.498040468 0.135622352 0.432766229
v 0.457051337 0.133765221 0.452435166
v 0.446782351 0.135388434 0.441461504
v 0.467095047 0.146969303 0.321547061
v 0.469332159 0.135062099 0.437595189
v 0.492142379 0.13208881 0.501001298
v 0.597730517 0.168059394 0.547020614
v 0.593390465 0.152953625 0.474858373
v 0.588015914 0.147393644 0.472564936
v 0.57611078 0.134490773 0.487459779
v 0.607060552 0.208989859 0.338029921
v 0.527345538 0.131851882 0.48134324
v 0.530526996 0.133988768 0.52101779
v 0.591346562 0.15824838 0.412255704
v 0.577572465 0.143259138 0.41852358
v 0.504965663 0.137762859 0.403535247
v 0.545467496 0.138829753 0.401655108
v 0.483057559 0.141004875 0.361510873
v 0.43127504 0.131325617 0.489351153
v 0.485305101 0.152918279 0.5506953
v 0.45266372 0.141359597 0.387943178
v 0.538905561 0.148027375 0.320236832
v 0.516675472 0.133302242 0.463161349
v 0.518858671 0.134059682 0.451777667
v 0.433827192 0.156866163 0.552932739
v 0.563250542 0.134933904 0.450242132
v 0.396622449 0.186063915 0.398051083
v 0.391213149 0.162342116 0.532175839
v 0.523623526 0.176419213 0.581787825
v 0.433271587 0.229539096 0.631140172
v 0.453058571 0.130521551 0.516937196
v 0.602161169 0.163764924 0.539511323
v 0.556023479 0.211356923 0.614856541
v 0.436879367 0.173710972 0.571785688
v 0.55873549 0.18899332 0.589598119
v 0.605170786 0.190392271 0.403072655
v 0.520149946 0.137498379 0.4057585
v 0.45958972 0.138847679 0.40272674
v 0.530196667 0.146358952 0.318590581
v 0.412094861 0.146511838 0.529726088
v 0.535394251 0.1323829 0.469077647
v 0.454258442 0.147725031 0.336712837
v 0.546751976 0.137165084 0.417785257
v 0.553850591 0.136658788 0.531558812
v 0.469695598 0.150266171 0.548277915
v 0.396548063 0.205812082 0.472997993
v 0.605700552 0.203741148 0.511428416
v 0.572488427 0.157523856 0.325224966
v 0.50634557 0.132583976 0.477230012
v 0.572164714 0.15448904 0.341358274
v 0.59107697 0.156380251 0.453475654
v 0.549419522 0.134525523 0.443848699
v 0.553864241 0.221882939 0.626740456
v 0.60646981 0.164556324 0.530047834
v 0.452098757 0.219779611 0.626168668
v 0.505533636 0.140505165 0.366960466
v 0.557061553 0.139484674 0.406067401
v 0.521263421 0.141799554 0.35234192
v 0.526370585 0.136196852 0.422571331
v 0.424148232 0.161892071 0.308281362
v 0.426391333 0.240465164 0.637214482
v 0.447142482 0.240927681 0.639144242
v 0.596757472 0.167995453 0.332140058
v 0.43907398 0.19255285 0.592678726
v 0.390922278 0.215622813 0.307731718
v 0.391582757 0.210566863 0.302201986
v 0.390570343 0.212258086 0.359978676
v 0.401361167 0.175775692 0.303478569
v 0.392147243 0.211864784 0.382727623
v 0.483653247 0.146341607 0.300237626
v 0.469199836 0.187993377 0.594933212
v 0.421394467 0.195358053 0.591323018
v 0.458030164 0.202791303 0.609837115
v 0.396206588 0.211046666 0.494322389
v 0.555831611 0.136374548 0.431073546
v 0.589061141 0.154511049 0.429017365
v 0.600658357 0.173968047 0.550714672
v 0.588080347 0.152431503 0.536511719
v 0.508045733 0.162831143 0.563979805
v 0.585588574 0.245500192 0.639438808
v 0.551548481 0.234329402 0.635706306
v 0.603826642 0.203481615 0.485262215
v 0.605240643 0.212513641 0.422675133
v 0.607801735 0.211333305 0.391800493
v 0.606551886 0.199618727 0.314787149
v 0.608524561 0.197165623 0.301747382
v 0.609809339 0.216176271 0.326517999
v 0.609577596 0.218334571 0.298391938
v 0.394586623 0.20669736 0.421500146
v 0.389452726 0.179252386 0.530901849
v 0.467639357 0.20698306 0.619615853
v 0.456074595 0.246747255 0.644985497
v 0.60385406 0.184532359 0.476192474
v 0.595871627 0.156546891 0.535454392
v 0.578054011 0.148274764 0.389029831
v 0.429346651 0.150062576 0.361039191
v 0.404511869 0.156777978 0.471674323
v 0.395113528 0.199188843 0.495690882
v 0.472432882 0.132367983 0.471950144
v 0.410156608 0.158992663 0.417286903
v 0.471565813 0.141257927 0.368781805
v 0.604421973 0.185368925 0.419862032
v 0.518644392 0.142697021 0.5366503
v 0.485853672 0.134280577 0.449712962
v 0.526008248 0.149826959 0.547424912
v 0.544133842 0.132445455 0.465464473
v 0.606021523 0.185471699 0.31028077
v 0.602734864 0.178067297 0.314593285
v 0.399985075 0.15967384 0.485524267
v 0.453552663 0.199573115 0.604589581
v 0.393897295 0.189479709 0.515836716
v 0.511101663 0.142470017 0.340328366
v 0.601958513 0.183102757 0.40835765
v 0.592746913 0.162702084 0.405554146
v 0.495749027 0.159019753 0.558745861
v 0.551475167 0.167313457 0.567661643
v 0.60262078 0.163610563 0.491505206
v 0.415764987 0.151048332 0.388245493
v 0.49038741 0.14065358 0.365540504
v 0.492603332 0.139399797 0.382500947
v 0.408322394 0.161882564 0.433153033
v 0.49322167 0.134193793 0.452036619
v 0.433434725 0.152055487 0.340685248
v 0.582083106 0.152467608 0.373582661
v 0.491857976 0.136910096 0.525023818
v 0.460981876 0.133044705 0.459716499
v 0.603922665 0.188101053 0.4702591
v 0.538425148 0.150445834 0.300959975
v 0.438664079 0.152877733 0.324599922
v 0.471812993 0.139957651 0.3821491
v 0.593071342 0.160923198 0.389074981
v 0.464103371 0.131892383 0.474103451
v 0.536488891 0.19443424 0.602137089
v 0.599694014 0.159320593 0.484518945
v 0.580423117 0.136649802 0.491336137
v 0.603814542 0.168716297 0.522981048
v 0.605567217 0.196947783 0.374350935
v 0.51571399 0.145078331 0.310115188
v 0.440892816 0.129968867 0.491886616
v 0.566545367 0.143510938 0.392489582
v 0.56494236 0.144172817 0.384537309
v 0.558570385 0.142704144 0.383063436
v 0.508831263 0.139388278 0.381218821
v 0.497566551 0.134737387 0.444808811
v 0.427236825 0.161902159 0.301060647
v 0.411118627 0.165668234 0.316914707
v 0.393308878 0.188052103 0.302392542
v 0.395549089 0.192744106 0.447639465
v 0.467262328 0.175816685 0.579452038
v 0.593412817 0.162944555 0.441234797
v 0.563337147 0.194281191 0.594073355
v 0.420276016 0.15992859 0.326506674
v 0.447658092 0.12905024 0.498422652
v 0.407503724 0.160721749 0.361437947
v 0.40928188 0.156208202 0.390610963
v 0.51171571 0.135986447 0.426592827
v 0.584275484 0.137747645 0.519087315
v 0.554055452 0.206320986 0.609840393
v 0.394538075 0.201392293 0.427295387
v 0.442382663 0.215230986 0.618396938
v 0.4004893 0.162133157 0.471651763
v 0.484080225 0.133053109 0.466564626
v 0.542716444 0.189433753 0.594390512
v 0.561528027 0.16126506 0.558791935
v 0.550529122 0.193253219 0.596317887
v 0.604857028 0.188908502 0.488596618
v 0.606598675 0.188478291 0.301883996
v 0.606808603 0.210818127 0.321468741
v 0.395681322 0.188333765 0.326567233
v 0.394426614 0.184888855 0.31077525
v 0.47838226 0.139924347 0.377580583
v 0.395851791 0.183869094 0.522996366
v 0.425324053 0.140593261 0.429272473
v 0.523751736 0.14272739 0.344846964
v 0.485735059 0.14245306 0.341911733
v 0.440054715 0.135434657 0.44639805
v 0.599867761 0.151360914 0.529318392
v 0.417541146 0.153240845 0.368374884
v 0.501615882 0.132051483 0.492456853
v 0.466477931 0.130769476 0.502779007
v 0.5164271 0.131887823 0.48924759
v 0.590611815 0.152327925 0.466320783
v 0.605640471 0.168207645 0.497074664
v 0.583722174 0.144206807 0.45639804
v 0.571518302 0.149975806 0.364684522
v 0.572382092 0.140590057 0.423785716
v 0.483676165 0.138914257 0.38880077
v 0.496606618 0.136390597 0.42252627
v 0.510836303 0.143727913 0.324113816
v 0.504684389 0.13992019 0.37479201
v 0.459741414 0.141447902 0.538325548
v 0.548326015 0.130247131 0.516150475
v 0.447104812 0.14390327 0.374709964
v 0.580904305 0.147989213 0.536669135
v 0.481055021 0.131919637 0.50395292
v 0.40390256 0.178202733 0.374735624
v 0.406495482 0.172787368 0.394600749
v 0.435027331 0.14319621 0.538339257
v 0.396347672 0.202797443 0.33323133
v 0.393984318 0.204255462 0.345203549
v 0.39208591 0.199309945 0.388744205
v 0.521833599 0.153486848 0.552002311
v 0.542937338 0.164429992 0.565618157
v 0.572768748 0.202646405 0.600482106
v 0.516458929 0.144255131 0.318601519
v 0.599918842 0.162422419 0.526647329
v 0.567634881 0.190265536 0.58855176
v 0.605196953 0.190494657 0.324578315
v 0.393345773 0.176464379 0.495105326
v 0.471798331 0.143261835 0.347853243
v 0.473375022 0.13852407 0.396461576
v 0.541997254 0.131127268 0.482390106
v 0.506531477 0.135472745 0.4342601
v 0.405179769 0.168116212 0.322162569
v 0.46485126 0.192660406 0.599716067
v 0.554225385 0.130741045 0.48208487
v 0.578129232 0.139356002 0.454616666
v 0.434205979 0.129902482 0.49774316
v 0.404179126 0.148309708 0.525884569
v 0.392209589 0.200285107 0.365649879
v 0.449040622 0.145408496 0.361091197
v 0.603986919 0.181042075 0.483661115
v 0.432546079 0.140614688 0.416620582
v 0.397346824 0.186146945 0.333928585
v 0.548132241 0.14257589 0.540611565
v 0.394860029 0.191957384 0.490237921
v 0.394585043 0.205646604 0.517351687
v 0.593426406 0.146145597 0.525259912
v 0.609541535 0.212083906 0.299819231
v 0.395975828 0.180968389 0.441043228
v 0.452531815 0.178089708 0.580378175
v 0.418822378 0.142682314 0.45193404
v 0.603577971 0.20405595 0.471982479
v 0.603057981 0.211256102 0.472236961
v 0.407057494 0.156658515 0.461168915
v 0.543876588 0.146475777 0.338235199
v 0.495345086 0.14461939 0.317658395
v 0.395093203 0.168399021 0.517698407
v 0.604299307 0.177547038 0.5251863
v 0.604391575 0.198976204 0.360750437
v 0.581893623 0.171477914 0.563388288
v 0.574505568 0.227671206 0.626713753
v 0.437533379 0.1412891 0.40533331
v 0.607474446 0.212659404 0.313466072
v 0.58580339 0.146052331 0.464369148
v 0.561906517 0.141358078 0.398820519
v 0.452298611 0.129126698 0.504805505
v 0.395826668 0.2107618 0.435454637
v 0.559195876 0.243188947 0.639665663
v 0.602769017 0.178028852 0.322385132
v 0.499192327 0.132965386 0.470949918
v 0.553179681 0.146331117 0.348960608
v 0.412615031 0.151842445 0.40332064
v 0.486221343 0.174760327 0.579747915
v 0.603780806 0.200582579 0.478499085
v 0.405640095 0.177096784 0.557665706
v 0.592213154 0.142013699 0.510982931
v 0.396843016 0.200881988 0.341126442
v 0.480813682 0.137577906 0.527532339
v 0.399199247 0.190705359 0.372652858
v 0.527743042 0.134833112 0.439716786
v 0.535390258 0.145003766 0.338750541
v 0.486653984 0.145232871 0.307990104
v 0.395986229 0.196524039 0.456060231
v 0.59065938 0.145748824 0.488710344
v 0.596040308 0.169411734 0.377177626
v 0.429450065 0.145514503 0.389050215
v 0.535320818 0.15473178 0.55434823
v 0.447816551 0.137563393 0.423184127
v 0.529617965 0.133095443 0.461708337
v 0.533279121 0.142744198 0.355871856
v 0.459865361 0.173711494 0.576478899
v 0.464217663 0.184084997 0.589202642
v 0.544328511 0.183540568 0.58721447
v 0.522128522 0.131623819 0.501601934
v 0.464863598 0.137905851 0.408338457
v 0.596138179 0.158786774 0.467683136
v 0.610034287 0.214882866 0.335935235
v 0.58394748 0.145322993 0.44202739
v 0.585816205 0.140223622 0.491873175
v 0.56555295 0.129476488 0.504403532
v 0.565888643 0.129955649 0.51166153
v 0.402896672 0.253924966 0.487426788
v 0.512259245 0.137417376 0.407079101
v 0.578246891 0.133879423 0.514089286
v 0.416386247 0.284961462 0.416027606
v 0.434380352 0.156665549 0.312544763
v 0.493572116 0.30942902 0.311940253
v 0.427534342 0.156812295 0.327211797
v 0.443516612 0.314531773 0.551206827
v 0.54103142 0.310124516 0.358740926
v 0.436046004 0.308313698 0.630404651
v 0.47153306 0.309289336 0.328986049
v 0.514176011 0.317148745 0.546836376
v 0.554903865 0.129484549 0.513921857
v 0.559661329 0.128967747 0.501476586
v 0.429928362 0.144315273 0.396244705
v 0.482050538 0.135863334 0.428234816
v 0.558431983 0.303917557 0.638133049
v 0.401010275 0.245790124 0.484171867
v 0.605187297 0.2033481 0.519036591
v 0.488757849 0.135559127 0.432853639
v 0.609419167 0.214200228 0.359942555
v 0.446802646 0.313372612 0.626032352
v 0.393761039 0.209133223 0.408625662
v 0.475571722 0.135559425 0.432059646
v 0.589803934 0.157673776 0.361277401
v 0.570801735 0.131095067 0.493018389
v 0.425498575 0.295764804 0.412473619
v 0.501588881 0.136742756 0.417318016
v 0.43668139 0.295778722 0.302125305
v 0.560201108 0.129948884 0.515127778
v 0.603921771 0.196367949 0.471389294
v 0.537999094 0.318772197 0.574627221
v 0.550398946 0.311816603 0.629723787
v 0.404358566 0.255943447 0.425689846
v 0.51361692 0.31191352 0.379253924
v 0.52903831 0.317230135 0.54910773
v 0.45702973 0.318959206 0.6030581
v 0.583233893 0.285104364 0.355172217
v 0.600633919 0.232528389 0.452412367
v 0.604842782 0.167663947 0.516159236
v 0.441105902 0.31520617 0.557661355
v 0.588932276 0.171312258 0.559047043
v 0.421483696 0.157132849 0.338417292
v 0.605795681 0.190463126 0.515117109
v 0.424390495 0.134643391 0.482973754
v 0.417064875 0.170290917 0.561648786
v 0.441515476 0.31760788 0.580307603
v 0.476919353 0.134947762 0.439357638
v 0.603488505 0.195982933 0.329462856
v 0.417584717 0.162446424 0.552919149
v 0.521827102 0.317237914 0.547576606
v 0.402003467 0.246369243 0.464506686
v 0.601507485 0.228914604 0.445465088
v 0.566912532 0.133169413 0.469941497
v 0.41989556 0.155084133 0.352769017
v 0.604318678 0.225236624 0.510719836
v 0.603813529 0.188925385 0.53025341
v 0.565492213 0.151296958 0.339806348
v 0.487952977 0.315901309 0.612596691
v 0.584982812 0.28184703 0.333174258
v 0.484737128 0.134914443 0.4410671
v 0.399867535 0.189346045 0.357697248
v 0.485509425 0.31360957 0.440116465
v 0.397910178 0.15702568 0.51307416
v 0.521025658 0.313414544 0.422972709
v 0.51603955 0.136982575 0.412950248
v 0.400702894 0.256209075 0.329528987
v 0.603120148 0.21229887 0.485837966
v 0.451423347 0.224724323 0.629557908
v 0.541235983 0.316874802 0.54794836
v 0.411026061 0.144977152 0.485710919
v 0.573961198 0.136503786 0.457905978
v 0.597739458 0.172068447 0.427956372
v 0.568988144 0.136630401 0.445282787
v 0.540306151 0.138121143 0.405629843
v 0.496879846 0.310736895 0.350493759
v 0.409198135 0.272897512 0.375757366
v 0.481895179 0.310296506 0.346393645
v 0.472418606 0.317878693 0.565423429
v 0.427004457 0.134210244 0.474745035
v 0.431081742 0.132526889 0.481052101
v 0.506230354 0.1410743 0.359356701
v 0.561473966 0.185659856 0.585264862
v 0.451724559 0.312182367 0.472545236
v 0.507579684 0.136466697 0.42049104
v 0.584363937 0.141961336 0.478020072
v 0.551337123 0.129146487 0.509302557
v 0.548054397 0.313819826 0.490145296
v 0.572348475 0.131023541 0.508075774
v 0.399381399 0.24250865 0.496332943
v 0.392292857 0.194603801 0.30119735
v 0.489605278 0.310825109 0.355865717
v 0.407286704 0.268082678 0.38598761
v 0.588441968 0.27542305 0.48401475
v 0.396200389 0.18036437 0.456588209
v 0.595622182 0.172922403 0.384771913
v 0.400602281 0.250249505 0.49521932
v 0.545182347 0.318481773 0.571804464
v 0.458357215 0.312946528 0.45942235
v 0.482995242 0.310588926 0.353323877
v 0.432042956 0.303910226 0.472921699
v 0.601920366 0.169199094 0.477144271
v 0.454409391 0.132575288 0.522019506
v 0.429309338 0.143344909 0.403595656
v 0.452607781 0.311427176 0.631740391
v 0.564515531 0.298501521 0.335640907
v 0.476517737 0.147410393 0.543730438
v 0.396057844 0.1886127 0.470120877
v 0.443876207 0.309740275 0.631357968
v 0.604056478 0.200734526 0.458752483
v 0.439054906 0.151658624 0.548629463
v 0.443754822 0.309297532 0.460953444
v 0.606100202 0.196495935 0.510420918
v 0.408954054 0.270738721 0.308972389
v 0.425943136 0.152352348 0.355031133
v 0.564765036 0.175226077 0.573136032
v 0.486230016 0.314398766 0.62007004
v 0.605469346 0.16606757 0.510490775
v 0.433305562 0.154333457 0.32809341
v 0.541242242 0.317823261 0.561759174
v 0.478861004 0.314991832 0.621430755
v 0.427500159 0.155165032 0.549316168
v 0.406298876 0.172070697 0.300771743
v 0.523686528 0.310167253 0.635874152
v 0.547454178 0.255094349 0.646672368
v 0.58056277 0.210769668 0.607231617
v 0.609710574 0.216506854 0.350826859
v 0.540039122 0.135756999 0.42918691
v 0.581310511 0.139930785 0.525527656
v 0.472497731 0.131541669 0.486668676
v 0.392772943 0.200142488 0.312185854
v 0.435995817 0.303294718 0.418232888
v 0.606607914 0.174536571 0.500233591
v 0.509169638 0.312677413 0.405360907
v 0.489171356 0.30881232 0.300048232
v 0.60199821 0.240544811 0.381741911
v 0.594152689 0.167421535 0.425380647
v 0.500044942 0.145891458 0.540546894
v 0.54061228 0.315020442 0.48657459
v 0.55992955 0.176289991 0.575442672
v 0.449291617 0.31857574 0.578113198
v 0.510100424 0.314262569 0.454895616
v 0.398628891 0.174620181 0.320833385
v 0.444230437 0.194284603 0.595950305
v 0.55610311 0.309378624 0.438786268
v 0.511974216 0.31404534 0.447460562
v 0.399346322 0.176348865 0.544154942
v 0.562894702 0.272197992 0.648177445
v 0.574690104 0.149930403 0.372674108
v 0.609113514 0.228387356 0.324300379
v 0.399183005 0.231395885 0.467386425
v 0.559558392 0.30100286 0.325629711
v 0.399830163 0.240484253 0.489845484
v 0.601166844 0.260723442 0.51341933
v 0.552835643 0.313941181 0.520493209
v 0.604796529 0.195297956 0.523047626
v 0.480095536 0.133324236 0.461405158
v 0.441662401 0.299336702 0.300712824
v 0.546817541 0.313747346 0.482153624
v 0.564305127 0.308826178 0.521864533
v 0.559068382 0.134070054 0.526479065
v 0.421749264 0.137812614 0.476019889
v 0.531857193 0.314929247 0.469261229
v 0.601459563 0.155626893 0.51356703
v 0.445720524 0.13063699 0.484630764
v 0.530068755 0.309047282 0.315002412
v 0.397951901 0.222790107 0.478372663
v 0.428629518 0.300575674 0.46294561
v 0.395146489 0.223697156 0.39796102
v 0.60529691 0.203110561 0.432084113
v 0.609555066 0.210863382 0.352971554
v 0.476494014 0.133982345 0.45164904
v 0.516689599 0.317383617 0.553873539
v 0.599596381 0.238217503 0.455731571
v 0.518765271 0.166685715 0.569118977
v 0.514828503 0.314462185 0.459655941
v 0.58649987 0.279168516 0.478694856
v 0.54404211 0.314208359 0.473616004
v 0.4218885 0.21051164 0.607944548
v 0.571708977 0.152979538 0.348441243
v 0.579062641 0.29197672 0.400487572
v 0.5005669 0.139744222 0.530222595
v 0.405758768 0.169311583 0.545592844
v 0.512453675 0.308069259 0.638839722
v 0.494878143 0.135989994 0.427817583
v 0.577459216 0.162865356 0.309398711
v 0.429592907 0.135686561 0.457414806
v 0.591876388 0.265464544 0.453201801
v 0.49847582 0.141484857 0.356083721
v 0.473692238 0.183104455 0.589355648
v 0.397771448 0.172595352 0.463220119
v 0.482968181 0.16613017 0.568070531
v 0.603108764 0.239173174 0.368248463
v 0.550936699 0.132947087 0.524725556
v 0.606857002 0.235126391 0.32320565
v 0.59927845 0.184624463 0.354830056
v 0.593940616 0.175886065 0.560450733
v 0.477688909 0.31345436 0.435410678
v 0.469555825 0.31398046 0.628284812
v 0.567968965 0.3027291 0.438252568
v 0.521731317 0.181550786 0.588858604
v 0.432965994 0.311174273 0.623100638
v 0.428409219 0.298729748 0.420175731
v 0.421636879 0.2930668 0.418465227
v 0.507610977 0.132024691 0.498581618
v 0.601683497 0.224187776 0.469409853
v 0.603319347 0.241089314 0.354397684
v 0.499744803 0.309326679 0.307524413
v 0.583045125 0.286788523 0.460770428
v 0.422578037 0.144989684 0.404680192
v 0.60136807 0.190290853 0.341336757
v 0.499612868 0.317703366 0.581283689
v 0.536573708 0.133174971 0.520904899
v 0.483239144 0.316918433 0.607220769
v 0.411530823 0.143790483 0.524594188
v 0.394708067 0.211810246 0.416054875
v 0.596363842 0.176799297 0.393086046
v 0.459436357 0.310777068 0.634558022
v 0.45006153 0.144747272 0.542746544
v 0.400514692 0.18591027 0.352027804
v 0.593284905 0.261821777 0.446977019
v 0.399666429 0.266738623 0.514496803
v 0.608039916 0.20353812 0.390482903
v 0.44336769 0.143466979 0.540339768
v 0.474179804 0.316150337 0.524968445
v 0.470962465 0.131100833 0.495955557
v 0.606260955 0.178441554 0.511824191
v 0.530933142 0.314177364 0.443331629
v 0.396316826 0.184122369 0.46216622
v 0.524433136 0.140463337 0.533753932
v 0.557831705 0.310612082 0.629142225
v 0.450001627 0.131990969 0.471196175
v 0.541332543 0.308166206 0.32167235
v 0.605224371 0.191136345 0.43253848
v 0.561938643 0.306545496 0.432868361
v 0.597301483 0.264551878 0.336650252
v 0.441359878 0.31355688 0.620721281
v 0.426861972 0.154729575 0.340058953
v 0.60658896 0.227838367 0.361682117
v 0.568942308 0.301787108 0.431162894
v 0.610186696 0.218022391 0.343092769
v 0.397787869 0.24233906 0.507578433
v 0.54737258 0.139626592 0.396145642
v 0.408151716 0.163059935 0.403117657
v 0.482687026 0.143085241 0.334623009
v 0.553491414 0.132605433 0.463356048
v 0.428108096 0.173483267 0.569465101
v 0.531314731 0.316182643 0.513751149
v 0.435038358 0.271451354 0.64726162
v 0.427698404 0.131108508 0.508152127
v 0.540658534 0.316473037 0.540702522
v 0.607438087 0.20571956 0.397794366
v 0.503312051 0.312749833 0.409988165
v 0.561264277 0.150817379 0.334938556
v 0.60780859 0.215028718 0.385913253
v 0.411287248 0.275983989 0.397603422
v 0.535186708 0.213408858 0.624788105
v 0.397443295 0.174926952 0.45569241
v 0.453965634 0.15031974 0.317608356
v 0.597202599 0.25940451 0.495661646
v 0.437665015 0.308908999 0.52086401
v 0.390763074 0.212567627 0.325123161
v 0.537877798 0.315666616 0.508540571
v 0.405322462 0.168346584 0.384470642
v 0.559864342 0.132250562 0.47058934
v 0.554749608 0.144498169 0.364175379
v 0.509614646 0.1419404 0.347552627
v 0.568573177 0.147608221 0.371584475
v 0.405244827 0.149491504 0.490257591
v 0.568068922 0.153403044 0.335651815
v 0.460839182 0.315299898 0.524119496
v 0.520219386 0.138128117 0.398141146
v 0.562748671 0.302498728 0.376497418
v 0.414046019 0.280349404 0.423086703
v 0.531320393 0.134166881 0.447537303
v 0.573805392 0.162829772 0.299242049
v 0.39658308 0.211708784 0.450572431
v 0.594876289 0.272904545 0.504775941
v 0.504196465 0.142256841 0.535268009
v 0.493070453 0.135168657 0.519372165
v 0.548965335 0.305951118 0.324231058
v 0.479174614 0.144106686 0.328059316
v 0.39875561 0.243954435 0.379369587
v 0.457411498 0.314263314 0.500366926
v 0.406046301 0.266322672 0.371979356
v 0.468105227 0.133262783 0.458848804
v 0.545347571 0.152130365 0.299527436
v 0.407608151 0.271075487 0.322362691
v 0.601629794 0.24708122 0.349739462
v 0.429023266 0.187580228 0.584887743
v 0.589669108 0.140522972 0.504469037
v 0.573423266 0.144319177 0.402452588
v 0.405190915 0.267115951 0.313848466
v 0.401509672 0.186307505 0.364738822
v 0.590726435 0.158166081 0.436609715
v 0.427869081 0.131553531 0.495806187
v 0.411669165 0.278227508 0.342430294
v 0.554638922 0.27374807 0.650643885
v 0.478952318 0.31738466 0.556481957
v 0.601612091 0.264830619 0.518267274
v 0.395710289 0.195054457 0.482767254
v 0.535795152 0.311468512 0.373157173
v 0.43957594 0.153814197 0.317159444
v 0.384944618 0.173932478 0.536061883
v 0.569602072 0.305531442 0.524527788
v 0.403335243 0.171490699 0.368276119
v 0.502605319 0.152636454 0.550208867
v 0.394916415 0.193055853 0.322646528
v 0.395738572 0.21237953 0.501912355
v 0.395623595 0.230137318 0.385075092
v 0.597424388 0.272054106 0.511711597
v 0.471122384 0.313415796 0.440630317
v 0.401595056 0.151856899 0.497688204
v 0.467383653 0.315834314 0.520191133
v 0.586095452 0.281075418 0.340939939
v 0.506427109 0.309049845 0.298026472
v 0.548537791 0.163694635 0.564114153
v 0.529352248 0.312167972 0.632292151
v 0.604925394 0.234562784 0.358556539
v 0.442237943 0.147003159 0.357708544
v 0.449015468 0.318709105 0.591906607
v 0.421842873 0.133747995 0.498808503
v 0.398279846 0.196021363 0.357046574
v 0.464726359 0.131258249 0.483008176
v 0.52359432 0.131670162 0.488603771
v 0.466678828 0.311471552 0.386328012
v 0.478323072 0.315415502 0.497515857
v 0.465301573 0.131327897 0.511046529
v 0.401922047 0.248091474 0.425538361
v 0.497761905 0.309569776 0.633872092
v 0.445597887 0.148430467 0.546441436
v 0.395759761 0.223435819 0.512245774
v 0.593990088 0.270564318 0.338780046
v 0.457906902 0.313352317 0.471953869
v 0.417889297 0.148347616 0.400819898
v 0.59131664 0.274864048 0.359081656
v 0.399234951 0.239611775 0.412020147
v 0.567397594 0.18482627 0.582758546
v 0.534390867 0.135234132 0.434050024
v 0.438567191 0.313288808 0.550639868
v 0.450837463 0.149360314 0.329331696
v 0.543182373 0.140037775 0.389663488
v 0.525039315 0.317003965 0.614137113
v 0.519803345 0.316847205 0.61036855
v 0.40040043 0.238726288 0.462142825
v 0.510957778 0.312051564 0.384845227
v 0.526082635 0.309877485 0.32715565
v 0.466277778 0.316084087 0.529550135
v 0.533463836 0.132026389 0.515521705
v 0.485786706 0.132305324 0.479644686
v 0.577045739 0.301631033 0.634476542
v 0.4061369 0.26025793 0.433001041
v 0.529933274 0.313822776 0.432342052
v 0.556714833 0.286634594 0.649381638
v 0.573135316 0.304700673 0.536483049
v 0.405050337 0.274902016 0.508610964
v 0.463985413 0.318830431 0.607000172
v 0.590924084 0.278587937 0.504748106
v 0.563712001 0.309531093 0.528027415
v 0.530126989 0.311448008 0.368467122
v 0.547154665 0.317929596 0.609939992
v 0.399324507 0.167835295 0.45687288
v 0.534568846 0.13821587 0.401580244
v 0.490951627 0.317648113 0.570431471
v 0.529835165 0.315824807 0.500181973
v 0.501477122 0.314885318 0.477120399
v 0.54165107 0.313216567 0.436437517
v 0.557023585 0.306365967 0.38006711
v 0.542409539 0.31074965 0.376382023
v 0.611336052 0.177329749 0.532613099
v 0.483953327 0.148664564 0.544948757
v 0.5468117 0.143911242 0.360883564
v 0.513184965 0.141433492 0.354686528
v 0.470826328 0.133850545 0.452305794
v 0.467323095 0.195758089 0.604445279
v 0.524666309 0.316086799 0.510546744
v 0.402121037 0.259411126 0.336782962
v 0.603976369 0.174515381 0.487947583
v 0.577472389 0.153037891 0.361515403
v 0.439474672 0.281586379 0.649561286
v 0.453492373 0.253826886 0.646487355
v 0.451957047 0.235289305 0.636700273
v 0.403883189 0.171221405 0.419542074
v 0.587126911 0.277164489 0.310069621
v 0.521917045 0.132470399 0.474027097
v 0.538872182 0.130743027 0.490480363
v 0.478158444 0.132859841 0.467361122
v 0.407694131 0.165976614 0.419102699
v 0.448749602 0.318099111 0.570385695
v 0.427642465 0.299346358 0.439042926
v 0.606910765 0.197575599 0.396380007
v 0.515759289 0.306322932 0.643642604
v 0.581901014 0.139007166 0.485484213
v 0.494102061 0.139240608 0.529529691
v 0.415343642 0.281510264 0.478678226
v 0.477312833 0.131517723 0.491682261
v 0.534020305 0.315113485 0.480825126
v 0.431002021 0.178677708 0.575813055
v 0.552324116 0.316158563 0.616713583
v 0.399834007 0.180717677 0.401999384
v 0.52015233 0.18551378 0.594369113
v 0.393999904 0.185124129 0.495143533
v 0.437412918 0.147576943 0.543906689
v 0.475407243 0.160330802 0.560633779
v 0.524788022 0.134279981 0.447261244
v 0.57269311 0.301018059 0.492043078
v 0.54156059 0.135144562 0.436151147
v 0.450509459 0.317999274 0.607552826
v 0.599865437 0.240552485 0.424504757
v 0.605664551 0.195417553 0.49929145
v 0.544704497 0.313147098 0.443655908
v 0.494864345 0.316284895 0.52260983
v 0.411179751 0.274332762 0.422507226
v 0.404973656 0.256788135 0.438553154
v 0.477802128 0.309336632 0.32481575
v 0.543658495 0.311034977 0.383121878
v 0.564603984 0.129904896 0.497387677
v 0.603109419 0.213515744 0.459537029
v 0.575202346 0.290718406 0.337074786
v 0.518839538 0.314016461 0.44360435
v 0.549595416 0.310958564 0.41443944
v 0.454779685 0.312459499 0.465897948
v 0.577890456 0.138110161 0.46861729
v 0.392934263 0.20137167 0.406622648
v 0.435442775 0.298892379 0.359189034
v 0.598211765 0.244543687 0.452910453
v 0.488375783 0.309823602 0.63394022
v 0.393409908 0.197002962 0.411858082
v 0.409421742 0.160161749 0.424985737
v 0.502435446 0.316604853 0.53157413
v 0.432867408 0.304127872 0.465226144
v 0.426901668 0.203182667 0.601094365
v 0.481420249 0.140926838 0.533332884
v 0.529405236 0.317562193 0.55587846
v 0.458204418 0.224499598 0.630820572
v 0.493310571 0.317664713 0.583687663
v 0.416972816 0.141691506 0.527108848
v 0.598079503 0.178401232 0.363843083
v 0.605174959 0.210033238 0.515765071
v 0.448765486 0.312127948 0.491856784
v 0.500160813 0.312472939 0.402466893
v 0.463026077 0.314668387 0.496834606
v 0.475550532 0.164418668 0.56561327
v 0.400280714 0.238310531 0.455984533
v 0.47497341 0.14405936 0.334533006
v 0.589910269 0.156861424 0.421516031
v 0.436582059 0.215731025 0.617135465
v 0.445503265 0.201784551 0.604559124
v 0.440083683 0.305549711 0.636367798
v 0.41032508 0.181202069 0.569527447
v 0.430252463 0.210006192 0.60924083
v 0.553165495 0.306494296 0.357526332
v 0.602122366 0.17402862 0.455330104
v 0.548198998 0.145016119 0.353797764
v 0.390136302 0.227863044 0.300165534
v 0.443895876 0.304133028 0.352985084
v 0.40706104 0.163830951 0.395139456
v 0.519455492 0.140562937 0.367358476
v 0.401023299 0.150871456 0.511945605
v 0.472658366 0.317451596 0.558178961
v 0.500382602 0.133045331 0.510304809
v 0.440321356 0.156870365 0.298909992
v 0.472598702 0.153938159 0.552601457
v 0.433817804 0.131826907 0.519419014
v 0.55270505 0.312414795 0.476975113
v 0.540093422 0.136541262 0.421246022
v 0.525282025 0.316313773 0.518356323
v 0.448256999 0.196901843 0.599982679
v 0.398766518 0.234302178 0.431200206
v 0.609924734 0.229689479 0.299214184
v 0.572893739 0.133775309 0.520996869
v 0.473220438 0.136657506 0.418395758
v 0.51077497 0.317659974 0.591183186
v 0.418437541 0.275699407 0.6447137
v 0.395302594 0.174005792 0.488534302
v 0.448352426 0.146411538 0.354490936
v 0.579488754 0.287320971 0.330714732
v 0.578037977 0.160957754 0.32148394
v 0.395656139 0.242567927 0.331040293
v 0.590058267 0.283070445 0.512083769
v 0.60423857 0.233893171 0.372343212
v 0.470186055 0.201708093 0.614006698
v 0.468353063 0.309732258 0.342379272
v 0.41750598 0.142500147 0.464332253
v 0.415089458 0.149150625 0.427402616
v 0.549049556 0.308586001 0.636201501
v 0.569850624 0.1609281 0.556302309
v 0.604041398 0.205879614 0.492254198
v 0.587769389 0.18038851 0.570799351
v 0.560358882 0.314068109 0.553158343
v 0.520889342 0.131657586 0.494280607
v 0.528259397 0.136844635 0.52727139
v 0.582598209 0.280689448 0.300258905
v 0.577736437 0.295565784 0.490324527
v 0.553560495 0.158052549 0.557008028
v 0.54703176 0.205133215 0.610590875
v 0.394305825 0.189837858 0.431064188
v 0.60348618 0.233567014 0.386287838
v 0.521999836 0.318042666 0.598760545
v 0.511590064 0.134440228 0.447809786
v 0.568207264 0.160213485 0.298878074
v 0.56231463 0.294905186 0.644237101
v 0.586929321 0.280657917 0.348699242
v 0.40035668 0.179401502 0.349855006
v 0.553512335 0.183587924 0.584985554
v 0.544971704 0.136345848 0.424442351
v 0.526812136 0.137338907 0.408963412
v 0.591919959 0.161486983 0.427600592
v 0.478540659 0.313698322 0.442828417
v 0.606129885 0.195480272 0.388285697
v 0.529595375 0.172525316 0.576258659
v 0.395360678 0.243372589 0.321699351
v 0.446550846 0.27667433 0.651124537
v 0.463611782 0.130601943 0.497932166
v 0.532016993 0.318693966 0.578312695
v 0.486037672 0.309008241 0.308236718
v 0.58742255 0.277485818 0.45561108
v 0.565662265 0.157085389 0.308944613
v 0.432916313 0.296525747 0.3545762
v 0.39884904 0.232503563 0.442643344
v 0.396304458 0.203534499 0.460761845
v 0.459916472 0.151386231 0.300088376
v 0.529922366 0.313565999 0.425189674
v 0.405494303 0.162498817 0.447259158
v 0.397083253 0.241978884 0.359294802
v 0.525826395 0.310699195 0.346875131
v 0.605879307 0.196553171 0.426477313
v 0.607649982 0.207330465 0.350879043
v 0.569506645 0.138875932 0.531569302
v 0.432820737 0.304720074 0.492090762
v 0.535083413 0.309286505 0.328342915
v 0.426541775 0.29951039 0.505798817
v 0.58267355 0.161861151 0.55224973
v 0.536887109 0.30796048 0.639600277
v 0.544911861 0.315141141 0.510825276
v 0.422143579 0.133023933 0.50583142
v 0.586222291 0.148778364 0.533432126
v 0.417010188 0.284545451 0.339665145
v 0.520950258 0.132206008 0.510409713
v 0.448768824 0.288165212 0.650690854
v 0.563773513 0.316151381 0.597450435
v 0.410875589 0.275543451 0.328780234
v 0.49289462 0.309904069 0.326826334
v 0.540154338 0.229837194 0.636355937
v 0.453277558 0.3081626 0.358163357
v 0.578659594 0.13657026 0.522433877
v 0.458957732 0.313517481 0.629315615
v 0.593631208 0.263912976 0.485220283
v 0.446777672 0.131309837 0.520881534
v 0.55396384 0.178188533 0.578984141
v 0.5987854 0.171866328 0.434696615
v 0.518314183 0.318060249 0.59160769
v 0.395666242 0.18644011 0.411977291
v 0.517468631 0.317210674 0.605001688
v 0.408028066 0.151761904 0.474687427
v 0.440946668 0.30287087 0.359045058
v 0.545915842 0.136135936 0.529845953
v 0.546968043 0.316558361 0.550698102
v 0.40233916 0.178526774 0.550780118
v 0.396175802 0.18338412 0.478406399
v 0.583624899 0.288565159 0.511277616
v 0.564470828 0.153216258 0.549394667
v 0.50893575 0.317284107 0.55270505
v 0.497500032 0.140414894 0.369746864
v 0.481501013 0.3164303 0.529190302
v 0.504699528 0.159173936 0.559060633
v 0.58211875 0.289795429 0.641685843
v 0.4120121 0.157252967 0.542538404
v 0.509537935 0.132001057 0.490819216
v 0.606269181 0.213667169 0.406430662
v 0.567266226 0.23479791 0.634585619
v 0.415751785 0.139787421 0.489080995
v 0.404387236 0.147171929 0.517301142
v 0.533697009 0.133521765 0.454899728
v 0.419094682 0.241994053 0.637269616
v 0.580078602 0.291876256 0.496564388
v 0.548284531 0.309881687 0.387534142
v 0.419280648 0.148251981 0.393826753
v 0.397696197 0.234244257 0.407316417
v 0.593020916 0.161231905 0.367252856
v 0.588193595 0.151713774 0.441993296
v 0.547605753 0.135797247 0.430893838
v 0.451350749 0.317176133 0.613928735
v 0.561977446 0.138543144 0.533538699
v 0.41152364 0.273275822 0.449757278
v 0.428160608 0.195987925 0.593704224
v 0.589089513 0.252755135 0.642030716
v 0.496718317 0.138895124 0.389153421
v 0.572326362 0.304237038 0.632439971
v 0.510726213 0.31168291 0.373322934
v 0.394525498 0.204308212 0.51029402
v 0.582394242 0.285574585 0.34661597
v 0.396668822 0.228412256 0.409736425
v 0.532626927 0.314566463 0.456340551
v 0.403731316 0.253032923 0.469049454
v 0.496411473 0.142378971 0.535354793
v 0.600996196 0.191893026 0.362978458
v 0.456190467 0.137526318 0.532260418
v 0.601422548 0.232332543 0.490399092
v 0.596044481 0.253887802 0.473163843
v 0.402275026 0.26949209 0.507870495
v 0.540587187 0.142333612 0.367501616
v 0.433232009 0.242477939 0.638643324
v 0.552053809 0.129126176 0.501998365
v 0.394137591 0.196267381 0.51087904
v 0.604273796 0.201846585 0.33136934
v 0.556524277 0.317100465 0.567114711
v 0.400904208 0.241822466 0.450655252
v 0.553375125 0.318257064 0.57980597
v 0.567594111 0.295287907 0.327322751
v 0.485794604 0.315757781 0.507307589
v 0.442369968 0.143858269 0.380734414
v 0.496470481 0.316975951 0.544609487
v 0.516834259 0.310529172 0.337794811
v 0.591213524 0.160617113 0.348082811
v 0.578776419 0.290103555 0.358470887
v 0.404050827 0.264405817 0.321800739
v 0.573498368 0.298828185 0.442331254
v 0.461488634 0.162750214 0.563800335
v 0.607236505 0.200798899 0.382410437
v 0.499323905 0.316224664 0.60623157
v 0.530674994 0.202107757 0.614660025
v 0.525792003 0.309549183 0.320108593
v 0.457711995 0.147950113 0.329781562
v 0.557402849 0.155109957 0.299679935
v 0.581985533 0.136367053 0.497556478
v 0.447948694 0.264300138 0.648750663
v 0.428686678 0.302248538 0.516417861
v 0.473756492 0.31512177 0.490637332
v 0.413237482 0.280319214 0.389110178
v 0.601037025 0.250933468 0.337293595
v 0.590539873 0.276291519 0.352085531
v 0.586887121 0.281553477 0.36314249
v 0.480119646 0.142268673 0.348476529
v 0.558395743 0.302545726 0.33877942
v 0.423973918 0.157161295 0.333168894
v 0.48116529 0.316953152 0.544734776
v 0.471184552 0.14409253 0.34065792
v 0.420395434 0.140865073 0.457715482
v 0.431359053 0.305541009 0.523077369
v 0.606944144 0.236681819 0.314546973
v 0.549827933 0.303882003 0.29989329
v 0.589603662 0.271869391 0.478098094
v 0.490528435 0.316656858 0.604348004
v 0.498451263 0.14293617 0.337474853
v 0.518725634 0.313156545 0.415767878
v 0.601893961 0.157081723 0.518746257
v 0.53216511 0.138742313 0.395169765
v 0.599673748 0.178854436 0.356642187
v 0.480859518 0.315196514 0.490565777
v 0.414264619 0.282546222 0.353471965
v 0.415863901 0.155629486 0.359946996
v 0.410975397 0.277106345 0.350959182
v 0.405789167 0.161544904 0.374029577
v 0.587340117 0.150592178 0.415814161
v 0.6006248 0.232888907 0.477451652
v 0.551522076 0.153654411 0.297964722
v 0.429405481 0.302260399 0.486312121
v 0.60014832 0.236504272 0.444448143
v 0.601939797 0.225334987 0.451153874
v 0.526856482 0.135514185 0.431212038
v 0.417355537 0.289315045 0.641587615
v 0.575878441 0.159753382 0.552898407
v 0.525857091 0.313321412 0.417843312
v 0.606741786 0.20674181 0.409823
v 0.529482543 0.132182822 0.474627227
v 0.499477178 0.132113636 0.499599665
v 0.394584775 0.207290709 0.318024367
v 0.427883744 0.311624855 0.616364062
v 0.547804892 0.314313352 0.498526424
v 0.48346588 0.141547531 0.354797602
v 0.600443006 0.246940792 0.376460254
v 0.44350642 0.134203181 0.527649879
v 0.440876365 0.198602512 0.599782825
v 0.415086985 0.278061986 0.301468104
v 0.559611857 0.137860134 0.422607183
v 0.528465509 0.142718464 0.350850165
v 0.500311077 0.134101823 0.516406059
v 0.583120286 0.154559568 0.364970475
v 0.485501587 0.138406903 0.395663261
v 0.453875124 0.163112983 0.563766122
v 0.407036394 0.161793023 0.441142499
v 0.507328808 0.137084186 0.412151247
v 0.525915623 0.19541423 0.60673058
v 0.4514018 0.312941521 0.497765362
v 0.472085327 0.302868903 0.649028838
v 0.521337152 0.311982781 0.378949404
v 0.599088192 0.252703905 0.370052367
v 0.56632477 0.244462237 0.639573097
v 0.588423789 0.141659886 0.522022367
v 0.529684722 0.142848074 0.538039625
v 0.587296546 0.281258255 0.372254699
v 0.588766217 0.275274575 0.491046876
v 0.602161229 0.162326932 0.520858765
v 0.395888597 0.233106598 0.377901673
v 0.454603165 0.241413236 0.640970409
v 0.418189108 0.2875036 0.424880385
v 0.566374958 0.302466661 0.412410051
v 0.406975627 0.158605486 0.53506279
v 0.387435615 0.171250969 0.540320039
v 0.512818873 0.134965226 0.440402985
v 0.547165215 0.308984905 0.353797704
v 0.439422965 0.307288527 0.456282347
v 0.514696956 0.309833437 0.318085581
v 0.594682634 0.170886174 0.396895409
v 0.393823743 0.168965399 0.509428322
v 0.49218148 0.132388741 0.481211662
v 0.561595261 0.264500827 0.646672606
v 0.415962517 0.178810388 0.570554376
v 0.600460947 0.254147768 0.328443974
v 0.5847736 0.285176903 0.390222251
v 0.424561262 0.152365029 0.544912457
v 0.604603589 0.234059975 0.365342379
v 0.591705561 0.14423801 0.496996403
v 0.39830628 0.156998813 0.49919942
v 0.588960052 0.162921965 0.328340709
v 0.593911171 0.267015636 0.491934747
v 0.568294227 0.143015236 0.399123877
v 0.486676455 0.132715359 0.472597957
v 0.572340965 0.216427624 0.615414858
v 0.472138196 0.309584588 0.336721987
v 0.498096645 0.312862098 0.415063202
v 0.404894054 0.262219399 0.3828035
v 0.401778132 0.246621683 0.430979967
v 0.6022892 0.252839953 0.513460636
v 0.398071438 0.22333096 0.470332593
v 0.544792771 0.319020957 0.60240227
v 0.517919242 0.310222507 0.329469144
v 0.605232775 0.234713137 0.352514148
v 0.449102551 0.152771577 0.307406306
v 0.521569431 0.171018869 0.574771285
v 0.481812388 0.137752846 0.40390861
v 0.429402381 0.289969593 0.310253859
v 0.609728336 0.212385833 0.345235437
v 0.473102301 0.191961557 0.601191401
v 0.599213839 0.173025608 0.317822069
v 0.527534544 0.132353276 0.513503194
v 0.507799327 0.317764163 0.582359254
v 0.557986856 0.306682289 0.395164639
v 0.536875308 0.179919615 0.584575176
v 0.397725284 0.247856855 0.33590439
v 0.468203038 0.318103969 0.569057941
v 0.595773578 0.25848797 0.405701458
v 0.394686431 0.224134058 0.389723808
v 0.455542594 0.144323081 0.542253196
v 0.449827462 0.151241571 0.5501436
v 0.460629493 0.318137795 0.566574931
v 0.602361917 0.225307927 0.439909369
v 0.552814007 0.314087361 0.527359188
v 0.59942627 0.239665255 0.449212015
v 0.577029586 0.295071125 0.438892692
v 0.448096484 0.312896281 0.518856168
v 0.422843665 0.16531527 0.558665454
v 0.441294074 0.154486075 0.309759378
v 0.424532592 0.308686227 0.623374701
v 0.474160969 0.317101836 0.550083518
v 0.524336755 0.316562086 0.526212692
v 0.425001204 0.191406414 0.587932885
v 0.558999836 0.171448141 0.570446253
v 0.396122038 0.202579454 0.480203241
v 0.426896214 0.299882382 0.492670149
v 0.556796491 0.131443307 0.476966918
v 0.403108895 0.166550085 0.345398456
v 0.424510926 0.14616017 0.392834902
v 0.405863732 0.261462629 0.414132208
v 0.60026294 0.256773859 0.506803274
v 0.522044122 0.132955939 0.466440707
v 0.447517753 0.136027634 0.435670584
v 0.502429247 0.311976641 0.386274606
v 0.52252233 0.145558894 0.313777417
v 0.603515208 0.235019252 0.379161
v 0.603984714 0.191428676 0.464596599
v 0.605518341 0.182436109 0.517605066
v 0.41019097 0.286191046 0.518609166
v 0.583337128 0.275517255 0.64450407
v 0.414751202 0.280102372 0.465431631
v 0.437824577 0.133353412 0.465607703
v 0.410288006 0.16738233 0.310278624
v 0.411349803 0.272465259 0.461877704
v 0.43828252 0.132379502 0.522752643
v 0.464891136 0.308527112 0.639648497
v 0.402337879 0.276897788 0.518671095
v 0.567451239 0.311305821 0.62129122
v 0.605195701 0.237110794 0.342512995
v 0.41436553 0.279099017 0.472528249
v 0.405088991 0.170564145 0.413547277
v 0.401881814 0.18008545 0.394173294
v 0.567245126 0.135183692 0.526790917
v 0.422400892 0.152609587 0.36079222
v 0.540577471 0.306970596 0.307269871
v 0.54184407 0.31041348 0.367439687
v 0.566308737 0.153385416 0.32972157
v 0.398828864 0.239560544 0.404883921
v 0.400440127 0.171860784 0.340678245
v 0.44697246 0.152292728 0.314246893
v 0.546341002 0.130411685 0.48991698
v 0.553661585 0.162540972 0.561873496
v 0.572987914 0.244669184 0.639315426
v 0.52767247 0.137918949 0.401727498
v 0.396912754 0.174981922 0.477040976
v 0.574597776 0.297405034 0.429030478
v 0.607028067 0.213247463 0.399168968
v 0.460106134 0.31013152 0.371930063
v 0.599986613 0.253460556 0.345746368
v 0.45683974 0.15111801 0.306905657
v 0.532824218 0.141614661 0.36610508
v 0.583561778 0.219028696 0.616207063
v 0.464989364 0.130836308 0.491046697
v 0.397731811 0.237994283 0.504254162
v 0.477979392 0.151544258 0.549319983
v 0.535320342 0.148144349 0.313768476
v 0.48190245 0.317736298 0.599432051
v 0.482829124 0.14451161 0.53924042
v 0.44100523 0.159320205 0.557269275
v 0.46269995 0.157445535 0.557502925
v 0.395762891 0.204750881 0.492941976
v 0.500013471 0.311882377 0.626322687
v 0.395489872 0.185991243 0.446245879
v 0.397829026 0.174263462 0.443278641
v 0.516492963 0.31483382 0.470898926
v 0.453077167 0.308836579 0.371262193
v 0.557761669 0.301473022 0.318834215
v 0.489474267 0.167727157 0.570273995
v 0.448091567 0.129524559 0.512741864
v 0.430875957 0.284121931 0.646536767
v 0.391616702 0.203648433 0.381738216
v 0.568845034 0.26580143 0.645791233
v 0.394452572 0.192258701 0.385863006
v 0.574416697 0.300227791 0.512589812
v 0.553514719 0.141677126 0.385163724
v 0.441435158 0.167679667 0.566385746
v 0.513814926 0.314997643 0.477139086
v 0.561304569 0.309853613 0.495827228
v 0.395290732 0.19890283 0.359299868
v 0.593679547 0.26110673 0.4724693
v 0.479237407 0.137078702 0.412631631
v 0.432133108 0.151719615 0.546857119
v 0.52592057 0.303335726 0.649218798
v 0.506848276 0.309477478 0.30936268
v 0.39044407 0.214214742 0.352004647
v 0.594536483 0.166625306 0.433546364
v 0.605766177 0.167171746 0.503589332
v 0.458136916 0.130621701 0.48803696
v 0.541408658 0.206542507 0.614717603
v 0.434436888 0.303987563 0.443494469
v 0.412940085 0.282719165 0.503063262
v 0.423122495 0.293775022 0.407114238
v 0.419790745 0.262392998 0.643840849
v 0.524345398 0.310474217 0.340151966
v 0.393484235 0.192469761 0.314827621
v 0.513058841 0.143076256 0.332196146
v 0.597613037 0.158658922 0.477005422
v 0.39272964 0.22407037 0.363190323
v 0.586207271 0.283757865 0.505025446
v 0.566858232 0.301362604 0.399138898
v 0.469732583 0.315133393 0.49672848
v 0.553502858 0.318199098 0.595791221
v 0.546236455 0.133712217 0.451006889
v 0.567670107 0.150272802 0.351782858
v 0.501098871 0.156082228 0.554879963
v 0.551834643 0.304923624 0.639223218
v 0.446306705 0.134662449 0.447855562
v 0.470407665 0.145269826 0.54153353
v 0.48906678 0.316833258 0.540708065
v 0.516622841 0.310880542 0.632303059
v 0.421236992 0.186631501 0.581825972
v 0.546701193 0.141252071 0.382005662
v 0.439316601 0.305517197 0.423665166
v 0.608683228 0.208800107 0.371139586
v 0.582349122 0.195834607 0.590309799
v 0.493152499 0.317191988 0.551974118
v 0.473310173 0.316962838 0.616470397
v 0.393730581 0.190915421 0.417335272
v 0.395845056 0.199029416 0.3260355
v 0.400704741 0.246528655 0.406283557
v 0.551681399 0.318271399 0.572904527
v 0.511815608 0.132225245 0.482799232
v 0.396109134 0.190708995 0.461838931
v 0.604148865 0.239468366 0.348119795
v 0.494817823 0.312634438 0.408674598
v 0.439288974 0.22539787 0.628606558
v 0.614219427 0.171537325 0.537630916
v 0.433989406 0.159126103 0.299881518
v 0.400751561 0.172662392 0.354588836
v 0.551208675 0.149147779 0.326931775
v 0.436348796 0.134193227 0.459369689
v 0.476015657 0.142899036 0.537553251
v 0.582949579 0.286894619 0.377053916
v 0.46790573 0.145102888 0.335642397
v 0.508924305 0.155162379 0.55378288
v 0.547381103 0.315678835 0.53742528
v 0.562738717 0.306481987 0.442045718
v 0.44536376 0.308271885 0.425153166
v 0.428744942 0.136811614 0.450707406
v 0.536453485 0.314841866 0.474168628
v 0.50298506 0.314316005 0.458921015
v 0.482768089 0.161183193 0.561536729
v 0.456864089 0.311977655 0.430882543
v 0.589319348 0.156198621 0.369832277
v 0.462261289 0.318582118 0.573447227
v 0.58483088 0.285149455 0.397860497
v 0.53609246 0.293957502 0.655307055
v 0.398557693 0.176480487 0.342606008
v 0.398652643 0.194039822 0.36388284
v 0.396168262 0.180810258 0.318508267
v 0.417991281 0.153299153 0.542556226
v 0.475223988 0.136085242 0.4253501
v 0.558229864 0.150827944 0.328075439
v 0.390645176 0.227977931 0.307167262
v 0.568827271 0.304445237 0.486857772
v 0.39286831 0.213612378 0.389438391
v 0.505388141 0.308297664 0.637461603
v 0.492518842 0.132026687 0.494024217
v 0.601937532 0.23232837 0.496371388
v 0.535938084 0.203087792 0.612944365
v 0.435245275 0.142502055 0.399512351
v 0.599348724 0.253419697 0.500131369
v 0.500161648 0.311697632 0.378350168
v 0.51007998 0.310097456 0.633284867
v 0.39959228 0.234936655 0.475493819
v 0.539435625 0.311931491 0.393520951
v 0.471467674 0.147744626 0.306342125
v 0.59941119 0.246321768 0.401655197
v 0.435866088 0.135518715 0.528437018
v 0.56450367 0.15406245 0.321748883
v 0.428421199 0.298972338 0.427422732
v 0.4435983 0.287131101 0.649449289
v 0.573385417 0.300052553 0.479267716
v 0.408314705 0.265414953 0.449281424
v 0.481992811 0.317163616 0.551170826
v 0.43227765 0.146914676 0.374678314
v 0.432045698 0.150258124 0.35417363
v 0.395914674 0.185849994 0.405511856
v 0.414484471 0.282691658 0.374222726
v 0.506457508 0.313296974 0.425899148
v 0.448709726 0.147301793 0.347281873
v 0.401713192 0.244830817 0.457122117
v 0.443585068 0.131458268 0.476548284
v 0.602943242 0.180863619 0.341162384
v 0.575920999 0.295637161 0.414652884
v 0.458831072 0.312057674 0.422699481
v 0.606992304 0.178371996 0.506220162
v 0.580322146 0.205098137 0.601113379
v 0.400338411 0.262221307 0.508525193
v 0.580632091 0.290036529 0.393730491
v 0.478735954 0.138748497 0.391960979
v 0.588279188 0.277648062 0.329010427
v 0.404157817 0.255967081 0.417588085
v 0.400801927 0.245797619 0.413533092
v 0.534809232 0.141251087 0.371495903
v 0.435038924 0.138132155 0.431157678
v 0.463294804 0.205076456 0.614547908
v 0.601314366 0.234749347 0.42262277
v 0.597327888 0.180244476 0.385840625
v 0.538692892 0.142899781 0.360919178
v 0.601935923 0.177995622 0.307847947
v 0.402606577 0.18286261 0.382094204
v 0.573108077 0.310032129 0.620993972
v 0.406899869 0.150663882 0.481880724
v 0.530831754 0.305634767 0.644768536
v 0.586391687 0.289229751 0.518901169
v 0.558531225 0.310341805 0.481435329
v 0.576605022 0.133818507 0.495391876
v 0.446950108 0.318467796 0.585241675
v 0.525684655 0.318031788 0.606292367
v 0.587172031 0.280828476 0.421563536
v 0.407489479 0.263559729 0.440439582
v 0.443157434 0.307131231 0.418265283
v 0.605066597 0.17149213 0.49257952
v 0.392183453 0.234510437 0.310539782
v 0.46185407 0.309507877 0.351523846
v 0.396102041 0.240936711 0.347181529
v 0.49563393 0.139861479 0.376918346
v 0.393224657 0.207911789 0.331403226
v 0.436230242 0.300479859 0.372774035
v 0.604676247 0.197186694 0.492132664
v 0.591333866 0.287074089 0.523773432
v 0.397166282 0.172187641 0.482571632
v 0.426849306 0.287750185 0.300130129
v 0.415105581 0.246156543 0.639780462
v 0.604226649 0.205101579 0.448723704
v 0.49819684 0.313658953 0.619583368
v 0.398090601 0.250463575 0.319053948
v 0.513899028 0.13837266 0.394136727
v 0.385666817 0.174242958 0.531980515
v 0.429463148 0.290601224 0.319530815
v 0.431944817 0.300707161 0.412119806
v 0.428440809 0.136449993 0.527106047
v 0.414925545 0.28293851 0.347001821
v 0.439098537 0.306062937 0.438210696
v 0.573787868 0.299560517 0.485068917
v 0.594056249 0.169307411 0.403779536
v 0.396286011 0.211741626 0.442637533
v 0.493867904 0.133158579 0.51244241
v 0.579755962 0.146434426 0.405887425
v 0.473753035 0.313119382 0.4272452
v 0.410106719 0.166869029 0.55227983
v 0.443740249 0.308351666 0.436619431
v 0.417562395 0.285968274 0.453980058
v 0.433372468 0.299988329 0.392627925
v 0.402661502 0.148230359 0.504074991
v 0.45309934 0.279242039 0.653982699
v 0.47800532 0.311427891 0.379143834
v 0.594691873 0.257114917 0.451941967
v 0.551203251 0.131856754 0.470932931
v 0.431992829 0.305915177 0.530541837
v 0.423499912 0.286250859 0.644505978
v 0.395039082 0.186877728 0.42488429
v 0.559847116 0.305113703 0.389597774
v 0.520748198 0.135161221 0.436511517
v 0.592586935 0.163859189 0.419376194
v 0.401513755 0.273176759 0.514330208
v 0.396802574 0.210514933 0.478980273
v 0.602869153 0.214049593 0.466751099
v 0.528926492 0.181061387 0.587100506
v 0.413696826 0.272433698 0.644377708
v 0.405684799 0.175518543 0.388916343
v 0.602823436 0.186443284 0.337386787
v 0.468690425 0.161644384 0.562283695
v 0.413534671 0.253550202 0.641947687
v 0.549226046 0.315220207 0.6230914
v 0.449986339 0.132598191 0.464949429
v 0.561506271 0.13553746 0.443070233
v 0.543631673 0.13007699 0.498000562
v 0.502723515 0.134325191 0.450564831
v 0.566647708 0.141339913 0.406773746
v 0.594391346 0.168337628 0.390799701
v 0.57795316 0.219636828 0.617288291
v 0.51168716 0.14258875 0.535687149
v 0.40338254 0.252210379 0.433203071
v 0.574587286 0.145506501 0.537710607
v 0.480578482 0.185175329 0.593685985
v 0.572232962 0.15856503 0.318957657
v 0.580012202 0.292319208 0.461347312
v 0.603762686 0.18121542 0.442619324
v 0.609136343 0.22915037 0.316409469
v 0.42191118 0.297864437 0.527502298
v 0.58454597 0.284338355 0.454509288
v 0.506413817 0.311790317 0.378940225
v 0.424786747 0.149139121 0.375879973
v 0.606941104 0.228470728 0.353970617
v 0.52154547 0.318297118 0.586114049
v 0.534609973 0.318111151 0.566595376
v 0.587855518 0.152719125 0.408524245
v 0.502359927 0.315542161 0.497748494
v 0.436071068 0.148280963 0.35980767
v 0.523677051 0.315725207 0.497763544
v 0.409167796 0.272479653 0.381846458
v 0.390145063 0.212315738 0.3343876
v 0.430781156 0.313852787 0.608762622
v 0.568101883 0.306206912 0.516315401
v 0.473138839 0.132982329 0.463951617
v 0.572374225 0.297605276 0.402077287
v 0.411252081 0.277568549 0.372758627
v 0.431785971 0.296415448 0.36646077
v 0.461472094 0.31367138 0.464846909
v 0.434307903 0.29931289 0.379095107
v 0.395269096 0.212602198 0.423401028
v 0.5585953 0.154338419 0.307252049
v 0.527119875 0.133752197 0.453862786
v 0.59999001 0.188738599 0.356817096
v 0.40245679 0.17172046 0.425269127
v 0.527352333 0.131325126 0.495268822
v 0.496841192 0.149683133 0.54618299
v 0.428209335 0.159009382 0.314170212
v 0.569178462 0.298744231 0.381843269
v 0.601727128 0.174992368 0.438997865
v 0.407054394 0.162297904 0.387797117
v 0.48151803 0.145092532 0.31435746
v 0.49024421 0.311555594 0.377492875
v 0.58144635 0.145941928 0.413581878
v 0.391698927 0.170718342 0.529197156
v 0.543166161 0.132970616 0.523032904
v 0.418532282 0.295952648 0.637812614
v 0.437708259 0.148673818 0.354334414
v 0.452860951 0.303312868 0.642411292
v 0.601628184 0.225584298 0.476534426
v 0.522704184 0.189230531 0.598992884
v 0.531207681 0.143690422 0.344249576
v 0.604344845 0.18381685 0.429645836
v 0.574987054 0.294456512 0.384763718
v 0.440244079 0.145592421 0.370617896
v 0.481000364 0.309937894 0.337240398
v 0.473855317 0.13776651 0.405119658
v 0.394695342 0.195931524 0.433242649
v 0.444354624 0.305134445 0.365199536
v 0.454236299 0.148430318 0.547453403
v 0.528661907 0.310907304 0.353672117
v 0.396062493 0.206691995 0.447241992
v 0.535462141 0.184891358 0.59084028
v 0.442073137 0.149237454 0.342551082
v 0.603069186 0.198000625 0.337861598
v 0.392537534 0.227170154 0.345238686
v 0.605991781 0.199164733 0.504633367
v 0.468983442 0.313203603 0.43482244
v 0.546185493 0.318997085 0.579420567
v 0.547975898 0.15529424 0.554822385
v 0.414776891 0.158465192 0.346599072
v 0.584492028 0.283823311 0.473012656
v 0.493293703 0.313537002 0.436667651
v 0.596296906 0.17570962 0.401261181
v 0.599285364 0.257752568 0.334875166
v 0.504934609 0.141660377 0.351997018
v 0.61049968 0.171550378 0.541018069
v 0.490353227 0.150345206 0.547053099
v 0.398249447 0.230059758 0.435984194
v 0.471088946 0.308498293 0.313707769
v 0.404482812 0.168555051 0.376321524
v 0.569968283 0.293934107 0.333726883
v 0.424092829 0.206884608 0.604463935
v 0.602223754 0.167485461 0.485205531
v 0.408057779 0.142049998 0.514545918
v 0.587618113 0.280989349 0.380237609
v 0.598253846 0.24871698 0.414261222
v 0.608652353 0.209261164 0.365384609
v 0.468095839 0.13640672 0.423005074
v 0.578019679 0.294840991 0.466623604
v 0.585725665 0.18485786 0.576864839
v 0.596721113 0.149778366 0.497417033
v 0.60959816 0.218567804 0.313759714
v 0.460249424 0.309670985 0.358561337
v 0.477075458 0.132056296 0.479324162
v 0.515177369 0.146039739 0.541509867
v 0.516259968 0.1623175 0.563355625
v 0.51039511 0.310073048 0.325115114
v 0.391368717 0.213345662 0.368542641
v 0.601731181 0.231329829 0.427864701
v 0.463911206 0.310385317 0.365365177
v 0.52381891 0.317524463 0.55565393
v 0.452069789 0.31047067 0.425971895
v 0.501814425 0.31641537 0.525585771
v 0.396479964 0.180860475 0.424977034
v 0.417154104 0.135472104 0.510532975
v 0.432928562 0.139503866 0.423862725
v 0.523473144 0.144866779 0.321442962
v 0.399431884 0.1530343 0.519705713
v 0.394783199 0.211296186 0.514117718
v 0.578979254 0.294459999 0.508925319
v 0.485116631 0.135848954 0.522321939
v 0.474780351 0.133477613 0.45767948
v 0.527469516 0.311828524 0.375439465
v 0.415335357 0.280071169 0.312011927
v 0.521534979 0.308876395 0.298767716
v 0.419174939 0.29009831 0.405109823
v 0.537469864 0.319304049 0.583689809
v 0.449689209 0.214445174 0.620079398
v 0.413187206 0.138755947 0.515515983
v 0.400173128 0.239049792 0.44337523
v 0.507372677 0.314997107 0.479318619
v 0.54622072 0.313206464 0.451679528
v 0.495100528 0.315230608 0.612204313
v 0.466337293 0.31778881 0.562154889
v 0.444169819 0.220094636 0.624407113
v 0.558040261 0.317601234 0.575668812
v 0.457422763 0.312643051 0.452093512
v 0.412044823 0.146280468 0.47784701
v 0.408345908 0.269274384 0.402671248
v 0.591671646 0.273433834 0.498527616
v 0.545274675 0.21547316 0.622893751
v 0.578289509 0.300371885 0.533907473
v 0.60031873 0.17429015 0.35333693
v 0.541030347 0.311466545 0.388203263
v 0.583819509 0.285553575 0.369018286
v 0.52896142 0.161814541 0.562877893
v 0.408873558 0.161433801 0.347597063
v 0.407924086 0.167866766 0.407984734
v 0.561489522 0.136466548 0.436263233
v 0.556063056 0.312149167 0.500555277
v 0.571381629 0.308307618 0.627043486
v 0.482127547 0.315898448 0.512657285
v 0.60535109 0.196261525 0.321661592
v 0.463512361 0.309001088 0.338952094
v 0.566929221 0.179623321 0.577251971
v 0.492800862 0.133656427 0.459508359
v 0.571314931 0.300970614 0.6372931
v 0.540421188 0.313847005 0.449533045
v 0.596210957 0.258591175 0.488299906
v 0.499103695 0.14349708 0.330432862
v 0.507449865 0.309776634 0.317414969
v 0.396811455 0.158809438 0.506320953
v 0.445889145 0.25367111 0.644195914
v 0.505160511 0.1456514 0.305042773
v 0.558492005 0.301886559 0.331382304
v 0.478868425 0.146052659 0.306789815
v 0.598363698 0.253818423 0.378843695
v 0.442777425 0.303148985 0.339963228
v 0.524802387 0.315529853 0.490590543
v 0.525137424 0.313954085 0.438309103
v 0.506156802 0.143528372 0.328800678
v 0.586863041 0.27020216 0.644356549
v 0.398249537 0.188550428 0.380964905
v 0.408362716 0.265408486 0.457958817
v 0.535752952 0.142763436 0.539304912
v 0.556340754 0.192409545 0.593954802
v 0.396639347 0.169149593 0.527153432
v 0.407161295 0.269927919 0.352466345
v 0.432951629 0.303301722 0.44954294
v 0.399847865 0.176249623 0.421569318
v 0.516847074 0.139547393 0.531002402
v 0.466675609 0.308641225 0.325755179
v 0.59089148 0.269774526 0.43800956
v 0.545741498 0.315160066 0.518335223
v 0.527021825 0.167044804 0.569551826
v 0.583593309 0.265007526 0.644083321
v 0.401780456 0.169238135 0.334078312
v 0.585632145 0.282122225 0.492030859
v 0.471491903 0.145217061 0.328089178
v 0.467424184 0.133674681 0.51967752
v 0.50776422 0.135054454 0.519888222
v 0.565610766 0.20419997 0.60418582
v 0.395630866 0.200030655 0.488022864
v 0.606387496 0.197948396 0.417024046
v 0.466838241 0.154106438 0.553333998
v 0.428633928 0.291027218 0.332581282
v 0.451678872 0.306913257 0.334899455
v 0.475561053 0.318028063 0.571365237
v 0.61393559 0.173360929 0.534105062
v 0.596625865 0.166457221 0.352634668
v 0.583411694 0.147091269 0.421138197
v 0.476311892 0.318331659 0.585770249
v 0.450211316 0.307780862 0.364623308
v 0.509021282 0.317263514 0.597917795
v 0.486988991 0.143526539 0.327834666
v 0.507327676 0.138287455 0.396165818
v 0.438510507 0.253244013 0.643069983
v 0.421585262 0.305049539 0.629120588
v 0.602214932 0.24986133 0.31501931
v 0.424881995 0.159078658 0.320919544
v 0.548110008 0.138211489 0.40901944
v 0.484218836 0.307495832 0.640716136
v 0.592720926 0.26465717 0.433570683
v 0.481837273 0.179407462 0.585742712
v 0.606104553 0.227678314 0.369875163
v 0.423146874 0.294811636 0.427341193
v 0.44470039 0.302426606 0.640696824
v 0.391767561 0.234976381 0.302243054
v 0.421512008 0.283322334 0.300703377
v 0.60160315 0.226378277 0.457591385
v 0.591039658 0.273421049 0.400902301
v 0.569821775 0.140944377 0.415645689
v 0.559978962 0.303863913 0.368906707
v 0.438362986 0.301597953 0.365827918
v 0.467663169 0.31542033 0.506852865
v 0.449523628 0.184196144 0.586346805
v 0.49981156 0.313784838 0.443196356
v 0.513197839 0.136563644 0.418585807
v 0.603921294 0.234677881 0.514238894
v 0.570582986 0.239352226 0.637053728
v 0.57293117 0.145396143 0.394701958
v 0.451184273 0.191888198 0.595324874
v 0.584985018 0.284860611 0.427146256
v 0.396503866 0.229445443 0.401971906
v 0.606281161 0.234279409 0.336758226
v 0.598977685 0.260746032 0.324370652
v 0.396729857 0.210858509 0.458266973
v 0.531977057 0.299685031 0.651512504
v 0.604394317 0.224771142 0.404521912
v 0.394346982 0.192660779 0.499081641
v 0.401871949 0.155626342 0.530453086
v 0.59253788 0.167893633 0.31388098
v 0.587525308 0.276683331 0.471826732
v 0.533483982 0.137435362 0.409076154
v 0.563397706 0.23867169 0.637304664
v 0.492684215 0.135136023 0.439006656
v 0.554934084 0.2469524 0.641478539
v 0.605522394 0.238268003 0.330943674
v 0.437104523 0.156899646 0.305219769
v 0.604529858 0.208004624 0.498005718
v 0.579101026 0.147261009 0.397616118
v 0.483511657 0.317908049 0.592283964
v 0.396304637 0.223878652 0.505536854
v 0.463461936 0.311423808 0.394455165
v 0.42386955 0.137175366 0.461251408
v 0.448774487 0.144563138 0.367716849
v 0.490607709 0.314775795 0.475645483
v 0.600201905 0.271209985 0.518052995
v 0.512678444 0.140187398 0.370500028
v 0.536367834 0.149188265 0.307380825
v 0.572878242 0.133462727 0.480780631
v 0.494873106 0.309652448 0.318950713
v 0.411761642 0.283859909 0.509959042
v 0.394280314 0.23360984 0.3483437
v 0.409174055 0.16139476 0.409693211
v 0.595727384 0.264929831 0.365611315
v 0.39467144 0.202108994 0.521700144
v 0.596068501 0.267499745 0.343595624
v 0.505264342 0.143008366 0.3357068
v 0.577587903 0.155470863 0.348829031
v 0.537530422 0.146629974 0.544662416
v 0.558416188 0.312713385 0.529920816
v 0.599004924 0.170694441 0.347968966
v 0.601092756 0.170247823 0.459562391
v 0.47505492 0.310007423 0.343684107
v 0.449973106 0.305196494 0.315870255
v 0.582875729 0.142148927 0.470011443
v 0.415512145 0.166840702 0.556671441
v 0.575130165 0.138546735 0.448251426
v 0.404742807 0.259171247 0.481616914
v 0.412070781 0.14999862 0.461475641
v 0.428028733 0.296375275 0.388646126
v 0.530530155 0.157967299 0.558115005
v 0.604369402 0.214498237 0.430950493
v 0.398628503 0.192506582 0.342899591
v 0.411861062 0.276223212 0.415770143
v 0.538635373 0.303126484 0.645749688
v 0.518520176 0.14382112 0.326088667
v 0.600482106 0.163001627 0.478908509
v 0.421236008 0.252582759 0.641721249
v 0.60452038 0.210597187 0.436661988
v 0.42733717 0.147209972 0.381828666
v 0.577597439 0.290585876 0.351375192
v 0.49133721 0.314269602 0.459740609
v 0.41375041 0.280256957 0.491314292
v 0.445976853 0.139784694 0.407133967
v 0.396222442 0.204819143 0.453786492
v 0.597802639 0.247488126 0.473279327
v 0.563875079 0.306713253 0.460653484
v 0.486028463 0.315355808 0.494557321
v 0.41947937 0.28976965 0.499117553
v 0.469953656 0.311972827 0.396650076
v 0.442775518 0.187126487 0.587780356
v 0.565627873 0.218212947 0.619473755
v 0.505935311 0.317055494 0.545712471
v 0.39449355 0.186145827 0.319996715
v 0.536279023 0.308372349 0.316730887
v 0.50420469 0.317600518 0.566347122
v 0.503865421 0.148941398 0.545203567
v 0.464967996 0.144775257 0.343467891
v 0.555634856 0.316688269 0.609416902
v 0.446735442 0.149297133 0.335406989
v 0.570089042 0.147041216 0.378945351
v 0.453862429 0.315487564 0.544308901
v 0.546615839 0.315400481 0.530189872
v 0.578748763 0.162244573 0.315576255
v 0.470777363 0.131825924 0.478937477
v 0.581823587 0.289879322 0.503680825
v 0.502796292 0.138800457 0.39013955
v 0.60365665 0.189257279 0.394011259
v 0.595881104 0.25920856 0.398895204
v 0.405036718 0.266102672 0.336891443
v 0.604516268 0.226342753 0.397790134
v 0.534970284 0.317343235 0.551703691
v 0.592192829 0.155989319 0.46049431
v 0.596895397 0.177005678 0.379063189
v 0.467760295 0.312734127 0.421723425
v 0.397028893 0.212195814 0.471083045
v 0.553629756 0.306981742 0.365933686
v 0.607286274 0.200115681 0.404422879
v 0.393088132 0.211018592 0.396534711
v 0.397728682 0.222419843 0.485238403
v 0.42028594 0.151032001 0.373791993
v 0.40489459 0.176330492 0.382492512
v 0.478672415 0.131609336 0.498154104
v 0.419892758 0.219206512 0.617070079
v 0.421822071 0.183223814 0.578235149
v 0.391586989 0.226182804 0.334275663
v 0.490135819 0.144090801 0.321664453
v 0.42121762 0.137558341 0.52417022
v 0.545381725 0.229322985 0.633213699
v 0.49380827 0.142461374 0.343565285
v 0.460960388 0.21863462 0.627181232
v 0.529501021 0.309931397 0.333958238
v 0.394056588 0.223651692 0.382306278
v 0.442655712 0.141205817 0.399979562
v 0.57237041 0.176699474 0.572618544
v 0.4632985 0.143283665 0.359481156
v 0.50453639 0.313186377 0.622113228
v 0.393711686 0.186409146 0.502691329
v 0.575998724 0.141950667 0.532910466
v 0.481458545 0.318080336 0.587193191
v 0.603860795 0.160164773 0.506930888
v 0.607141376 0.207835287 0.403712422
v 0.604637504 0.198957428 0.446867108
v 0.470891774 0.312559992 0.413905561
v 0.411678731 0.273496598 0.469620287
v 0.601409912 0.192161947 0.370154679
v 0.394229054 0.194343537 0.377892375
v 0.609193265 0.204770669 0.30080846
v 0.603881419 0.242034256 0.337154239
v 0.399230182 0.243174508 0.39401257
v 0.604219079 0.194327697 0.4593018
v 0.399030536 0.243474036 0.38718155
v 0.414779335 0.280436426 0.449335903
v 0.577566922 0.254181266 0.642261684
v 0.478067905 0.13936314 0.384502918
v 0.483938277 0.312439084 0.62777108
v 0.411841124 0.154415622 0.431053549
v 0.457407445 0.132380798 0.466522634
v 0.503278255 0.133365005 0.464425653
v 0.516294837 0.155850127 0.554847121
v 0.572262466 0.159849361 0.312089115
v 0.412299842 0.276820183 0.322201133
v 0.597688377 0.25172928 0.407342523
v 0.519188106 0.311800569 0.373765945
v 0.564046264 0.300184935 0.640258253
v 0.418178976 0.287133664 0.447276115
v 0.545635223 0.311947644 0.420180053
v 0.513071299 0.313804805 0.439328372
v 0.598462462 0.170549288 0.364432693
v 0.400277764 0.24848558 0.384255648
v 0.599125683 0.157977641 0.526312709
v 0.475175202 0.146133021 0.312343866
v 0.479057372 0.189062238 0.598887205
v 0.497104913 0.311016172 0.358691692
v 0.602805257 0.214185849 0.477926791
v 0.608000517 0.163129866 0.53580308
v 0.451509982 0.311250806 0.452310205
v 0.496670872 0.132170007 0.486170262
v 0.5197106 0.141114518 0.359969944
v 0.470387071 0.141999945 0.362107784
v 0.461016685 0.303967237 0.644159853
v 0.588730812 0.275643528 0.43458584
v 0.554741323 0.14124918 0.537945688
v 0.431360513 0.301416636 0.432056636
v 0.39298597 0.227310121 0.352190316
v 0.506206632 0.315829098 0.609222174
v 0.605009556 0.201802969 0.497972041
v 0.467359275 0.138488755 0.400935918
v 0.595015287 0.257138282 0.435775191
v 0.457292259 0.314045936 0.492870122
v 0.518298507 0.308313996 0.638926804
v 0.582436919 0.295975506 0.529684067
v 0.445711553 0.163419709 0.562729359
v 0.399459064 0.242955253 0.399907798
v 0.584764838 0.167313099 0.301399767
v 0.559905708 0.232478663 0.634162545
v 0.519619703 0.139989987 0.374766856
v 0.40187645 0.169300705 0.350278109
v 0.425741017 0.227439612 0.626967311
v 0.394769788 0.184508532 0.486783266
v 0.504433393 0.313496798 0.432720184
v 0.423104733 0.289197564 0.338386238
v 0.603121758 0.173458681 0.48208642
v 0.401019514 0.155302018 0.49158892
v 0.476986736 0.14114818 0.36454311
v 0.39296636 0.198071659 0.38190341
v 0.4754951 0.14777717 0.299767107
v 0.408945382 0.15797098 0.399063528
v 0.58592993 0.281169891 0.460436076
v 0.456835806 0.182388663 0.585997462
v 0.604719877 0.187562376 0.444956183
v 0.438783675 0.18407312 0.583428144
v 0.591633677 0.269474983 0.419590861
v 0.418826014 0.13584657 0.517335296
v 0.393625379 0.191520467 0.41014868
v 0.461466253 0.146224722 0.337325305
v 0.490842283 0.313283712 0.429424703
v 0.392923623 0.235268205 0.318637311
v 0.571258843 0.136388153 0.452023625
v 0.536586404 0.139426216 0.390388519
v 0.603274405 0.184446216 0.414075255
v 0.473685473 0.132615715 0.514426589
v 0.433004439 0.295387149 0.341044962
v 0.531775355 0.312740982 0.403113425
v 0.530884027 0.131287992 0.489450812
v 0.596965671 0.252337873 0.42020309
v 0.481894761 0.308404356 0.297863424
v 0.410071909 0.161710918 0.34060654
v 0.565817356 0.315090358 0.603507817
v 0.435000867 0.3060247 0.485334933
v 0.597722828 0.181955233 0.375426441
v 0.603187919 0.247651905 0.307781011
v 0.492106736 0.137396812 0.408845544
v 0.444450468 0.317822039 0.596684754
v 0.48609677 0.131870329 0.499573559
v 0.590861261 0.275965899 0.367566466
v 0.550783217 0.139275461 0.402213484
v 0.586697757 0.159052536 0.545971453
v 0.605433524 0.189981207 0.425541669
v 0.41701442 0.158561319 0.340526223
v 0.47851029 0.138191 0.398872882
v 0.423182845 0.246720627 0.639901638
v 0.444116473 0.150864437 0.328889966
v 0.52774775 0.132658735 0.468506485
v 0.403016269 0.250013083 0.45094642
v 0.504754603 0.133797452 0.457786888
v 0.481652379 0.312236071 0.399957836
v 0.604038 0.182196349 0.334134281
v 0.571730912 0.272086769 0.646237552
v 0.397445112 0.166916609 0.487327963
v 0.50299722 0.317532837 0.58907032
v 0.395837247 0.156851694 0.528855205
v 0.5349859 0.164521262 0.56630379
v 0.53820622 0.174734622 0.578074038
v 0.438811868 0.210572407 0.612202764
v 0.605175793 0.194863334 0.381637007
v 0.402927041 0.162609994 0.458800942
v 0.409943193 0.143422008 0.493469596
v 0.454365462 0.13681218 0.424458563
v 0.515223205 0.313462317 0.427489907
v 0.524224699 0.313082904 0.411157429
v 0.569606125 0.297931343 0.375382781
v 0.454043567 0.312946558 0.479377359
v 0.568489552 0.29623279 0.346367329
v 0.58440572 0.136979461 0.503116965
v 0.468799531 0.147441521 0.314173311
v 0.443799585 0.304017872 0.346136153
v 0.515309453 0.131835341 0.497024894
v 0.538367867 0.140332639 0.383280307
v 0.444247782 0.312213182 0.525181174
v 0.39717257 0.251753956 0.515899241
v 0.593591869 0.271359891 0.3643426
v 0.602967739 0.231482849 0.403092921
v 0.493913114 0.13684468 0.416340709
v 0.40961045 0.270192087 0.426292539
v 0.430026233 0.296193182 0.374724239
v 0.538822234 0.166979358 0.568919539
v 0.396390945 0.202666029 0.46766454
v 0.467220515 0.134387985 0.445584774
v 0.59860152 0.184222251 0.360635638
v 0.597729206 0.148684219 0.512593389
v 0.512518823 0.314626873 0.465703219
v 0.565193832 0.157273576 0.553527653
v 0.605736673 0.180574268 0.493191093
v 0.461700469 0.20959717 0.619214833
v 0.449921221 0.129923269 0.490629822
v 0.41052559 0.271933377 0.302525848
v 0.42751357 0.28900069 0.315594554
v 0.397921205 0.229937285 0.495322734
v 0.566968262 0.306149572 0.494140893
v 0.608148456 0.208694592 0.30620718
v 0.436124563 0.130024821 0.514649749
v 0.566440165 0.300891161 0.388180047
v 0.428129077 0.13064377 0.502034605
v 0.573561311 0.182164967 0.578197002
v 0.423262537 0.170122877 0.564263463
v 0.408571869 0.272376001 0.363188297
v 0.605899513 0.183110788 0.534607291
v 0.464215487 0.314053088 0.470205486
v 0.440853089 0.317496777 0.589710295
v 0.49791649 0.314178109 0.455773443
v 0.489365429 0.138875052 0.389326096
v 0.458115965 0.299051136 0.648187757
v 0.504435122 0.314043522 0.449984193
v 0.552135825 0.197851792 0.600940406
v 0.48034665 0.133907244 0.517163098
v 0.523646951 0.139175192 0.386256307
v 0.605175257 0.208926946 0.429263264
v 0.606579602 0.195395499 0.409242541
v 0.44150281 0.129202247 0.511827648
v 0.538909137 0.150766596 0.549721479
v 0.607993364 0.201874554 0.306884617
v 0.600157738 0.186870754 0.3490358
v 0.534345567 0.307347447 0.298500329
v 0.491828978 0.307773709 0.639109969
v 0.437924802 0.299737811 0.343640178
v 0.448065519 0.307098508 0.637239695
v 0.453372568 0.133155048 0.45916748
v 0.505083442 0.315780312 0.504736543
v 0.595971286 0.25670585 0.413830578
v 0.534431934 0.207655296 0.619133532
v 0.401229322 0.24930732 0.398113221
v 0.408331543 0.159574687 0.36865139
v 0.492987841 0.138431206 0.395194054
v 0.438837767 0.164153963 0.561967671
v 0.524077356 0.31560716 0.621382356
v 0.430343121 0.159384072 0.307170749
v 0.537258446 0.309404075 0.335448086
v 0.411652446 0.157540917 0.359901458
v 0.549076498 0.142383918 0.374943525
v 0.604814529 0.186132535 0.438170284
v 0.402421296 0.178996533 0.36645022
v 0.599778712 0.236996084 0.469575316
v 0.395302653 0.175420403 0.52138114
v 0.502108037 0.144995317 0.312351018
v 0.606234372 0.208754301 0.3300035
v 0.603224099 0.180591151 0.435854375
v 0.5883286 0.276437998 0.441705585
v 0.506732941 0.313784957 0.441120178
v 0.433480293 0.295441508 0.334831506
v 0.398407519 0.228818133 0.447452635
v 0.589784026 0.275714427 0.409105182
v 0.587039292 0.149262846 0.449428082
v 0.406032056 0.166463524 0.328314394
v 0.450113624 0.306802481 0.341795564
v 0.598744333 0.165613428 0.456563145
v 0.578565359 0.136939034 0.479724348
v 0.564890385 0.212685972 0.613628447
v 0.409820527 0.171268448 0.557358742
v 0.60361141 0.179768056 0.455960512
v 0.480300933 0.314209342 0.459368289
v 0.508714914 0.145103201 0.310085475
v 0.557021141 0.238012791 0.637397766
v 0.589788437 0.156883538 0.5404284
v 0.480444729 0.312990308 0.421952575
v 0.397413999 0.236853972 0.390233397
v 0.419595212 0.157142982 0.547978044
v 0.472483814 0.31541267 0.502484441
v 0.566299856 0.299834013 0.370470643
v 0.415631801 0.283859551 0.49796471
v 0.397135079 0.1814702 0.302487969
v 0.555929005 0.314103603 0.623017848
v 0.589536726 0.264232785 0.643529117
v 0.512587965 0.139713004 0.376377761
v 0.405886501 0.266412824 0.3652426
v 0.405210018 0.16539903 0.437119126
v 0.428886503 0.302345842 0.511045039
v 0.565919399 0.139202774 0.420793414
v 0.490436167 0.311052799 0.362665266
v 0.448087007 0.30981499 0.439112723
v 0.457864821 0.236414775 0.639238954
v 0.602095664 0.196221113 0.346776485
v 0.469458103 0.318432122 0.575551629
v 0.583244562 0.287211388 0.419859797
v 0.52674979 0.131692365 0.507095098
v 0.563376725 0.307392627 0.46833384
v 0.577082038 0.168155476 0.561679244
v 0.593231976 0.268176258 0.395340949
v 0.431242853 0.205228895 0.604387641
v 0.491910487 0.315260589 0.490626246
v 0.433977962 0.236204177 0.635919809
v 0.459887773 0.14843455 0.322462767
v 0.558857739 0.304118335 0.362041384
v 0.601283848 0.23901625 0.40283978
v 0.404824138 0.265578955 0.304380774
v 0.543044329 0.310468465 0.634983361
v 0.429784209 0.246082574 0.639832139
v 0.393369853 0.193003789 0.394874603
v 0.432975113 0.315103799 0.601702273
v 0.510834992 0.317508101 0.560609758
v 0.402638078 0.180435076 0.387307048
v 0.48714295 0.312611341 0.409731984
v 0.554406106 0.138123274 0.415029436
v 0.533182502 0.310403049 0.348289967
v 0.603027642 0.176067531 0.461819082
v 0.524729669 0.147974119 0.29883796
v 0.454806507 0.31514135 0.537059486
v 0.603698432 0.18841204 0.33141923
v 0.601364136 0.175085485 0.335587651
v 0.449473798 0.167457744 0.568021238
v 0.422338516 0.161347613 0.314824075
v 0.398227125 0.257665515 0.513840079
v 0.578193545 0.247944862 0.640186369
v 0.397134095 0.22363852 0.43436569
v 0.488795549 0.141831324 0.534597576
v 0.476617515 0.312437057 0.407360464
v 0.504905403 0.310792506 0.348757416
v 0.583127201 0.160338789 0.333951801
v 0.485901982 0.313420504 0.434062958
v 0.397775739 0.236604452 0.398644686
v 0.411910713 0.154039875 0.424126774
v 0.586998165 0.159837306 0.340892702
v 0.428756356 0.304660648 0.534110188
v 0.507632971 0.14601934 0.54106617
v 0.588661075 0.14044033 0.516242623
v 0.445399851 0.307561368 0.406753123
v 0.486676335 0.136867166 0.415550411
v 0.41919452 0.230490491 0.628988445
v 0.600914299 0.179329172 0.415864825
v 0.418764293 0.143457219 0.430564404
v 0.470889002 0.311293244 0.379443377
v 0.552390218 0.148232505 0.334621906
v 0.47643137 0.318226367 0.578570843
v 0.605354965 0.226291344 0.386561781
v 0.559291422 0.149933308 0.547020614
v 0.584224403 0.1579151 0.348445952
v 0.555923223 0.299625635 0.643107295
v 0.396650463 0.194140285 0.330151111
v 0.409280181 0.15759334 0.405221194
v 0.427103847 0.302184522 0.528509021
v 0.4186382 0.191215202 0.585816443
v 0.598051786 0.257511854 0.363213837
v 0.518070757 0.315194845 0.482003182
v 0.429534316 0.290059119 0.644749939
v 0.559602499 0.146442264 0.359379113
v 0.488269866 0.132053152 0.48659268
v 0.541271508 0.317183137 0.55472362
v 0.533885539 0.131221101 0.508640707
v 0.42403549 0.278577209 0.64597863
v 0.432473481 0.305607289 0.506594539
v 0.47385636 0.177942514 0.582690358
v 0.459910989 0.134345889 0.446009696
v 0.454671144 0.305496275 0.304160804
v 0.556228101 0.310846448 0.470395714
v 0.522991478 0.146522239 0.305820316
v 0.486658365 0.133611888 0.51510942
v 0.400934726 0.249475986 0.390863329
v 0.531601548 0.197987512 0.608416557
v 0.592277229 0.158351779 0.382029325
v 0.587464571 0.279562652 0.498119831
v 0.460722625 0.140023708 0.391116947
v 0.511504352 0.316889018 0.53915441
v 0.577176869 0.149436265 0.380378634
v 0.433667302 0.183710679 0.581821382
v 0.403126419 0.25216642 0.477895677
v 0.398182601 0.250464767 0.327766478
v 0.500863969 0.317209035 0.55198139
v 0.40416196 0.263233781 0.353993565
v 0.493689299 0.141804025 0.35143283
v 0.413164943 0.151082918 0.444322646
v 0.460472882 0.134662703 0.525725842
v 0.575302482 0.296488643 0.42203626
v 0.579221845 0.286198825 0.317991138
v 0.598583281 0.179426968 0.404843897
v 0.412223339 0.275782406 0.436922669
v 0.488020241 0.316116929 0.51826328
v 0.476380587 0.317872554 0.605664551
v 0.462630242 0.146411121 0.544346392
v 0.397663414 0.19765009 0.345767349
v 0.466361463 0.307161689 0.299500883
v 0.498427808 0.313325763 0.429323554
v 0.409179151 0.268490016 0.43455559
v 0.594394088 0.167913362 0.319921315
v 0.389901519 0.211375073 0.343808383
v 0.492671758 0.313782394 0.444437623
v 0.598814309 0.171424717 0.324402452
v 0.48479715 0.312838018 0.416786373
v 0.585798085 0.282475531 0.434693217
v 0.596876144 0.175677344 0.409288794
v 0.465935588 0.298433155 0.65235281
v 0.441865623 0.134368062 0.453541845
v 0.529234886 0.31512174 0.475486547
v 0.45470354 0.314839184 0.624785483
v 0.54923439 0.131181553 0.477988839
v 0.479690254 0.134411767 0.446838737
v 0.584571838 0.284941882 0.38409403
v 0.49858427 0.133862555 0.457167149
v 0.562843144 0.25491792 0.643483222
v 0.595790744 0.281898379 0.521981061
v 0.474570483 0.308045626 0.299161732
v 0.467785239 0.304865271 0.645486712
v 0.416573972 0.283931732 0.485498935
v 0.488180339 0.309359848 0.315602899
v 0.415740281 0.282559484 0.44415763
v 0.60625416 0.205918744 0.416677952
v 0.393445879 0.183616325 0.509293139
v 0.523233354 0.145377904 0.541084826
v 0.516263247 0.311613917 0.368750602
v 0.454180568 0.316300571 0.551309407
v 0.593900204 0.267073989 0.388220459
v 0.462833583 0.134873226 0.440017402
v 0.570002317 0.303249389 0.481296778
v 0.455908328 0.144820258 0.356762886
v 0.608562887 0.227844164 0.335470229
v 0.589259863 0.273260534 0.449735761
v 0.5161708 0.312253892 0.388798714
v 0.560812593 0.29796499 0.300347894
v 0.45040375 0.247505412 0.642727613
v 0.449364811 0.313920081 0.531543612
v 0.546029091 0.311034352 0.393409312
v 0.595099688 0.262703329 0.394413978
v 0.472853184 0.31371513 0.446682215
v 0.512011528 0.165771633 0.567935705
v 0.569728732 0.303035587 0.469197035
v 0.393024683 0.205740362 0.401815891
v 0.537513971 0.146138072 0.33266896
v 0.461155593 0.319388509 0.591815829
v 0.412987471 0.277255803 0.484366298
v 0.46400094 0.221654683 0.631200194
v 0.595338404 0.172112986 0.554378867
v 0.445476145 0.304034412 0.329241365
v 0.50769347 0.133008689 0.469857782
v 0.394580692 0.243657947 0.300871819
v 0.510797083 0.313586235 0.433326602
v 0.485009015 0.139382094 0.382378429
v 0.459332645 0.305964082 0.299671561
v 0.524978876 0.3167831 0.533960223
v 0.449499398 0.307036698 0.350844741
v 0.57722348 0.304678828 0.630137324
v 0.519231975 0.315372139 0.487393796
v 0.419789284 0.137433559 0.486372352
v 0.548071086 0.210350946 0.61608386
v 0.546487391 0.319303602 0.594840348
v 0.442427784 0.30441168 0.371869028
v 0.529926479 0.144772589 0.332873195
v 0.471902877 0.314734906 0.478617042
v 0.513260543 0.132171288 0.505884707
v 0.414594561 0.239152148 0.636280835
v 0.444621056 0.180990607 0.581571519
v 0.42686981 0.293331325 0.362138867
v 0.602189183 0.242847711 0.505904019
v 0.487098724 0.138499931 0.528787076
v 0.436992139 0.301019043 0.639792919
v 0.446814835 0.306304842 0.358406067
v 0.575500965 0.207818151 0.605350912
v 0.546544909 0.311367095 0.406853706
v 0.53938359 0.192125887 0.598540962
v 0.548329234 0.130733579 0.48411566
v 0.515111983 0.146721527 0.297951013
v 0.405291617 0.257337242 0.445965946
v 0.475867987 0.14062497 0.371539772
v 0.565969408 0.13202396 0.477736175
v 0.540597796 0.318152875 0.613308907
v 0.574446797 0.149895653 0.542712986
v 0.399408996 0.254163086 0.506297946
v 0.541062951 0.133258879 0.456772506
v 0.579638481 0.271068782 0.645300865
v 0.59404856 0.161221385 0.375280946
v 0.46235618 0.13927421 0.396567851
v 0.428732604 0.30057326 0.46860218
v 0.543699384 0.313934058 0.465484411
v 0.548558235 0.179849729 0.582002521
v 0.525137186 0.139824048 0.37951684
v 0.50647217 0.312432528 0.398779064
v 0.470469266 0.141892076 0.53646332
v 0.456336886 0.131685302 0.473877549
v 0.41572696 0.138189107 0.496240854
v 0.460010439 0.316648424 0.549114168
v 0.430275977 0.134545282 0.465965509
v 0.394530565 0.230419546 0.364961535
v 0.396551222 0.238706261 0.365975022
v 0.396629691 0.222632632 0.426585972
v 0.568680048 0.302790016 0.445792973
v 0.592703044 0.26317054 0.466152847
v 0.489138424 0.160055876 0.560100019
v 0.401115298 0.258497626 0.502402484
v 0.562937915 0.133246079 0.463641226
v 0.514025271 0.312562257 0.399528056
v 0.566152573 0.293813109 0.299837202
v 0.57352525 0.134522334 0.473338187
v 0.543278217 0.134477437 0.442966044
v 0.464461565 0.319281995 0.598707497
v 0.448098421 0.142791539 0.381955832
v 0.415767699 0.183376029 0.575570047
v 0.49817422 0.315694809 0.503298581
v 0.505589843 0.134839639 0.443076551
v 0.537144005 0.135843068 0.527651191
v 0.41450423 0.282402784 0.396550357
v 0.464233071 0.14951165 0.306900859
v 0.490542352 0.315938652 0.512301028
v 0.501055121 0.146242246 0.299387336
v 0.429310799 0.147814974 0.541839004
v 0.593955576 0.265157104 0.401341796
v 0.469860882 0.310751885 0.366475642
v 0.49060443 0.14021416 0.371439904
v 0.39758718 0.22280556 0.44936803
v 0.605788708 0.213081688 0.414490998
v 0.436206579 0.302233517 0.398219168
v 0.398694545 0.161395669 0.535748184
v 0.596279621 0.16658783 0.345946461
v 0.425829738 0.297749519 0.457538754
v 0.467428803 0.14961493 0.299668998
v 0.477034599 0.31061542 0.357914448
v 0.395114541 0.162851602 0.511542678
v 0.496596724 0.317534328 0.564762592
v 0.492696017 0.132696599 0.474661231
v 0.497860909 0.313957214 0.448983073
v 0.41300723 0.276023954 0.307807058
v 0.537648737 0.313990295 0.443234861
v 0.432642221 0.141612783 0.409681767
v 0.549582601 0.201196507 0.605377913
v 0.467422396 0.315584928 0.513090849
v 0.591572762 0.150333822 0.531165838
v 0.465814352 0.139951631 0.387222618
v 0.479892522 0.315615863 0.504532695
v 0.511737883 0.315236628 0.485630274
v 0.467821002 0.16618596 0.567769706
v 0.45652172 0.143747106 0.364179194
v 0.531158388 0.141936019 0.361270398
v 0.402369231 0.165480211 0.451097757
v 0.59479785 0.269058466 0.359235495
v 0.425778836 0.159724712 0.553703427
v 0.496848017 0.13337931 0.46437642
v 0.525260746 0.315888733 0.503602862
v 0.577526987 0.285114855 0.298826247
v 0.541757941 0.143604457 0.541273057
v 0.439017326 0.299882859 0.331148863
v 0.491208166 0.312827677 0.415370136
v 0.408031255 0.158136874 0.385593444
v 0.394372433 0.199527711 0.319529533
v 0.594725311 0.269859493 0.351956934
v 0.39272058 0.198751941 0.400628328
v 0.486206383 0.315103203 0.486491919
v 0.405145228 0.262314111 0.390414149
v 0.412352681 0.163443491 0.325599819
v 0.5232113 0.313677937 0.430276215
v 0.488955677 0.309666902 0.322416782
v 0.413088351 0.151453748 0.536800623
v 0.440173864 0.305285782 0.410710394
v 0.515148044 0.15279679 0.550806224
v 0.557455599 0.129549682 0.495924145
v 0.46352464 0.312170386 0.416774035
v 0.422493041 0.147806719 0.387501597
v 0.500424385 0.313108534 0.421977103
v 0.536316156 0.146825969 0.325562477
v 0.56590271 0.148532555 0.357999146
v 0.408179909 0.164140806 0.333139896
v 0.451391339 0.311572284 0.45876947
v 0.537665367 0.315491796 0.499913722
v 0.398693115 0.248584822 0.351211697
v 0.544290483 0.306291431 0.63992095
v 0.578564346 0.164295912 0.30342558
v 0.465561271 0.301775277 0.648956954
v 0.439849228 0.138194218 0.425792426
v 0.420183748 0.290283084 0.486364603
v 0.469646782 0.318625778 0.603885591
v 0.508586526 0.146383613 0.298755854
v 0.512410939 0.310988843 0.35142675
v 0.44711563 0.210188434 0.614420831
v 0.415163875 0.290512949 0.518720567
v 0.407365322 0.170000613 0.40103519
v 0.587586641 0.158020377 0.354179263
v 0.399005949 0.247617781 0.364488721
v 0.549352407 0.139019936 0.535190761
v 0.472627908 0.173651338 0.577134788
v 0.4019458 0.173928499 0.36185497
v 0.411537349 0.155901566 0.373554558
v 0.529092848 0.147121102 0.310056955
v 0.528546572 0.136855081 0.414834499
v 0.465367407 0.318057418 0.615220845
v 0.513968587 0.132545069 0.476232886
v 0.578820646 0.296676487 0.638076067
v 0.39403224 0.173765495 0.515107214
v 0.551869869 0.13342692 0.455782026
v 0.515644133 0.133654878 0.458332181
v 0.460329652 0.130106375 0.504113495
v 0.399804801 0.172243655 0.328138262
v 0.471129239 0.308108956 0.306004465
v 0.581989706 0.288621902 0.467098713
v 0.429993719 0.299442828 0.63893652
v 0.526214063 0.31831032 0.576559186
v 0.603784919 0.206869155 0.45661962
v 0.597380579 0.17242974 0.310258597
v 0.562798321 0.130214944 0.490928292
v 0.449275941 0.133896843 0.453177482
v 0.589524567 0.275580376 0.416681528
v 0.560546756 0.153788373 0.314479649
v 0.595387459 0.264909655 0.373910993
v 0.563815832 0.308956057 0.510011673
v 0.579362273 0.292310327 0.419071496
v 0.551093817 0.318152785 0.602364063
v 0.597238123 0.249417111 0.437365144
v 0.422473788 0.29373768 0.480380446
v 0.485677451 0.137410864 0.408433944
v 0.596863687 0.166486681 0.369185448
v 0.518691182 0.146451652 0.301480651
v 0.600025475 0.257522404 0.314431161
v 0.51937747 0.316233516 0.516168594
v 0.405845582 0.258774042 0.453794301
v 0.407991469 0.15385811 0.467506021
v 0.498511702 0.145621166 0.30564779
v 0.573567629 0.211895466 0.610179365
v 0.448474914 0.30985707 0.432180285
v 0.532693982 0.15035899 0.548820257
v 0.395338714 0.235051155 0.36027649
v 0.553488731 0.30853644 0.391727924
v 0.430967897 0.299062282 0.399556041
v 0.515407324 0.311176956 0.356623739
v 0.403091639 0.153957263 0.48505652
v 0.424662322 0.286526293 0.305394739
v 0.418612421 0.287689894 0.440324455
v 0.432138532 0.133627579 0.524407625
v 0.459905744 0.292625606 0.653751433
v 0.401213497 0.254402846 0.364280522
v 0.398481995 0.187606424 0.33966893
v 0.522184968 0.143693626 0.332566351
v 0.559116721 0.215295419 0.618266165
v 0.546379685 0.221505493 0.627946198
v 0.448664546 0.136843219 0.53195405
v 0.430995107 0.295243204 0.359162897
v 0.51073283 0.316796899 0.603970885
v 0.535536408 0.308116734 0.310946405
v 0.406503856 0.266897053 0.378863394
v 0.603307843 0.176314458 0.475945771
v 0.583481729 0.166934803 0.557602584
v 0.409532577 0.156493589 0.448156536
v 0.447585642 0.138595834 0.415008575
v 0.456135303 0.31927678 0.595295131
v 0.459663749 0.314787179 0.508776128
v 0.598990619 0.240681022 0.46123293
v 0.483779252 0.144131407 0.321598947
v 0.413941443 0.280606925 0.410414994
v 0.599580765 0.245706886 0.49277249
v 0.547727942 0.305313766 0.307731509
v 0.602192044 0.171490088 0.468576223
v 0.453028738 0.273597479 0.653828382
v 0.545582056 0.242078066 0.64125371
v 0.590296566 0.17035909 0.2997697
v 0.405179858 0.265769273 0.348707259
v 0.460753083 0.315777332 0.535070002
v 0.490323514 0.310098797 0.334628284
v 0.455453753 0.143020734 0.371476859
v 0.603837073 0.18346265 0.463217556
v 0.555003881 0.303662896 0.325463891
v 0.55268383 0.172726557 0.573290765
v 0.544228792 0.236513212 0.638600171
v 0.604813337 0.243083507 0.312721044
v 0.580079734 0.180360824 0.57412684
v 0.490364641 0.170688406 0.574447095
v 0.598272383 0.262286544 0.330050439
v 0.39676562 0.212663993 0.486617953
v 0.429398626 0.302741736 0.499015152
v 0.394252181 0.180307657 0.489714265
v 0.57489562 0.286053061 0.644964874
v 0.457094789 0.308099121 0.340115517
v 0.576130092 0.29415518 0.396124989
v 0.441298068 0.138606519 0.534268737
v 0.433085144 0.293798685 0.31518811
v 0.415938228 0.152948514 0.375632614
v 0.426158309 0.138743758 0.441348284
v 0.599568605 0.171604067 0.341689616
v 0.465215832 0.140697688 0.381070018
v 0.572579265 0.289027721 0.29967171
v 0.548811078 0.135175079 0.437315851
v 0.460190445 0.137708277 0.413415641
v 0.604869246 0.201572433 0.352576911
v 0.567573547 0.29395771 0.312348425
v 0.402214915 0.168042958 0.442191035
v 0.555982471 0.300836742 0.298667192
v 0.534320354 0.149968654 0.297182053
v 0.482155919 0.312015623 0.393748581
v 0.517183721 0.313984156 0.623692214
v 0.481178522 0.133863002 0.4542979
v 0.439832121 0.155402124 0.552748024
v 0.419893891 0.174474746 0.567777812
v 0.397113711 0.223675817 0.497433305
v 0.395340443 0.188570946 0.483516783
v 0.40437001 0.25861007 0.400956511
v 0.424301594 0.219007477 0.61754936
v 0.405778676 0.279685199 0.513944924
v 0.455279589 0.187729195 0.591781557
v 0.606323183 0.23166585 0.347624749
v 0.397741318 0.248064786 0.511083364
v 0.421575814 0.203666732 0.600220323
v 0.435616374 0.295603424 0.309146285
v 0.402548403 0.261025906 0.309462696
v 0.413047075 0.264609575 0.643899143
v 0.445586741 0.302824557 0.314317465
v 0.588389695 0.274469942 0.302072376
v 0.397823155 0.250519335 0.300008684
v 0.492757916 0.31237644 0.625839174
v 0.397492528 0.177696496 0.335779667
v 0.479825526 0.310249835 0.634952664
v 0.401106328 0.243263021 0.476675063
v 0.398225218 0.182284817 0.33892414
v 0.587671399 0.150863424 0.423455238
v 0.446291178 0.224838421 0.629678905
v 0.412696451 0.279878318 0.357323498
v 0.571619987 0.291533411 0.320206106
v 0.6052351 0.211926267 0.509628177
v 0.429448634 0.138420239 0.437136441
v 0.543414414 0.30836457 0.32998237
v 0.545160651 0.152146071 0.551548123
v 0.599954128 0.182721198 0.39945659
v 0.434065014 0.195986822 0.595100701
v 0.399474204 0.250190437 0.357592404
v 0.422391295 0.293416977 0.436102301
v 0.426207572 0.29862228 0.48195979
v 0.51603657 0.308955461 0.296550184
v 0.464823067 0.312700242 0.429241478
v 0.422340631 0.292663664 0.393041849
v 0.395994693 0.200490281 0.352213502
v 0.601097882 0.188121825 0.385578007
v 0.396421045 0.230778575 0.510443747
v 0.456558287 0.280290633 0.656653583
v 0.568911135 0.143782854 0.537754118
v 0.402709305 0.258693874 0.495619148
v 0.551921904 0.318684369 0.587629497
v 0.487538934 0.141866148 0.349157542
v 0.593383312 0.167087004 0.411539793
v 0.396982074 0.226553574 0.421968341
v 0.610485792 0.219063744 0.332077235
v 0.57222271 0.134968817 0.464659542
v 0.588742793 0.278894573 0.398031324
v 0.472355217 0.196913153 0.607921541
v 0.464660525 0.313212126 0.441167861
v 0.603773057 0.214798391 0.440908492
v 0.581585526 0.223978058 0.621462166
v 0.463798046 0.314260364 0.477533937
vt 0.743154645 0.572494328 0.104588687
vt 0.737801254 0.584086239 0.104885548
vt 0.752116323 0.581775308 0.105197258
vt 0.752446532 0.553837001 0.103981964
vt 0.740263343 0.559288442 0.10354875
vt 0.752141356 0.567856431 0.10489741
vt 0.739950895 0.531301439 0.101961784
vt 0.725520968 0.531315565 0.101483725
vt 0.732052207 0.539953947 0.102036171
vt 0.716164649 0.56478256 0.104195572
vt 0.713016272 0.575531542 0.105234459
vt 0.722765625 0.571852982 0.104432173
vt 0.752697766 0.53968817 0.103148162
vt 0.75279063 0.525450468 0.102786355
vt 0.723474503 0.58615154 0.105442606
vt 0.742558062 0.517751992 0.101903744
vt 0.68456918 0.584580302 0.10980463
vt 0.695685506 0.589739442 0.109010652
vt 0.689928532 0.576817095 0.107920453
vt 0.664128304 0.571192205 0.10874103
vt 0.663984478 0.581936121 0.110937625
vt 0.67251879 0.574082434 0.108928919
vt 0.74076283 0.432508349 0.103177547
vt 0.739940882 0.447154105 0.102646165
vt 0.751737297 0.439748704 0.104272775
vt 0.732477844 0.421467453 0.102740988
vt 0.742986023 0.420478344 0.10385754
vt 0.658998311 0.590527356 0.112226918
vt 0.653650105 0.58515805 0.110292062
vt 0.649390221 0.593397498 0.111293204
vt 0.712820292 0.44365713 0.101125762
vt 0.709260941 0.4304021 0.101363853
vt 0.699847519 0.440771997 0.101049833
vt 0.639891624 0.596096635 0.109994702
vt 0.643971741 0.60465914 0.112307891
vt 0.584740222 0.234890088 0.0944093019
vt 0.577701509 0.225236714 0.0929201022
vt 0.570607543 0.236238241 0.0923889652
vt 0.508431137 0.231900692 0.0854563564
vt 0.520295739 0.238782912 0.086428836
vt 0.518599629 0.223939508 0.0859477893
vt 0.535189986 0.243930787 0.0879913494
vt 0.547770381 0.236930564 0.089356102
vt 0.535820842 0.233087674 0.0877701268
vt 0.568306983 0.394557089 0.0980248526
vt 0.582406223 0.39394182 0.100200638
vt 0.573453903 0.384640694 0.0987061113
vt 0.634158075 0.481883943 0.105451383
vt 0.622197986 0.49014169 0.105586849
vt 0.633197367 0.493432283 0.105503723
vt 1.48372817 0.224093065 0.0851121992
vt 1.49049807 0.234788343 0.0852422118
vt 1.49976063 0.224059567 0.0850682482
vt 1.50543118 0.231900692 0.0854563564
vt 1.45999479 0.231639594 0.0864112973
vt 1.45694757 0.240615532 0.0869359523
vt 1.47336292 0.235138208 0.0856114551
vt 0.622706354 0.609625518 0.109658137
vt 0.619281769 0.618928671 0.110706933
vt 0.631573021 0.611533046 0.11123424
vt 0.609235823 0.376266897 0.101899505
vt 0.603788972 0.386110216 0.101856425
vt 0.616330743 0.38569057 0.102902971
vt 1.41348183 0.645756185 0.105706215
vt 1.42704105 0.648250878 0.102198027
vt 1.42034388 0.637491882 0.103061408
vt 1.41750467 0.592287064 0.101792254
vt 1.4159652 0.577076435 0.101653919
vt 1.40960288 0.585523367 0.102933012
vt 0.557754517 0.337712109 0.0942573398
vt 0.544705987 0.33305341 0.0917074159
vt 0.548987389 0.34469986 0.0927138254
vt 1.39063811 0.247776836 0.0957665294
vt 1.39984989 0.238631055 0.0949785858
vt 1.388937 0.236202449 0.0952381268
vt 1.45023489 0.317351222 0.0897165462
vt 1.43810999 0.313855857 0.0916408673
vt 1.43921506 0.327844381 0.091790393
vt 1.34645081 0.481634855 0.103009693
vt 1.34483695 0.491958082 0.102777347
vt 1.35609543 0.490589619 0.103845716
vt 1.3787818 0.238464296 0.0956515074
vt 1.38126087 0.228083715 0.0951819792
vt 1.36753297 0.228234515 0.0957514569
vt 1.41068113 0.373157978 0.0980480984
vt 1.40449774 0.35940814 0.0985550061
vt 1.39698672 0.372799933 0.0995453447
vt 1.24211895 0.474249423 0.102157325
vt 1.23352194 0.470158815 0.103077404
vt 1.23337245 0.484416246 0.102800138
vt 1.3772707 0.249707252 0.0962261707
vt 1.23454916 0.413071722 0.104903154
vt 1.23423481 0.427354515 0.104348607
vt 1.24450409 0.417815447 0.103534855
vt 1.35795498 0.235269353 0.0969300866
vt 1.35412228 0.243699774 0.0977964252
vt 1.36675036 0.241194606 0.0961780027
vt 1.24319494 0.405005485 0.104131855
vt 1.30922484 0.438059568 0.100877739
vt 1.31550837 0.426391423 0.101428099
vt 1.30352664 0.428314388 0.100908369
vt 1.31702316 0.319077253 0.103408463
vt 1.31354904 0.32927537 0.10326305
vt 1.32503831 0.328139901 0.103477776
vt 1.24344373 0.366861016 0.105682723
vt 1.24825835 0.358116686 0.105397411
vt 1.23619699 0.355846614 0.107468762
vt 1.32218206 0.239105701 0.101343594
vt 1.32818079 0.22872664 0.100507393
vt 1.31539297 0.228742689 0.101757877
vt 1.25331211 0.371294826 0.104304843
vt 1.24888301 0.318635225 0.10680902
vt 1.25076509 0.328055084 0.106177785
vt 1.26180828 0.321388721 0.10527043
vt 1.26979613 0.247207925 0.107262082
vt 1.28232574 0.245041654 0.105499409
vt 1.27328467 0.23645705 0.107006669
vt 1.24406838 0.336249948 0.107009687
vt 1.25363708 0.339086235 0.105413109
vt 1.2903235 0.228184223 0.104806252
vt 1.27805889 0.227663845 0.106167264
vt 1.28435385 0.235074878 0.105346173
vt 1.24716389 0.289947838 0.108177155
vt 1.25030708 0.297824949 0.107376032
vt 1.25901115 0.289863646 0.106680334
vt 1.24984026 0.279587716 0.108080089
vt 1.23966432 0.269267142 0.11058569
vt 1.23904991 0.28379342 0.110294588
vt 1.25003195 0.25923574 0.108773462
vt 1.25233555 0.270094097 0.108026519
vt 1.24974298 0.246538162 0.109171793
vt 1.26003587 0.238652855 0.108542748
vt 1.24954915 0.235326052 0.109676048
vt 1.24099851 0.240019381 0.110479362
vt 1.24034619 0.25467509 0.110588245
vt 1.24198115 0.225326627 0.110413022
vt 1.34841609 0.592771649 0.109272145
vt 1.35442162 0.603997648 0.109829918
vt 1.35701275 0.592089593 0.107359648
vt 1.24488163 0.462317824 0.102184124
vt 1.3687681 0.58884877 0.106061682
vt 1.35744619 0.581242383 0.105606236
vt 1.34024358 0.585127771 0.109108098
vt 1.32926488 0.59346813 0.112556756
vt 1.34194517 0.598110914 0.111298189
vt 1.38207674 0.474529505 0.103789471
vt 1.38158119 0.485451281 0.104215972
vt 1.39044833 0.475508213 0.103062905
vt 1.30799007 0.578542531 0.108873762
vt 1.30324018 0.588627279 0.110227644
vt 1.31623507 0.590320885 0.112280913
vt 1.24151683 0.531690001 0.102020532
vt 1.23344398 0.541314542 0.102993362
vt 1.24702621 0.53980428 0.101897173
vt 1.23328292 0.527120173 0.102635622
vt 1.26840949 0.574885726 0.104147188
vt 1.27648377 0.586563885 0.105765387
vt 1.28072786 0.573076427 0.104831457
vt 1.26251554 0.585470617 0.104631774
vt 1.24310935 0.57493788 0.103980199
vt 1.24836981 0.584464073 0.104328208
vt 1.25436652 0.572052181 0.103549749
vt 1.23427999 0.583341002 0.104850881
vt 0.603084743 0.617627621 0.108438276
vt 0.594452262 0.62739265 0.108233437
vt 0.607707679 0.627922475 0.11044541
vt 1.41430569 0.668039441 0.107153021
vt 1.41951084 0.659131944 0.105316475
vt 1.4084121 0.658413768 0.108349636
vt 1.43321919 0.672941983 0.101870999
vt 1.42685556 0.68128109 0.104108162
vt 1.43606424 0.682620704 0.101487666
vt 0.589883506 0.640452623 0.10868787
vt 0.582127452 0.649198711 0.10791117
vt 0.59174943 0.653394043 0.110896602
vt 1.42290592 0.670902729 0.104812972
vt 0.585001409 0.690358043 0.110725291
vt 0.584283829 0.676499486 0.110395961
vt 0.57798636 0.683124423 0.108574666
vt 0.514935911 0.768762171 0.0868596062
vt 0.506599426 0.775450528 0.0846308097
vt 0.519777536 0.77765733 0.0851680711
vt 1.389256 0.729493797 0.11337854
vt 1.39796853 0.726968825 0.110588968
vt 1.39276826 0.718187809 0.11306487
vt 1.46499085 0.759932697 0.0899816602
vt 1.45705318 0.771432817 0.0886595398
vt 1.47214675 0.769811571 0.0867157578
vt 1.38615203 0.78568542 0.094186075
vt 1.39863181 0.788012028 0.0904708654
vt 1.39603865 0.780631185 0.0959305167
vt 1.37079489 0.771563411 0.10849122
vt 1.38023663 0.762285888 0.109592274
vt 1.37140191 0.762093723 0.112696402
vt 1.35895705 0.776012599 0.108593427
vt 1.36016905 0.767964661 0.114436671
vt 1.3501873 0.776810348 0.111677408
vt 1.3841424 0.741666257 0.113431193
vt 1.38181818 0.730908096 0.116132498
vt 1.3757 0.744216084 0.116452932
vt 1.4096936 0.801536024 0.0794733316
vt 1.42459273 0.807970166 0.0773168281
vt 1.42547202 0.799296319 0.0818809494
vt 1.34358811 0.791618645 0.0724844411
vt 1.33401084 0.789461672 0.0781981498
vt 1.32811928 0.787578702 0.0693504214
vt 1.37336063 0.801659226 0.0682357177
vt 1.38936424 0.806183338 0.0710598081
vt 1.38194513 0.801906347 0.0724080503
vt 1.35713458 0.796183228 0.0704952031
vt 1.35411119 0.793982685 0.0781140104
vt 1.34895349 0.79352808 0.0657115504
vt 1.33881021 0.786315739 0.10112109
vt 1.3253057 0.786525548 0.0988084376
vt 1.33382487 0.787063539 0.0964247137
vt 1.31417251 0.785044909 0.0807907805
vt 1.31502271 0.78566581 0.0887517408
vt 1.30833673 0.784656644 0.0868106484
vt 1.32075739 0.786058187 0.0749243125
vt 1.32519186 0.787684679 0.0834388733
vt 1.32764935 0.787850857 0.0920595899
vt 1.31347978 0.785759211 0.095793508
vt 1.38899112 0.810721755 0.0669035837
vt 1.37224293 0.806068122 0.0603599437
vt 1.35936069 0.797177911 0.0627983809
vt 1.35365617 0.799646258 0.0543780513
vt 0.575824499 0.695652544 0.108238347
vt 0.585378051 0.703897595 0.110593595
vt 0.592245758 0.71137917 0.112333946
vt 0.599282026 0.713851929 0.114590213
vt 0.594555974 0.699468434 0.113562249
vt 0.578169882 0.742225945 0.106230974
vt 0.584364831 0.752321243 0.106310897
vt 0.590676844 0.74290663 0.108928785
vt 0.58962512 0.762128413 0.104409948
vt 0.578914821 0.763059676 0.101506434
vt 0.604725838 0.72788775 0.115431279
vt 0.593407929 0.730180979 0.111193456
vt 0.601499617 0.740383625 0.112674795
vt 0.616868556 0.806346476 0.0612232834
vt 0.614877224 0.801702499 0.0698148757
vt 0.599628091 0.811143219 0.0674038157
vt 0.618197083 0.754398465 0.115902364
vt 0.607632637 0.758767605 0.110746533
vt 0.617278814 0.763721883 0.111965269
vt 0.651586652 0.789503753 0.0866548643
vt 0.637154639 0.791742444 0.0881959051
vt 0.641583562 0.792610168 0.0795337409
vt 0.598181725 0.803316653 0.0751023293
vt 0.583478212 0.801062286 0.0796105936
vt 0.581519961 0.811999977 0.073016271
vt 0.64072907 0.793642819 0.0717138425
vt 0.65242368 0.789827764 0.065433532
vt 0.653003573 0.790200412 0.0740149841
vt 0.660826325 0.788186669 0.0708722249
vt 0.667753875 0.786365926 0.0765189156
vt 0.631870866 0.796428442 0.0650881603
vt 0.635302842 0.799583614 0.0555595346
vt 0.643280685 0.793185234 0.0602473952
vt 0.638141394 0.78221494 0.10551998
vt 0.648567975 0.782138765 0.109625019
vt 0.636957526 0.775268316 0.112402484
vt 0.648480952 0.786208212 0.101409763
vt 0.661523342 0.785290062 0.106487349
vt 0.675298393 0.78540957 0.103763692
vt 0.667674363 0.786491632 0.0986842588
vt 0.678199232 0.785166621 0.0984577537
vt 0.689551353 0.78472656 0.101725347
vt 0.743861854 0.40243572 0.104659207
vt 0.733547032 0.400147408 0.103510022
vt 0.738595486 0.410880387 0.103685528
vt 0.563750625 0.2249102 0.0907543302
vt 0.605370641 0.23561807 0.0960321426
vt 0.60542798 0.225898921 0.0955250338
vt 0.596121848 0.232926711 0.0953384116
vt 0.738344073 0.360836267 0.105632968
vt 0.749282837 0.353830397 0.108397864
vt 0.739549637 0.346954614 0.106434114
vt 0.652453542 0.336173356 0.104517087
vt 0.662820041 0.343257606 0.104970135
vt 0.664610147 0.329670578 0.104825124
vt 0.624869227 0.244187459 0.097683385
vt 0.611309588 0.243765235 0.0966075957
vt 0.618016541 0.25483495 0.0975490436
vt 0.629432142 0.234535277 0.0977399275
vt 0.639409661 0.243491411 0.0997038856
vt 0.639398992 0.233181402 0.0990133807
vt 0.728976011 0.319153786 0.106050931
vt 0.73842299 0.321486086 0.107301287
vt 0.733643174 0.311324239 0.106869847
vt 0.739436805 0.291860729 0.108896844
vt 0.747200966 0.296115518 0.110770494
vt 0.746657252 0.281592101 0.111157261
vt 0.662931383 0.238379538 0.102082014
vt 0.671057999 0.226414442 0.102514252
vt 0.658374667 0.226419494 0.101029739
vt 0.695814669 0.225830033 0.106063053
vt 0.690234542 0.237970024 0.106050938
vt 0.70227921 0.23733221 0.10590364
vt 0.714657903 0.236485779 0.107072473
vt 0.70822084 0.225219637 0.106394917
vt 0.677762032 0.238210112 0.104653731
vt 0.683331251 0.226251692 0.104867995
vt 0.697246671 0.248767152 0.105838619
vt 0.745524228 0.252383202 0.111427829
vt 0.74493432 0.237726927 0.111192688
vt 0.734566331 0.247130558 0.109536581
vt 0.727049589 0.236081362 0.109106839
vt 0.720306933 0.224689126 0.108276747
vt 0.732102931 0.224150538 0.110280752
vt 0.736856461 0.233802617 0.110339954
vt 0.7441113 0.223008409 0.110984862
vt 0.697283864 0.512354553 0.100879416
vt 0.707725525 0.512539446 0.100870967
vt 0.702909648 0.502784491 0.10065873
vt 0.62335062 0.551481187 0.106331035
vt 0.629283249 0.55936873 0.105870366
vt 0.633770347 0.549826682 0.10526748
vt 0.741484046 0.391655862 0.104806669
vt 0.603916049 0.255150437 0.0968361273
vt 0.65947026 0.562931597 0.106350027
vt 0.64911443 0.563375711 0.105190419
vt 0.653167188 0.574678421 0.107999757
vt 0.752663314 0.49690938 0.1028262
vt 0.740770221 0.498493969 0.101735957
vt 0.744732916 0.506343126 0.101944931
vt 1.38349009 0.604236007 0.106411152
vt 1.38914132 0.614446998 0.106960878
vt 1.39247799 0.601216853 0.106067039
vt 0.612967849 0.613749921 0.10919217
vt 1.39780879 0.636419713 0.108352676
vt 1.4000392 0.62545085 0.106144525
vt 1.38895345 0.629601777 0.10887491
vt 0.526024759 0.229536653 0.0866463706
vt 1.42043412 0.234535038 0.0915122181
vt 1.41296315 0.241723821 0.093254067
vt 1.42598915 0.243671417 0.0910797864
vt 1.40914774 0.227186799 0.0931632295
vt 1.37862885 0.609950125 0.107554674
vt 1.37435675 0.600980818 0.106823698
vt 1.36683774 0.610774398 0.108751252
vt 1.2594254 0.433798194 0.101820752
vt 1.24791527 0.430373311 0.102792449
vt 1.250772 0.441606879 0.102202937
vt 1.34688795 0.236187309 0.0982637852
vt 1.33412576 0.237411901 0.100520216
vt 1.34112775 0.245311007 0.100277394
vt 1.24350965 0.391929537 0.104592741
vt 1.2523334 0.398352295 0.103386469
vt 1.25291777 0.385263115 0.103850611
vt 1.24865448 0.307503343 0.107252806
vt 1.23785377 0.31272611 0.109453388
vt 1.37521243 0.279436439 0.0972466841
vt 1.37567806 0.269506186 0.0969273672
vt 1.36293459 0.275911838 0.0973887146
vt 1.32602704 0.259375811 0.101908088
vt 1.31184053 0.257237017 0.103975087
vt 1.31890297 0.270871162 0.103526957
vt 1.29484296 0.240499377 0.104399383
vt 1.25400233 0.226497576 0.109537549
vt 1.3496623 0.585306227 0.107685529
vt 1.34777629 0.575786352 0.106060766
vt 1.40490961 0.575412154 0.103665948
vt 1.41196799 0.563645899 0.10213384
vt 1.25321674 0.54783839 0.101999372
vt 1.24347198 0.551218092 0.102625564
vt 1.25326943 0.558794618 0.102700427
vt 1.29011083 0.587564945 0.107657015
vt 1.28589106 0.580788314 0.106293052
vt 0.581589222 0.635194004 0.106420897
vt 1.47720456 0.575026333 0.0925411731
vt 1.46910572 0.567030191 0.0929540768
vt 1.46300101 0.575596809 0.0937126055
vt 1.49223769 0.783713102 0.0824912339
vt 1.51012945 0.787686765 0.0819472298
vt 1.50359941 0.775450528 0.0846308097
vt 0.590360701 0.669056892 0.111697853
vt 0.58279711 0.662801504 0.109174907
vt 0.524448991 0.641597927 0.095051609
vt 0.514712751 0.652384877 0.0943075269
vt 0.52708739 0.655610919 0.095656015
vt 1.43586898 0.726671517 0.101481751
vt 1.43681216 0.713392138 0.101738401
vt 1.4260236 0.720358908 0.104253471
vt 1.38466775 0.779183745 0.0994554162
vt 1.39291775 0.773698986 0.101156801
vt 1.35028934 0.782057643 0.105223536
vt 1.33875859 0.783031166 0.108525351
vt 1.40671027 0.811393917 0.0728286877
vt 1.3649683 0.79482621 0.0834544525
vt 1.37312865 0.790569246 0.0910401642
vt 1.35782647 0.789982915 0.0915104598
vt 1.32602262 0.785542846 0.105136096
vt 1.31248546 0.785343349 0.102230974
vt 1.3464812 0.792868197 0.0589371584
vt 1.33666801 0.789762318 0.0640088022
vt 1.39333522 0.802641094 0.0758960545
vt 0.526445627 0.785348415 0.0840089694
vt 0.513129532 0.787686765 0.0819472298
vt 0.529897034 0.79476124 0.0813728124
vt 0.595463336 0.721079111 0.112650417
vt 0.549532473 0.757365108 0.0964267701
vt 0.546018183 0.745435536 0.0979623944
vt 0.537143648 0.749702215 0.0949247032
vt 0.612941563 0.794538498 0.084778741
vt 0.605930924 0.791895151 0.0892212093
vt 0.59797287 0.796684146 0.0831375197
vt 0.658685803 0.788789034 0.08083985
vt 0.665969312 0.787280619 0.0872344002
vt 0.627161145 0.776434481 0.107502423
vt 0.679825127 0.784890115 0.0886371359
vt 0.672857404 0.786054134 0.0934077427
vt 0.649852037 0.23547557 0.100477442
vt 0.674365222 0.362133473 0.104356907
vt 0.663535774 0.35710758 0.104944602
vt 0.664541125 0.372264236 0.104653575
vt 0.737765729 0.301309198 0.108002909
vt 0.747722566 0.310591638 0.110292114
vt 0.738679171 0.273974061 0.109468244
vt 0.746081114 0.26701352 0.111347474
vt 0.737576067 0.261338055 0.109525293
vt 0.648849607 0.275034577 0.102485277
vt 0.663645566 0.271062195 0.103681877
vt 0.653410912 0.262327492 0.10242682
vt 0.734900713 0.283207476 0.108189903
vt 0.675356328 0.584237158 0.111063994
vt 0.669395804 0.594335556 0.113680355
vt 0.682474375 0.591537237 0.111689359
vt 0.70154202 0.576883256 0.106567413
vt 0.706314206 0.565128386 0.104833715
vt 0.695034623 0.566222608 0.105776422
vt 0.550891161 0.40018025 0.0944824442
vt 0.540895581 0.402530879 0.0927155018
vt 0.548903823 0.412978053 0.0944053307
vt 0.680744767 0.577426672 0.109490521
vt 0.681977391 0.566985011 0.107137084
vt 0.72142446 0.544370949 0.10207326
vt 0.711424768 0.553620696 0.103051215
vt 0.72485441 0.558978319 0.103351161
vt 1.41137409 0.631793082 0.10456264
vt 1.40493059 0.637327611 0.106691785
vt 1.48248529 0.551448166 0.0918347985
vt 1.46912742 0.556975365 0.0927515477
vt 1.4800241 0.564084291 0.0921837091
vt 1.40245485 0.647663474 0.108548515
vt 1.39461327 0.643522859 0.110249393
vt 1.39712453 0.658548713 0.111478284
vt 1.50241828 0.313138008 0.0870902762
vt 1.49494219 0.305137098 0.0867170244
vt 1.48777986 0.315918446 0.0869283304
vt 0.558349788 0.232659504 0.0903797299
vt 0.549076796 0.224403083 0.0890347213
vt 1.42404079 0.603425205 0.100769259
vt 1.42917919 0.593951702 0.0993743613
vt 1.48463893 0.591534197 0.0925577581
vt 1.47295237 0.584573925 0.0930026099
vt 1.47262549 0.596034229 0.0932542607
vt 1.45439911 0.361796856 0.0902289525
vt 1.46557808 0.360375226 0.088981621
vt 1.45884323 0.348098576 0.0893760547
vt 1.4325316 0.234261721 0.0897439197
vt 1.26842523 0.414442897 0.101731725
vt 1.2571286 0.42136395 0.102338225
vt 1.27178478 0.427495539 0.101283647
vt 1.32215142 0.540815771 0.102699429
vt 1.31986904 0.55673337 0.105007067
vt 1.33184075 0.551864207 0.10389436
vt 1.36386228 0.287234575 0.0978160203
vt 1.37450409 0.290837944 0.0975437015
vt 1.43244064 0.286385268 0.0916954875
vt 1.42332315 0.277723879 0.0929005072
vt 1.42072797 0.289759666 0.0938232094
vt 1.30289841 0.228449672 0.103721626
vt 1.30576301 0.321522832 0.103371337
vt 1.30193424 0.313298941 0.103565656
vt 1.29324746 0.318474114 0.103639022
vt 1.3557806 0.296530247 0.10070949
vt 1.35084891 0.306049347 0.102344319
vt 1.36233926 0.307417035 0.0992342606
vt 1.38453031 0.304943591 0.0978729725
vt 1.38467622 0.294461101 0.0976577923
vt 1.37387776 0.300787747 0.0978278071
vt 1.34103417 0.228692859 0.09866447
vt 1.27197599 0.284766912 0.105751671
vt 1.28041601 0.292555988 0.104799241
vt 1.28441155 0.279524446 0.104984626
vt 1.24431372 0.494099975 0.101668701
vt 1.23327374 0.498662293 0.102605551
vt 1.24208903 0.520695627 0.101792783
vt 1.23323011 0.512909651 0.102538474
vt 1.3109715 0.547545016 0.103396446
vt 1.30666113 0.558039427 0.105147801
vt 1.3288219 0.577658772 0.109295502
vt 1.31758964 0.57827574 0.109912686
vt 1.32287741 0.585226953 0.110907502
vt 1.37697697 0.533409357 0.105328687
vt 1.36969662 0.526439846 0.104866311
vt 1.36549914 0.533953607 0.104707599
vt 1.38240719 0.592282891 0.10652858
vt 1.37616277 0.581618786 0.105801232
vt 0.537153363 0.597303629 0.0959142148
vt 0.538082719 0.609710038 0.0962941647
vt 0.549472272 0.6021415 0.098244831
vt 0.526935041 0.741490543 0.0938778371
vt 0.518791616 0.732336998 0.0932061821
vt 0.513933718 0.743083358 0.0913912728
vt 1.44172108 0.76075536 0.0950448439
vt 1.43391478 0.766591549 0.0955850482
vt 1.44358969 0.77106005 0.091699034
vt 0.575807452 0.672072947 0.107760586
vt 0.572027028 0.659235299 0.106161833
vt 0.567042232 0.670311332 0.104972377
vt 1.50151324 0.750872612 0.0894595012
vt 1.49709725 0.738100648 0.0910467207
vt 1.49027514 0.746821463 0.0898166001
vt 0.539363384 0.677925289 0.0980949402
vt 0.544523716 0.670124114 0.0990076661
vt 0.530561566 0.667780817 0.0963663757
vt 1.3870908 0.792133212 0.0880432352
vt 0.559345603 0.701176167 0.103735745
vt 0.549660742 0.701431453 0.101059586
vt 0.55701232 0.713049352 0.103099681
vt 0.677747726 0.304872215 0.105755202
vt 0.690769672 0.300363034 0.10496743
vt 0.682542801 0.293750346 0.10571
vt 0.636101902 0.27353549 0.101044953
vt 0.627911031 0.280851811 0.0997316763
vt 0.638590276 0.28424561 0.101920843
vt 0.751409531 0.425451815 0.104834795
vt 0.597168267 0.397359669 0.101825535
vt 0.598411143 0.410807967 0.102305122
vt 0.607693195 0.403785884 0.102766305
vt 0.652394652 0.300619572 0.103593081
vt 0.650458813 0.288184106 0.103099443
vt 0.641256928 0.29661262 0.10281869
vt 0.529867887 0.308139861 0.0889725983
vt 0.533782661 0.321462184 0.0897824541
vt 0.542304933 0.310123801 0.0906772092
vt 0.656158686 0.383283913 0.104783475
vt 0.653350353 0.374065042 0.104889996
vt 0.750216126 0.382517576 0.106903575
vt 0.738541305 0.38160339 0.104768671
vt 0.699468672 0.555538595 0.103904337
vt 0.702437818 0.542872429 0.102576151
vt 0.689753175 0.54838109 0.103744186
vt 0.671096504 0.531578183 0.102026276
vt 0.667386532 0.520255923 0.101887003
vt 0.661691427 0.529730499 0.102603108
vt 1.42805088 0.581837952 0.0994120538
vt 1.41849041 0.500719428 0.0993579403
vt 1.41399169 0.511363924 0.100533649
vt 1.42361951 0.510416985 0.098790668
vt 0.548411846 0.565212309 0.0973940417
vt 0.558267117 0.555190086 0.0991745591
vt 0.546182871 0.555619657 0.0967683196
vt 0.505205095 0.240989551 0.0855322257
vt 1.45898902 0.294695377 0.0880982578
vt 1.45350575 0.286304444 0.0885039866
vt 1.44357586 0.293865234 0.0900625885
vt 0.561583221 0.291825294 0.0934143588
vt 0.548823118 0.289439529 0.0910758674
vt 0.551760554 0.301078379 0.091990605
vt 0.591644645 0.22607179 0.0946462974
vt 1.45920062 0.562586606 0.0938820168
vt 1.43469644 0.558878481 0.0977119207
vt 1.42713141 0.569381773 0.099370949
vt 1.43953359 0.566302001 0.0970204473
vt 0.521919131 0.689632714 0.0953951627
vt 0.532007277 0.693225801 0.0969263539
vt 0.530351043 0.681764245 0.0965536311
vt 0.520361722 0.630329072 0.0944035798
vt 0.529263973 0.618760467 0.0951806158
vt 0.515960813 0.618027627 0.0937743932
vt 1.38775599 0.274416536 0.0969331935
vt 1.43125069 0.422055483 0.095451504
vt 1.44310868 0.417462111 0.0932772085
vt 1.43073893 0.410373002 0.0954144746
vt 1.44121099 0.257011712 0.0893600434
vt 1.43139696 0.252816767 0.0905994102
vt 1.42877507 0.265280873 0.0914876685
vt 1.45238507 0.225130975 0.0869939178
vt 1.43747425 0.225702688 0.088811323
vt 1.44690514 0.233718619 0.0878716111
vt 1.33718431 0.399816841 0.103060007
vt 1.32728148 0.406338573 0.102433197
vt 1.33647895 0.411872536 0.102868617
vt 1.37444186 0.311235189 0.098348178
vt 1.33888185 0.264000595 0.10178718
vt 1.3301692 0.270612448 0.102229506
vt 1.31033254 0.294136584 0.103698403
vt 1.302881 0.281884372 0.103880629
vt 1.29917538 0.293962866 0.103891686
vt 1.2337172 0.455895782 0.103431076
vt 1.36781025 0.575694442 0.105432935
vt 1.34511423 0.511529863 0.102655344
vt 1.35669613 0.513444364 0.103875324
vt 1.35093117 0.501734674 0.103311554
vt 0.558473706 0.569004595 0.0994174108
vt 0.567499816 0.56277281 0.101366274
vt 1.44421291 0.721684039 0.0994330719
vt 1.45435894 0.724532723 0.0968752205
vt 1.44977403 0.713554263 0.0985531136
vt 1.49278653 0.685490787 0.0938478485
vt 1.47822058 0.680585504 0.0943348035
vt 1.48214316 0.689340353 0.0940291286
vt 0.64226079 0.426996827 0.104819447
vt 0.653611839 0.429725081 0.104357198
vt 0.650030375 0.415823549 0.10480383
vt 0.679635048 0.448952585 0.101540074
vt 0.691922188 0.45248273 0.100922182
vt 0.688099384 0.442491233 0.101278678
vt 0.653776467 0.363548398 0.104818821
vt 0.607983232 0.316228002 0.0996844172
vt 0.597570062 0.309439003 0.098713696
vt 0.597154498 0.321725756 0.0992681012
vt 0.609313071 0.327983499 0.100178018
vt 0.574615836 0.295595497 0.0961707681
vt 0.563913345 0.303297073 0.0942554921
vt 0.576262712 0.307827592 0.0968786553
vt 0.571690261 0.283072829 0.0951277986
vt 0.712139726 0.284260571 0.105504349
vt 0.708946884 0.271810174 0.105582453
vt 0.69889307 0.280609339 0.105178438
vt 0.672241867 0.297160864 0.105190068
vt 0.664621174 0.306489021 0.104844458
vt 0.698448777 0.361316264 0.103075601
vt 0.697827995 0.374051929 0.102728158
vt 0.709566355 0.370524108 0.102958001
vt 0.719324708 0.420971096 0.10189826
vt 0.728296936 0.43142128 0.102157749
vt 1.4986136 0.585019946 0.0924031064
vt 1.48511875 0.582528472 0.0923686251
vt 1.46090841 0.588920355 0.0942212641
vt 1.45076931 0.581715524 0.0954186246
vt 1.48055506 0.466354191 0.0902040824
vt 1.49312782 0.464366496 0.0899292678
vt 1.4816153 0.453911841 0.08991272
vt 0.536446333 0.551746964 0.0949370861
vt 0.547792852 0.546599448 0.0968855843
vt 0.538346767 0.540260553 0.0950386003
vt 1.46867776 0.449740887 0.0906274691
vt 1.46805072 0.459434569 0.0908749625
vt 1.44242895 0.362276554 0.0920742676
vt 1.44762123 0.35125035 0.0909457654
vt 1.4361006 0.351245046 0.0930382088
vt 0.52821213 0.49906981 0.0927182436
vt 0.538156331 0.504933238 0.0943097249
vt 0.535682261 0.491861105 0.093650803
vt 0.581191301 0.609246314 0.105224393
vt 0.571944535 0.615258753 0.103446923
vt 0.582948864 0.620924652 0.10589841
vt 1.46768498 0.248250723 0.0862479061
vt 1.47167861 0.260046452 0.0862819925
vt 1.48158431 0.254181325 0.0857953504
vt 1.44105649 0.244676143 0.08897838
vt 1.41115165 0.279962301 0.0953433886
vt 0.559745967 0.252589852 0.0915499032
vt 0.568468273 0.246702477 0.0926060155
vt 0.559406102 0.242161021 0.0910179913
vt 0.616502166 0.234800279 0.0964613929
vt 1.32036948 0.483544946 0.100732848
vt 1.3331852 0.486500382 0.101702482
vt 1.32477975 0.474872768 0.101115413
vt 1.27664113 0.4549914 0.100579277
vt 1.27765739 0.466959238 0.100369848
vt 1.2868551 0.462225676 0.100270629
vt 1.28565979 0.476776958 0.100197412
vt 1.28916192 0.4483639 0.100441933
vt 1.34301591 0.532107174 0.102594264
vt 1.33586597 0.541419506 0.102835648
vt 1.34752154 0.542797506 0.103041619
vt 0.686619222 0.364805639 0.103409477
vt 0.680916011 0.353417337 0.104086705
vt 0.623829663 0.328346372 0.101477966
vt 0.616488636 0.338133335 0.101127885
vt 0.629263401 0.337730616 0.10274636
vt 0.618950784 0.299202621 0.0995036587
vt 0.608118236 0.303949118 0.0992644355
vt 0.616548121 0.309310675 0.0998252481
vt 0.67239815 0.348884761 0.104877621
vt 0.7393381 0.333834797 0.10692405
vt 0.748779893 0.339445561 0.109077379
vt 0.748228252 0.32503888 0.109780334
vt 0.689336896 0.393425465 0.102435909
vt 0.699883103 0.394821644 0.102164112
vt 0.695374548 0.384390742 0.102485776
vt 1.48743248 0.626763046 0.093177706
vt 1.50353384 0.62852931 0.0934056342
vt 1.49879646 0.617256165 0.0930308998
vt 0.543065012 0.368547916 0.0923384875
vt 0.539397597 0.377929986 0.0919148475
vt 0.552804351 0.378930867 0.0944413468
vt 1.46218133 0.441387475 0.0910987407
vt 1.47124112 0.430935204 0.0900287777
vt 1.45917404 0.430348098 0.0911990628
vt 0.52912581 0.465019852 0.0921618566
vt 0.527720213 0.451102912 0.0917057842
vt 0.519349039 0.45817256 0.0909318775
vt 0.517395496 0.471194953 0.0910158604
vt 0.5170241 0.415392756 0.0898721665
vt 0.527518749 0.406654298 0.090805538
vt 0.512784481 0.403779209 0.0893210471
vt 1.44910026 0.427465379 0.0925251022
vt 1.45715058 0.417103052 0.0911552384
vt 0.631449759 0.602862418 0.109727889
vt 0.574799955 0.491295755 0.101458609
vt 0.561217368 0.487942636 0.0986229107
vt 0.568042636 0.50005722 0.100232899
vt 0.580477178 0.247441709 0.0945429057
vt 0.580663741 0.261348456 0.0952136815
vt 0.591332316 0.256368637 0.0961800814
vt 0.606392622 0.280395031 0.0982019603
vt 0.609487355 0.268543124 0.0977810025
vt 0.60065639 0.276102751 0.097621955
vt 1.41012502 0.39954266 0.0987832248
vt 1.41694927 0.386431873 0.0974012464
vt 1.40362859 0.385597855 0.0992626995
vt 1.34418035 0.298578203 0.102602787
vt 1.33685803 0.289914548 0.102876961
vt 1.33151364 0.303006142 0.103501789
vt 1.42374444 0.398857296 0.0964320675
vt 1.43067932 0.386315465 0.0947851539
vt 1.35880971 0.42476368 0.104355872
vt 1.34412885 0.420860201 0.103351951
vt 1.34890926 0.43503648 0.103447907
vt 0.666599512 0.384152919 0.104221717
vt 0.729857504 0.339696109 0.1053598
vt 0.721906662 0.344349742 0.104498394
vt 0.730054975 0.350906789 0.104980431
vt 1.48421299 0.409085572 0.0889151394
vt 1.49937439 0.41118902 0.0889660046
vt 1.4937551 0.399144948 0.0886183456
vt 1.47255421 0.385505855 0.0889767259
vt 1.48453999 0.379009962 0.0882875621
vt 1.47377491 0.372224033 0.0886130184
vt 1.48488653 0.366340816 0.0880215019
vt 1.36926532 0.377013266 0.101987652
vt 1.3696382 0.366157174 0.101462997
vt 1.35591853 0.370950073 0.103672281
vt 1.36156034 0.359578431 0.102548435
vt 1.35210168 0.31824109 0.102649957
vt 1.39192009 0.433090508 0.101584926
vt 1.39830112 0.424443483 0.100679278
vt 1.38570023 0.424391598 0.101851761
vt 1.48377395 0.390699595 0.088547267
vt 1.49644685 0.385753095 0.0883880034
vt 0.728825688 0.57812953 0.10474278
vt 0.733090103 0.570934713 0.104221031
vt 0.742240965 0.545157492 0.102645554
vt 0.75104785 0.411150277 0.105471976
vt 0.71368134 0.409123212 0.102019578
vt 0.726310551 0.410549819 0.102609396
vt 0.637764931 0.561222494 0.105342269
vt 0.629759669 0.569620669 0.106131904
vt 0.64098978 0.573387504 0.105944104
vt 0.646688581 0.438664883 0.104825929
vt 0.658137798 0.44077301 0.103610806
vt 0.657369375 0.3920421 0.104646757
vt 0.646197438 0.391768545 0.104869187
vt 0.577454805 0.504769087 0.102162339
vt 0.583491862 0.532634437 0.103901684
vt 0.584373951 0.544693053 0.104282811
vt 0.595390916 0.536599457 0.105517432
vt 0.630806565 0.593293846 0.108009666
vt 0.619098127 0.588159382 0.10720358
vt 0.619057894 0.601428151 0.107974544
vt 0.618900299 0.452162325 0.105082713
vt 0.629936814 0.448448956 0.105223797
vt 0.622024775 0.44168216 0.104944453
vt 1.49092543 0.5728001 0.0920887738
vt 1.41934538 0.626281679 0.102474809
vt 1.42042029 0.614672959 0.101744913
vt 1.41010165 0.618663788 0.104011439
vt 0.539919436 0.299357772 0.090045847
vt 1.48820579 0.32904613 0.087200366
vt 1.50044417 0.323733866 0.087233752
vt 1.48092651 0.24338007 0.0855835751
vt 1.49301052 0.247110099 0.0854710788
vt 1.33130455 0.530293405 0.101869665
vt 1.36478567 0.554439664 0.104810655
vt 1.35948539 0.543577731 0.104247272
vt 1.35285187 0.553915143 0.103857055
vt 1.41864407 0.299299419 0.0944219753
vt 1.40744829 0.301989734 0.0966585428
vt 1.41707444 0.310447484 0.0952153206
vt 1.37130666 0.354719639 0.100461982
vt 1.37964797 0.361718833 0.0998751521
vt 1.30824208 0.459951997 0.100431137
vt 1.3026042 0.448040396 0.100431584
vt 1.29682136 0.456931174 0.10032469
vt 1.31641018 0.413307309 0.101732187
vt 1.30381918 0.406354547 0.101400711
vt 1.30421066 0.417825043 0.101128012
vt 1.32825303 0.391356885 0.102669865
vt 1.3392539 0.389670551 0.103405789
vt 1.33551359 0.377756357 0.10329894
vt 1.25984895 0.406910658 0.10257037
vt 1.35906255 0.384052277 0.103561938
vt 1.34628201 0.380646288 0.104055054
vt 1.24520111 0.346920788 0.106295712
vt 1.27492428 0.362158388 0.102964222
vt 1.27684045 0.349572122 0.103285067
vt 1.26642537 0.353579074 0.103819549
vt 1.35785162 0.567179263 0.104455799
vt 1.45612168 0.515892923 0.0933660716
vt 1.46736646 0.509798706 0.0919610262
vt 1.45437264 0.502272248 0.093333967
vt 1.27220857 0.567463875 0.10361319
vt 1.27905047 0.560322165 0.103361204
vt 1.26560426 0.562140644 0.102982484
vt 1.28503811 0.547672808 0.102590203
vt 1.28952146 0.555661678 0.103695564
vt 1.29844797 0.548313022 0.103094555
vt 1.26992011 0.539067447 0.101283319
vt 1.26164758 0.549287796 0.101944752
vt 1.27290988 0.54945606 0.102076478
vt 1.33067572 0.564355969 0.106394693
vt 0.560964406 0.607928574 0.100817524
vt 0.551044047 0.614140749 0.0988061801
vt 0.562013507 0.620506704 0.101254076
vt 1.46501422 0.685082495 0.095629625
vt 1.47343731 0.693814397 0.0946659073
vt 0.517054737 0.664398313 0.0946975872
vt 1.465904 0.67123884 0.0953704417
vt 0.556800067 0.67483151 0.102337614
vt 0.56806314 0.682507336 0.105873361
vt 1.40825987 0.757148445 0.103997909
vt 1.41303062 0.747102559 0.10491588
vt 1.40145099 0.748643577 0.107025489
vt 1.42006731 0.755151749 0.101519533
vt 1.34438956 0.791143656 0.0803214982
vt 0.591556549 0.684405565 0.112805545
vt 0.568267465 0.707199574 0.10628134
vt 0.546064973 0.802913606 0.0800655484
vt 0.546493471 0.794277728 0.0836813003
vt 0.55978632 0.797950745 0.0823977441
vt 0.563477814 0.808830142 0.0772830844
vt 0.586061597 0.717904329 0.110123351
vt 0.567532539 0.744876325 0.103451423
vt 0.574768126 0.752438962 0.103905961
vt 0.553651333 0.787151337 0.0874904841
vt 0.571911275 0.804027081 0.0789673477
vt 0.559331954 0.726322651 0.103318773
vt 0.549973428 0.734731257 0.100260891
vt 0.560879529 0.736773908 0.102768712
vt 0.547338486 0.767172456 0.0931451172
vt 0.549394667 0.776696622 0.090876326
vt 0.557188034 0.769223034 0.095209159
vt 0.607914329 0.7490803 0.113178618
vt 0.610575616 0.786300361 0.0946770236
vt 0.607093453 0.779928923 0.099807702
vt 0.597243249 0.784491122 0.0943279043
vt 0.749754429 0.368186772 0.107688121
vt 0.741591156 0.373675525 0.105643936
vt 0.645531058 0.226351351 0.0993094146
vt 0.632471621 0.226274237 0.0977330953
vt 0.619140506 0.226097092 0.0962153003
vt 0.693172038 0.29090786 0.105159216
vt 0.703803062 0.294780552 0.104854554
vt 0.719921052 0.35372597 0.104031317
vt 0.711168766 0.344125986 0.103762567
vt 0.658619702 0.281516433 0.10360007
vt 0.718776286 0.276098371 0.106477804
vt 0.728615403 0.272221029 0.107709207
vt 0.718135715 0.265538573 0.106808893
vt 0.689320087 0.557753265 0.104908034
vt 0.67829442 0.554591596 0.105134428
vt 0.629644394 0.525536537 0.10580676
vt 0.64017874 0.537423849 0.104597405
vt 0.643326163 0.523605466 0.104240052
vt 0.620125294 0.563106418 0.106576979
vt 0.642690957 0.585595369 0.108546987
vt 0.630888224 0.582061648 0.106611401
vt 0.685346067 0.51124233 0.10105668
vt 0.681763887 0.501127601 0.100935414
vt 0.672416151 0.508291841 0.101397365
vt 0.528465509 0.560357332 0.0939431414
vt 0.524124086 0.545715749 0.0931414887
vt 0.514942408 0.555029213 0.0924717858
vt 1.46823525 0.470865011 0.0910949484
vt 1.47931314 0.478105485 0.0904929414
vt 1.44392538 0.460257411 0.0940209851
vt 1.43538427 0.472474754 0.0959226266
vt 1.4468689 0.46994853 0.0937954634
vt 1.39762008 0.257988065 0.0957526788
vt 1.40392303 0.249875292 0.0951575264
vt 1.29734993 0.559175432 0.104530983
vt 1.37873495 0.618937612 0.108595125
vt 0.503552973 0.661572337 0.0938512161
vt 0.501194358 0.649389267 0.0935982838
vt 0.535927236 0.644448936 0.0967144892
vt 0.539740324 0.656714439 0.0976658687
vt 0.544650853 0.644808471 0.0982904136
vt 1.48182082 0.638556302 0.0935685039
vt 1.49491179 0.638567924 0.0933602154
vt 1.39135909 0.703036427 0.114304788
vt 1.386832 0.717072904 0.115317792
vt 1.37790585 0.752892613 0.113367788
vt 1.43957877 0.793973565 0.0837128088
vt 1.44155431 0.801678717 0.0804481879
vt 1.45754075 0.793537438 0.0820146874
vt 1.39047146 0.764149964 0.10578271
vt 1.38224339 0.772268951 0.10464076
vt 0.620857596 0.791136384 0.0912546143
vt 0.625869393 0.795090795 0.0827147886
vt 0.628821492 0.407122076 0.104596168
vt 0.641611099 0.404405355 0.1049615
vt 0.632657707 0.395975381 0.1045596
vt 0.666329861 0.396639526 0.103887074
vt 0.674229324 0.261563361 0.105023853
vt 0.676974773 0.274623275 0.10564363
vt 0.685857832 0.26447621 0.106049649
vt 0.721622884 0.247094348 0.107853122
vt 0.709373534 0.247520983 0.106150463
vt 0.587889731 0.495720446 0.103560381
vt 0.70008719 0.531525671 0.101804279
vt 0.711905718 0.533517897 0.101652525
vt 0.508038521 0.393239498 0.0888324603
vt 0.496755093 0.399144948 0.0886183456
vt 1.49007225 0.419315875 0.0890216529
vt 1.49421811 0.430387348 0.0892555639
vt 1.50367951 0.422995925 0.0893623903
vt 0.499029219 0.518690288 0.091046311
vt 0.510417998 0.509135664 0.0912665054
vt 0.497931182 0.504580796 0.090751797
vt 1.49376321 0.360525966 0.0878430456
vt 1.49784255 0.373215646 0.0881620944
vt 0.502587378 0.336298287 0.0874586701
vt 0.502512395 0.349438429 0.0877231434
vt 0.514680743 0.341442794 0.0882119164
vt 0.500611663 0.605889082 0.0927884355
vt 0.512320638 0.608211398 0.0933247432
vt 0.512641609 0.595768988 0.093104206
vt 0.506995499 0.574409723 0.0923789293
vt 0.501613677 0.585019946 0.0924031064
vt 0.516276479 0.582018316 0.0930994898
vt 1.45142913 0.385281622 0.0912013873
vt 1.46170497 0.374013305 0.0896590874
vt 1.44890547 0.372258723 0.0912586451
vt 1.24186802 0.437767684 0.103116669
vt 1.2434144 0.450225651 0.102605246
vt 1.26010847 0.445156634 0.10151156
vt 1.34653819 0.562917054 0.104347564
vt 1.35119355 0.284592688 0.101240948
vt 1.25611377 0.348402619 0.104807198
vt 1.26643085 0.34070918 0.104251049
vt 1.32287836 0.293414444 0.103622906
vt 1.3144865 0.282363385 0.103993319
vt 1.27077913 0.298234314 0.105397597
vt 1.2679677 0.257826447 0.107035615
vt 1.27803254 0.256552428 0.106083199
vt 1.33884966 0.521184921 0.102208875
vt 1.40990376 0.542288244 0.101932906
vt 1.40681195 0.531165838 0.10221526
vt 1.39622331 0.540096819 0.104075149
vt 1.41779923 0.522304475 0.100126326
vt 1.40380406 0.517623305 0.102393173
vt 0.55722028 0.54299587 0.0987590402
vt 0.553019464 0.524622858 0.0974843726
vt 0.563307822 0.522638023 0.0998312831
vt 0.556858122 0.513963521 0.0981144533
vt 0.53282696 0.713477135 0.0967819393
vt 0.538657427 0.725538075 0.0976848304
vt 0.544542253 0.71334213 0.099920094
vt 1.50097418 0.718363166 0.0929460749
vt 1.5023272 0.708316743 0.0935579985
vt 1.49032938 0.710704267 0.0932503864
vt 1.46515596 0.727024794 0.0945142284
vt 1.47279179 0.735633433 0.0927972347
vt 1.47730231 0.722424507 0.093257226
vt 1.42526567 0.762406051 0.0985006243
vt 1.43295121 0.75411588 0.0986701101
vt 0.54805398 0.680733204 0.100180723
vt 0.552226663 0.661969841 0.100499183
vt 0.519102097 0.676948071 0.0950324759
vt 1.49228668 0.725440741 0.092369996
vt 1.46320748 0.714552402 0.0955600962
vt 0.52689141 0.70202297 0.0960184857
vt 0.537904143 0.70247227 0.0981704444
vt 0.556320548 0.746785223 0.100493714
vt 0.66215086 0.318467438 0.104853727
vt 0.653627694 0.313044846 0.104060732
vt 0.667661309 0.281245649 0.10453625
vt 0.662782907 0.292173475 0.104386315
vt 0.674539804 0.287107199 0.105540074
vt 0.719030499 0.43443495 0.101508953
vt 0.752031684 0.454043239 0.10377758
vt 0.561275899 0.429965556 0.0975717902
vt 0.558414161 0.443787545 0.0972564071
vt 0.571931064 0.440367252 0.0997439176
vt 0.498946756 0.27264905 0.0860538632
vt 0.515512705 0.275278717 0.0868734643
vt 0.51020205 0.262948215 0.0862663314
vt 0.622742355 0.34807831 0.102278315
vt 0.634868443 0.347586095 0.103475027
vt 1.39762068 0.564015448 0.104401387
vt 1.42351925 0.555915833 0.0998257622
vt 0.583271027 0.481289625 0.102565445
vt 1.39897513 0.464921951 0.101815186
vt 1.40348148 0.479243159 0.101581737
vt 1.41220498 0.468588769 0.0997979715
vt 1.37906671 0.52335614 0.10509225
vt 1.39046049 0.5201841 0.104211546
vt 1.38161659 0.511966765 0.104840413
vt 0.586102426 0.556217432 0.104728892
vt 0.573501408 0.552968562 0.102434978
vt 1.42466998 0.350245208 0.0949437022
vt 1.43070912 0.339732617 0.0936537832
vt 0.522798419 0.251398623 0.0869081542
vt 0.536303759 0.256832182 0.0884598866
vt 1.49029636 0.560610414 0.0918525383
vt 1.48703897 0.514518917 0.0909743607
vt 1.49493122 0.504580796 0.090751797
vt 1.47970366 0.504186451 0.0910009146
vt 1.44260252 0.550089478 0.0960834399
vt 1.44708943 0.559306681 0.0955277383
vt 1.45654047 0.551350296 0.0940311775
vt 1.42320061 0.543910921 0.0996796489
vt 1.41718614 0.533885837 0.100504942
vt 0.509586036 0.687213182 0.0942538381
vt 0.505805135 0.674607038 0.0940416157
vt 1.41776276 0.254688382 0.0930413827
vt 1.398592 0.28188625 0.0968148336
vt 1.40092552 0.268995345 0.0962239876
vt 1.36584401 0.41516906 0.103356615
vt 1.35428739 0.412853301 0.104391709
vt 1.37546277 0.394483685 0.101909392
vt 1.3696171 0.386458784 0.102272995
vt 1.36280632 0.396085769 0.103451148
vt 1.3941524 0.299055547 0.0976323411
vt 1.36428761 0.266336381 0.0969210491
vt 1.30108416 0.259906262 0.104053952
vt 1.30735302 0.269971311 0.103925779
vt 1.2556262 0.503102958 0.100838415
vt 1.27027583 0.505990386 0.100386322
vt 1.2673285 0.494706154 0.100445561
vt 0.639407814 0.502642214 0.104689226
vt 0.650635064 0.501010537 0.1035465
vt 0.642589569 0.492508531 0.104405195
vt 0.625900984 0.307619154 0.10083092
vt 0.586906552 0.314678192 0.0980149955
vt 0.586777747 0.301964939 0.097586371
vt 0.56610775 0.315763533 0.095103465
vt 0.576653063 0.321209192 0.0974486247
vt 0.576298833 0.335146815 0.0978558958
vt 0.587067366 0.327179998 0.0984049439
vt 0.609247386 0.393815696 0.102529563
vt 0.619416833 0.398521036 0.103512682
vt 0.556136191 0.325231642 0.0935288519
vt 0.55451107 0.312389463 0.0927842706
vt 0.589312434 0.266442567 0.0964651406
vt 0.581708193 0.273863047 0.0957230106
vt 0.699684739 0.30831629 0.104527585
vt 0.712585747 0.303968459 0.104963653
vt 0.634557366 0.328692526 0.103129469
vt 0.640467167 0.336727351 0.103740886
vt 0.644823194 0.323410273 0.103550903
vt 0.692912817 0.336287588 0.10391403
vt 0.684531033 0.325284541 0.10460747
vt 0.681091607 0.340126753 0.104407094
vt 0.681376815 0.423594117 0.102055289
vt 0.678299427 0.435789168 0.1019492
vt 0.690430641 0.431192338 0.101440005
vt 0.673069954 0.467431486 0.101682648
vt 0.681988001 0.459767491 0.101215847
vt 0.671202958 0.456060708 0.102065183
vt 1.4906745 0.442151487 0.0894797742
vt 1.48346901 0.430687279 0.0893712491
vt 1.4772656 0.442313462 0.0898695737
vt 1.45471048 0.451899022 0.092272155
vt 0.548256934 0.495007098 0.0960646644
vt 0.509259105 0.522210419 0.0914606228
vt 1.41795254 0.36131072 0.0965830833
vt 1.44117332 0.381817639 0.0928752795
vt 1.43574691 0.373301148 0.0936458111
vt 0.652475893 0.532414138 0.103330731
vt 0.66523093 0.474838316 0.10224878
vt 0.652914524 0.473165691 0.103622727
vt 0.658147097 0.484246671 0.102784172
vt 0.509833097 0.496249497 0.090979144
vt 0.561330199 0.594813943 0.100625217
vt 0.580121875 0.576064169 0.104230277
vt 0.591823816 0.581425965 0.10630697
vt 0.589017689 0.56783694 0.105413295
vt 0.541127622 0.62156111 0.0970445052
vt 0.552523196 0.626079142 0.0994192287
vt 0.544246197 0.633966208 0.0978634059
vt 1.34531784 0.407958299 0.103549965
vt 1.33151937 0.364211559 0.103413761
vt 1.32537651 0.377300441 0.102814153
vt 1.35906494 0.478163719 0.104027502
vt 1.34845138 0.470899582 0.103228718
vt 1.34953547 0.45976764 0.103229634
vt 1.35997272 0.453006536 0.104026288
vt 1.34995627 0.448135108 0.103477649
vt 1.33892298 0.444915712 0.102635905
vt 1.33918405 0.457342505 0.102582574
vt 0.719407439 0.379031241 0.103165247
vt 0.717832327 0.390262008 0.102737948
vt 0.729388893 0.388735414 0.103560612
vt 0.707607031 0.38349548 0.102536805
vt 0.690330386 0.404324561 0.102088295
vt 0.681278467 0.410737187 0.102405608
vt 0.693051279 0.417342007 0.101684667
vt 1.46213424 0.602071762 0.0943541378
vt 1.46266866 0.614884079 0.0945519507
vt 1.47348285 0.60822314 0.0934368223
vt 0.534136653 0.361485541 0.0907351971
vt 0.529573619 0.369349748 0.0902975351
vt 1.43552244 0.399264157 0.0942587778
vt 1.44242334 0.40700531 0.0931629837
vt 1.44780707 0.396621168 0.0920178741
vt 1.41855335 0.408650875 0.0976026729
vt 0.514106631 0.483100951 0.0909987763
vt 0.528638661 0.479097784 0.0923766941
vt 0.548766613 0.464583158 0.0955567285
vt 0.539599001 0.456540376 0.0936098918
vt 0.539604247 0.471149176 0.0939086899
vt 0.522185445 0.490723848 0.091854468
vt 0.54107058 0.423767745 0.0932002217
vt 0.52924186 0.42044428 0.091297023
vt 0.533027709 0.431981653 0.0920539051
vt 1.47184777 0.34648034 0.0881865397
vt 1.48461151 0.353179276 0.0877569988
vt 1.48630166 0.341154158 0.0874783844
vt 0.578109562 0.564689159 0.103674226
vt 0.590735257 0.525600016 0.104577132
vt 0.598407626 0.28531462 0.097676672
vt 0.596022308 0.243460089 0.0960084721
vt 1.45991731 0.65811342 0.0958714187
vt 1.44830918 0.648492336 0.0974349827
vt 1.44812822 0.660093188 0.0979119614
vt 1.37923288 0.383389443 0.100998633
vt 1.38215041 0.372359097 0.100200273
vt 1.39278746 0.412345558 0.100890502
vt 1.39535415 0.397960395 0.100245155
vt 1.38303018 0.403377444 0.101486988
vt 1.31130171 0.339536339 0.103050619
vt 1.30007589 0.331508845 0.103237256
vt 1.32949257 0.316663772 0.103511535
vt 1.33449435 0.326855183 0.103513137
vt 1.3392272 0.320687592 0.103684515
vt 1.36112785 0.406586885 0.103724785
vt 1.37113154 0.404761612 0.102797166
vt 1.47542191 0.398629606 0.0890710801
vt 1.38318276 0.351596683 0.0995221287
vt 1.39076614 0.3611494 0.0995239839
vt 1.3948791 0.350147456 0.0988628864
vt 1.35625601 0.332447439 0.102459684
vt 1.36491346 0.321942955 0.0996029675
vt 1.35294425 0.403377175 0.104300924
vt 1.3488307 0.39421019 0.104186788
vt 1.40012944 0.453834653 0.101367928
vt 1.39233947 0.445049584 0.101927757
vt 1.39215207 0.456382811 0.102153443
vt 1.40770507 0.446726084 0.100121282
vt 0.735266089 0.506908357 0.10140039
vt 0.730287552 0.493275285 0.101136439
vt 0.724525869 0.506608069 0.100898929
vt 0.70456481 0.455028772 0.100794092
vt 0.65036571 0.450750142 0.104127057
vt 0.584844768 0.443986177 0.101777934
vt 0.593065977 0.433735639 0.102507047
vt 0.581372142 0.430823892 0.101086445
vt 0.553624749 0.454862654 0.0963231102
vt 0.559173942 0.464428186 0.0977824256
vt 1.46939898 0.54661268 0.0925217271
vt 1.47829676 0.490859449 0.0908035487
vt 1.48979843 0.484506667 0.0903408974
vt 1.47574472 0.290512502 0.0867556483
vt 1.46934509 0.302000076 0.0873833895
vt 1.48815358 0.284542054 0.0862886831
vt 1.48994553 0.294900686 0.0864798725
vt 1.50080752 0.284911513 0.0864409208
vt 1.2710402 0.44160676 0.101012424
vt 1.26777935 0.464652956 0.100718662
vt 1.27838051 0.416865647 0.101341099
vt 1.28563619 0.425054103 0.100955926
vt 1.29120803 0.41280812 0.101116329
vt 1.29158878 0.400574207 0.101436727
vt 1.27946234 0.405256689 0.101596624
vt 1.31693411 0.399472177 0.102056764
vt 1.33031833 0.351572007 0.103513449
vt 1.32188118 0.345282674 0.103178047
vt 1.32251954 0.356374025 0.102969788
vt 1.2840091 0.380563736 0.10207209
vt 1.27388203 0.385606706 0.102348745
vt 1.28386974 0.392173231 0.101744622
vt 1.31127679 0.350324154 0.102867849
vt 1.30065632 0.34425956 0.102927402
vt 1.29945219 0.357298732 0.102583073
vt 1.29145575 0.337995708 0.103152461
vt 1.28050876 0.338329107 0.103497885
vt 1.28891551 0.347900987 0.102954946
vt 1.33337975 0.339339703 0.103634648
vt 1.26966953 0.310614467 0.105035268
vt 1.28183484 0.31706813 0.104028016
vt 1.28307939 0.305273682 0.10435538
vt 1.45606089 0.5290429 0.0936380625
vt 1.44583702 0.521086991 0.0950468555
vt 1.4685204 0.522964537 0.09212365
vt 1.46963716 0.533697248 0.0922456458
vt 1.45443058 0.692675292 0.0973373577
vt 1.45457864 0.681146622 0.0972064435
vt 1.44635081 0.783909678 0.0873196572
vt 1.43104637 0.778952479 0.0915622562
vt 0.691715717 0.501876295 0.10070464
vt 0.685783923 0.491185188 0.100739338
vt 0.662141085 0.540991306 0.102809228
vt 0.669716597 0.562976122 0.107036822
vt 0.619534373 0.317928135 0.100449137
vt 0.669292867 0.444469631 0.102486119
vt 0.665451288 0.432963908 0.1031048
vt 0.684072673 0.470420629 0.100956656
vt 0.677941918 0.480388582 0.101096898
vt 0.623762131 0.43048209 0.104811169
vt 0.615284324 0.43533209 0.104327351
vt 0.529254377 0.386352211 0.0906091034
vt 0.543954015 0.389334798 0.092954658
vt 0.515747786 0.352475643 0.0885118768
vt 0.508021414 0.361470819 0.0881876796
vt 0.520803332 0.361973166 0.0891447738
vt 1.50221467 0.56291306 0.09207993
vt 1.49753451 0.551722884 0.0917240083
vt 1.42765594 0.307582319 0.0932084769
vt 1.42691994 0.317568004 0.0936567634
vt 1.44994044 0.338208318 0.0902764499
vt 1.44045007 0.341510832 0.0918894634
vt 1.40714383 0.45782724 0.100284383
vt 0.557828307 0.364699423 0.0950675309
vt 0.565885842 0.37630409 0.0968537256
vt 0.570049763 0.368167043 0.0976173952
vt 0.589776993 0.420765489 0.10175208
vt 0.601263881 0.423358947 0.102841787
vt 0.573932827 0.406169713 0.0992423519
vt 0.560436606 0.406204551 0.0966904908
vt 0.531889737 0.27064532 0.0883185267
vt 0.523332059 0.264022082 0.0872692689
vt 0.509144783 0.250053763 0.0859165043
vt 0.577210665 0.454477787 0.10113579
vt 0.56558907 0.453543335 0.0987015441
vt 1.37202346 0.457715482 0.104387648
vt 1.3725307 0.473100662 0.104538321
vt 1.38449931 0.464843899 0.103370748
vt 1.3936758 0.485321581 0.102951884
vt 1.39088893 0.493803322 0.103496328
vt 1.40095997 0.492801607 0.102149718
vt 1.42339563 0.374165535 0.0958802998
vt 0.660252094 0.4619793 0.103019446
vt 0.645563841 0.463093877 0.104532488
vt 0.632185638 0.466673225 0.105464965
vt 0.642165124 0.473210216 0.104707621
vt 0.577154815 0.349167526 0.0983423516
vt 0.587267935 0.340642989 0.0990664288
vt 0.618870199 0.531418562 0.105898313
vt 0.616177678 0.542586565 0.106190071
vt 0.627284884 0.539834559 0.105952501
vt 1.30630314 0.392362177 0.101797633
vt 0.515456557 0.448561728 0.0904094353
vt 0.523151398 0.439215183 0.0909347087
vt 0.507896721 0.43666786 0.0896933451
vt 0.598408699 0.57136029 0.106526591
vt 0.618844867 0.575488746 0.106815048
vt 1.30995488 0.313057691 0.103432141
vt 1.30572724 0.304000527 0.103655942
vt 1.29549241 0.304886937 0.103863113
vt 0.529340684 0.334728122 0.0895232335
vt 1.49951243 0.349438429 0.0877231434
vt 1.4995873 0.336298287 0.0874586701
vt 0.662316322 0.421907336 0.10361892
vt 1.28967261 0.294126391 0.104342446
vt 1.29385304 0.282346815 0.104186952
vt 0.556599736 0.392236859 0.0955402553
vt 0.598405242 0.34540379 0.100150734
vt 0.596735835 0.334410101 0.0996850953
vt 0.59929961 0.504620075 0.105015144
vt 0.600523412 0.492321253 0.104779832
vt 0.610956073 0.525378108 0.106020242
vt 0.608455896 0.534283161 0.106150195
vt 1.46782684 0.224620134 0.0856351182
vt 0.625342548 0.418658793 0.104672216
vt 0.613369584 0.42376098 0.103813492
vt 1.405689 0.670564353 0.109805048
vt 1.39675498 0.673666 0.112450279
vt 1.33651924 0.499972701 0.101914883
vt 1.24417067 0.37873897 0.105053045
vt 1.26481771 0.367304802 0.103492685
vt 1.27427864 0.374667943 0.102601655
vt 1.282269 0.3699826 0.102465577
vt 1.25941801 0.251938701 0.108082123
vt 1.32353377 0.49428165 0.100874022
vt 1.31147218 0.488006175 0.100380711
vt 1.29056561 0.505766034 0.100343473
vt 1.29074359 0.491433501 0.100235395
vt 1.27967501 0.498491526 0.100295164
vt 1.39480889 0.688519299 0.113479786
vt 1.40481591 0.683927774 0.110360689
vt 1.47394538 0.786048651 0.0825558677
vt 1.47808719 0.778090119 0.0842900872
vt 1.34306479 0.789089143 0.0934103429
vt 1.37424731 0.783867598 0.0978815034
vt 1.3510046 0.792040825 0.0863279253
vt 0.565090537 0.758446693 0.0999623463
vt 0.601390779 0.769028068 0.10494262
vt 0.595523596 0.756024063 0.107917354
vt 0.581770778 0.793318212 0.0858359188
vt 0.592683852 0.790524304 0.0889687613
vt 0.58283633 0.785560012 0.0914938077
vt 0.597859561 0.265220881 0.0969075933
vt 0.741321087 0.487417817 0.101895273
vt 0.712772906 0.466694057 0.100697987
vt 0.70292753 0.470393866 0.100603968
vt 0.712391376 0.479922056 0.100622363
vt 1.39514649 0.227900252 0.0946495235
vt 1.43295658 0.519352555 0.097287111
vt 1.4334662 0.507617235 0.0969407782
vt 1.34008694 0.276497543 0.102203622
vt 1.33698297 0.254296094 0.101410963
vt 1.3492142 0.255086184 0.0996044949
vt 1.33796453 0.789702356 0.0860453844
vt 1.36372185 0.787121594 0.096496731
vt 1.3635211 0.781690657 0.102995582
vt 1.35258198 0.786730886 0.0985169187
vt 0.538945317 0.772908449 0.0895722061
vt 0.651563704 0.244347095 0.101315834
vt 0.645561039 0.253055781 0.101114728
vt 0.658332884 0.251185834 0.102364376
vt 0.688775897 0.274086595 0.105873503
vt 0.686240673 0.283181846 0.105762675
vt 0.670731664 0.2495545 0.103683479
vt 0.664305627 0.259111553 0.103217341
vt 0.567298889 0.417791009 0.0984050706
vt 0.557605743 0.418318778 0.0964427143
vt 0.563190818 0.384819478 0.0966083631
vt 1.43916965 0.628313184 0.0985392109
vt 1.4393158 0.615823507 0.0981282741
vt 1.42926335 0.622291565 0.100297078
vt 0.515475571 0.303410828 0.0874831378
vt 0.497942299 0.305137098 0.0867170244
vt 0.50541842 0.313138008 0.0870902762
vt 0.6397084 0.263870835 0.101015754
vt 0.586833119 0.407997489 0.101169661
vt 0.607571959 0.415067285 0.103053555
vt 0.617145181 0.411060631 0.103640236
vt 0.627975762 0.359742671 0.10327141
vt 0.619477153 0.375627935 0.102917805
vt 0.627586126 0.380072832 0.103840448
vt 0.625679016 0.370796204 0.103183053
vt 0.609091222 0.48286134 0.105137177
vt 0.621455491 0.475322962 0.105393276
vt 0.627112389 0.457474887 0.105097428
vt 0.637382329 0.45552665 0.105096661
vt 0.568915486 0.572663188 0.101851001
vt 0.517048299 0.567758024 0.0928849131
vt 0.671734512 0.416574955 0.102952398
vt 0.672133148 0.426566184 0.102595024
vt 0.653464496 0.402643919 0.104748532
vt 0.676971138 0.376331627 0.103605695
vt 0.731350005 0.456863999 0.101690933
vt 0.725848794 0.445381135 0.101651236
vt 1.48969269 0.473632991 0.0901211873
vt 1.5012548 0.475236118 0.0903100967
vt 1.38606119 0.284940779 0.0972999483
vt 1.32786918 0.442649245 0.101909883
vt 1.32872331 0.454320252 0.101761505
vt 1.30024624 0.481337368 0.100176305
vt 1.30236459 0.492757142 0.100309022
vt 1.25151467 0.471182227 0.101453036
vt 1.27228379 0.47631073 0.100454696
vt 1.25946116 0.475425124 0.10092818
vt 1.26665127 0.484844685 0.100503325
vt 1.40301204 0.552308321 0.103363156
vt 1.39007163 0.552672267 0.104936004
vt 1.46175265 0.626963675 0.0949322954
vt 1.45069396 0.621955276 0.0963016376
vt 1.37136805 0.329800665 0.0991056412
vt 1.36459279 0.334566206 0.10068173
vt 1.34334791 0.330575585 0.10373687
vt 1.3472209 0.343295872 0.103774115
vt 1.42455673 0.465548098 0.0976867899
vt 1.42816782 0.453377008 0.0968451202
vt 1.41694832 0.456340015 0.0988543853
vt 1.43364131 0.461118221 0.0959952921
vt 1.41307616 0.328200072 0.0962618664
vt 1.41767263 0.320506483 0.0954518542
vt 1.40678406 0.316480517 0.0971757397
vt 1.39655805 0.319907904 0.0977902412
vt 1.38557553 0.317545235 0.0984182879
vt 1.39149535 0.329611987 0.0984883979
vt 1.23491502 0.398784637 0.105529971
vt 1.32135677 0.336246669 0.103274859
vt 0.57250905 0.626704454 0.10395588
vt 0.69726932 0.321016312 0.104203232
vt 0.704298019 0.334750623 0.103822619
vt 0.709918737 0.324683368 0.104252554
vt 0.690122068 0.350906134 0.103628546
vt 0.700407505 0.347238362 0.10345272
vt 1.45623231 0.463777304 0.0923097432
vt 1.4570322 0.477318585 0.0924730673
vt 1.44039536 0.45095706 0.0944932625
vt 1.44804883 0.438823342 0.0929693431
vt 1.43358183 0.442020059 0.0954594165
vt 1.42276657 0.694421768 0.105673403
vt 1.42498636 0.707927823 0.104911841
vt 1.43209267 0.702356279 0.103030212
vt 1.40662813 0.736264884 0.107477456
vt 1.40762401 0.721598446 0.108575694
vt 0.613395154 0.799004316 0.0783027858
vt 0.646223307 0.369723797 0.104537681
vt 0.636695623 0.371905833 0.104370698
vt 0.646113098 0.379537135 0.104838766
vt 0.595408559 0.482743263 0.104016528
vt 0.600958109 0.473349631 0.104281388
vt 0.570024192 0.465102404 0.0999742821
vt 1.29969263 0.501363397 0.100469768
vt 1.26123619 0.516085625 0.100758016
vt 1.2658124 0.527591348 0.100908957
vt 1.27457821 0.517977178 0.100524001
vt 0.589371502 0.372341543 0.100537449
vt 0.601082563 0.368638158 0.101040818
vt 0.5922966 0.363275349 0.100446366
vt 0.518194377 0.500407577 0.0916664898
vt 0.524897099 0.50872767 0.0925079882
vt 1.49869132 0.489546955 0.0905186161
vt 1.48797452 0.49516511 0.0905712694
vt 1.41332126 0.349175721 0.0969489738
vt 1.41910172 0.338968754 0.0957651883
vt 1.4084028 0.338544607 0.0974497423
vt 1.39808822 0.339467347 0.0983549282
vt 1.4042114 0.347365886 0.0983144492
vt 0.572263062 0.59386152 0.103022106
vt 0.571094275 0.603672385 0.102848887
vt 0.548288643 0.577348471 0.0975771621
vt 0.559076726 0.580967247 0.0998777673
vt 1.36835837 0.487333536 0.104512714
vt 0.608498156 0.567786872 0.106774174
vt 0.611913204 0.554965138 0.106549777
vt 0.605327785 0.435240149 0.103513516
vt 0.71740061 0.519047856 0.101087563
vt 0.752283156 0.468333781 0.103372358
vt 0.737368464 0.467999518 0.101894043
vt 0.742953241 0.477109194 0.102211393
vt 0.731643736 0.479124427 0.101266876
vt 0.593253851 0.387451589 0.101257399
vt 0.577522695 0.375232577 0.0987782627
vt 1.23846793 0.29828316 0.109953433
vt 1.25964057 0.30299899 0.106141202
vt 1.41534603 0.680413723 0.107316613
vt 1.47314858 0.659255266 0.094468236
vt 1.47817659 0.668112755 0.0942032635
vt 1.44383192 0.676311851 0.099305883
vt 1.44410396 0.687642992 0.099572137
vt 1.37820482 0.798844874 0.0787510648
vt 1.38665462 0.796634972 0.0820591003
vt 1.36782181 0.797329485 0.0749587193
vt 1.3778441 0.794646859 0.0845906585
vt 0.578190506 0.708722234 0.108587459
vt 0.635551691 0.787465751 0.0975552425
vt 0.648517847 0.78893888 0.0934555605
vt 1.23395324 0.441628724 0.103851989
vt 1.26396275 0.453305393 0.101093128
vt 1.46812725 0.497368634 0.0916415006
vt 1.46888328 0.48367548 0.091298826
vt 1.45937538 0.490263224 0.0924210027
vt 1.29153037 0.254827231 0.104524516
vt 1.29531884 0.269062042 0.104201071
vt 1.45013154 0.595311165 0.0957684517
vt 0.525075614 0.605667412 0.0944107845
vt 1.38940787 0.752453804 0.109923609
vt 1.37474978 0.777812362 0.102848664
vt 1.43925166 0.576291084 0.0972555354
vt 1.439327 0.587661028 0.0975036398
vt 1.40143228 0.584651113 0.104502372
vt 1.47238076 0.312417805 0.0874257535
vt 1.46273959 0.320450425 0.0883347467
vt 1.47459364 0.324520767 0.0875579268
vt 1.39752388 0.291293859 0.0972247347
vt 1.31897211 0.527309239 0.101662785
vt 1.30744243 0.535218954 0.102145992
vt 1.29152131 0.535194337 0.101403274
vt 1.27942896 0.540230691 0.101663075
vt 1.39295959 0.588738561 0.105296127
vt 1.39411914 0.73962903 0.110509284
vt 0.521028101 0.71316731 0.0948081538
vt 0.525780559 0.723471284 0.095023714
vt 0.550357997 0.7225734 0.100919083
vt 0.597059667 0.378537148 0.101073496
vt 0.711061001 0.543754578 0.102204867
vt 0.691040874 0.523392618 0.101579472
vt 0.704698443 0.522048175 0.101310372
vt 1.43399954 0.276303679 0.0910043791
vt 1.44240022 0.281477392 0.0899694636
vt 1.45313883 0.274799347 0.0882509947
vt 1.39632297 0.30894047 0.0977508053
vt 1.37502265 0.322455823 0.0987230316
vt 1.37176812 0.543590724 0.10529083
vt 1.33872986 0.571276009 0.106492028
vt 1.33830857 0.560233533 0.104876071
vt 0.537884831 0.572217107 0.0955403596
vt 0.52675873 0.572829604 0.0939696729
vt 1.49349451 0.757613361 0.0880272016
vt 1.48051167 0.756839097 0.0887956992
vt 0.674661636 0.494011521 0.101201206
vt 0.570238054 0.25693211 0.093488574
vt 0.560751617 0.261852741 0.0920773894
vt 1.46660113 0.422075242 0.0902282298
vt 1.47062993 0.410778821 0.0896451026
vt 1.45330906 0.251119345 0.0876484066
vt 1.45133746 0.263762265 0.0881795436
vt 1.46132672 0.257844746 0.0869637877
vt 1.47316384 0.270957798 0.086486198
vt 1.46575522 0.28190285 0.0871889964
vt 1.48040485 0.278018951 0.0863202512
vt 0.642373323 0.358450234 0.104393005
vt 0.653169155 0.350765049 0.104696557
vt 1.47409916 0.633117914 0.0938962474
vt 1.47486567 0.620515585 0.0935881659
vt 1.48767924 0.659034967 0.0937314183
vt 1.50055289 0.661572337 0.0938512161
vt 1.49819446 0.649389267 0.0935982838
vt 0.568431854 0.357374281 0.0968056843
vt 0.580287337 0.467662752 0.101812772
vt 0.591064632 0.470946789 0.103143349
vt 0.588463187 0.457304478 0.102426015
vt 0.60941112 0.292134047 0.098833181
vt 1.43016052 0.362016022 0.0943677872
vt 1.4524858 0.4069812 0.0915493444
vt 1.46096945 0.395127088 0.0902121812
vt 0.675007224 0.387733936 0.103466108
vt 0.687824249 0.376266539 0.103063181
vt 0.671814799 0.405214757 0.103269175
vt 0.662336767 0.409775078 0.103910662
vt 0.502374291 0.41118902 0.0889660046
vt 0.666770816 0.552970469 0.104448996
vt 0.64463532 0.551204681 0.104559295
vt 0.551190734 0.485414803 0.0964886993
vt 1.33488142 0.511336744 0.101688169
vt 1.30905175 0.523455799 0.101251215
vt 1.44487953 0.478498459 0.0942930281
vt 1.44879079 0.489395916 0.0939033553
vt 1.43060613 0.661937118 0.102072008
vt 1.44176376 0.665913224 0.0993845016
vt 0.725409329 0.303138584 0.106286369
vt 0.721696854 0.312116951 0.105570622
vt 0.723763347 0.284612209 0.106760576
vt 0.731079757 0.519220769 0.101289302
vt 0.630201817 0.294430166 0.100823283
vt 0.635226607 0.304840356 0.102412328
vt 1.25832558 0.538289845 0.101375602
vt 1.50280523 0.674607038 0.0940416157
vt 1.49003685 0.671411335 0.0938246101
vt 0.70968765 0.314710587 0.104504265
vt 1.32220554 0.569117308 0.107571833
vt 1.31323767 0.567931592 0.107619405
vt 1.30219936 0.568979979 0.106547765
vt 1.25838494 0.312475502 0.105908938
vt 0.546899557 0.321008086 0.0917307362
vt 0.526900291 0.295583189 0.0883433744
vt 0.51676774 0.289262116 0.0872843936
vt 1.40745997 0.413882554 0.0994012505
vt 1.40163481 0.406008631 0.0997968465
vt 0.605968416 0.606683433 0.10770002
vt 0.593500137 0.612282872 0.107250951
vt 0.538497806 0.41306141 0.0925259739
vt 0.551296949 0.425083339 0.0951724425
vt 0.508315563 0.461041868 0.0902009085
vt 0.504301965 0.447590649 0.0897640288
vt 0.598546565 0.558543205 0.106361352
vt 0.594588459 0.548646212 0.105763718
vt 0.607627928 0.515999019 0.105837256
vt 0.600757897 0.525420427 0.105689064
vt 0.718432903 0.455271482 0.101093233
vt 1.29514217 0.386012077 0.101820439
vt 1.29920197 0.39672631 0.101504378
vt 0.713613808 0.504682958 0.100753598
vt 1.47711682 0.516328454 0.0913775861
vt 1.48350358 0.527977347 0.0913316086
vt 1.43621945 0.540207803 0.097089678
vt 1.44158006 0.530194998 0.0959443673
vt 1.42822886 0.53124994 0.0983885676
vt 1.44367671 0.510716081 0.0952114239
vt 1.39787614 0.796037197 0.0838190019
vt 0.61471647 0.775180638 0.105213225
vt 0.612546921 0.767409205 0.108305514
vt 0.621149957 0.783364475 0.0999799445
vt 0.630463898 0.78193301 0.104234107
vt 1.39420199 0.505777359 0.103418343
vt 1.38278615 0.499643624 0.104477085
vt 0.635094523 0.51290524 0.105295472
vt 0.6211797 0.512416124 0.105861381
vt 1.42916918 0.297436386 0.0925317854
vt 1.25076044 0.410785913 0.103170961
vt 1.30946791 0.242076069 0.103680715
vt 1.30171227 0.250213921 0.104056068
vt 1.23672676 0.341495752 0.108163849
vt 1.40764856 0.503144979 0.101507716
vt 1.29476595 0.577490866 0.106994361
vt 1.43338346 0.788301408 0.0870839655
vt 0.610878706 0.741542459 0.11616946
vt 0.687567353 0.313142717 0.104755774
vt 0.683706284 0.251082629 0.10603217
vt 0.697199225 0.491419494 0.100546025
vt 1.42242742 0.478613853 0.0983559117
vt 1.37219501 0.259382248 0.0966167003
vt 1.3602035 0.260033101 0.0972646475
vt 1.35183847 0.268647343 0.100053892
vt 1.41224468 0.691828847 0.108342722
vt 1.40392458 0.698984623 0.110617511
vt 1.41507888 0.702501655 0.107564285
vt 1.40018117 0.713284433 0.11106085
vt 1.40860939 0.710153043 0.109025344
vt 1.43203878 0.550259352 0.097953096
vt 1.50399542 0.574409723 0.0923789293
vt 1.26123047 0.277011812 0.106958956
vt 0.514682591 0.721820652 0.0935892463
vt 0.507139742 0.730229676 0.0922006145
vt 0.504513204 0.750872612 0.0894595012
vt 0.515231848 0.75753957 0.0891765431
vt 0.620795369 0.289069057 0.0992125645
vt 0.52892077 0.282250971 0.088259615
vt 0.69040978 0.536592424 0.102534764
vt 0.655190706 0.521211565 0.102892898
vt 0.568722188 0.269765705 0.0940121934
vt 1.46208584 0.268902808 0.0871740505
vt 0.526205063 0.592006564 0.094273977
vt 0.529237986 0.581219614 0.0944422781
vt 1.44680452 0.731769621 0.0982538611
vt 1.4598546 0.737291217 0.0948929936
vt 1.4850986 0.697698832 0.0938330293
vt 1.47590113 0.7071594 0.0941754729
vt 1.48582268 0.602408409 0.0927420035
vt 1.4866997 0.614034414 0.0929503292
vt 0.516716599 0.532317519 0.0921654105
vt 0.52031374 0.518720269 0.0922225639
vt 0.50913626 0.542934179 0.0918648615
vt 0.533371031 0.516274869 0.0937740281
vt 0.505972683 0.295985252 0.0867580771
vt 0.503807604 0.284911513 0.0864409208
vt 0.548547864 0.248534545 0.0898490697
vt 0.542832732 0.267261595 0.089566417
vt 0.55027163 0.25908488 0.0904295817
vt 1.31658101 0.386407048 0.102237344
vt 1.38198102 0.436110497 0.102760784
vt 1.37834573 0.446528077 0.103398971
vt 1.29524481 0.436332703 0.10063339
vt 1.36906958 0.515123963 0.104679935
vt 1.36041999 0.523910761 0.104179822
vt 1.32765245 0.517912149 0.101392403
vt 0.710071862 0.397845149 0.102172658
vt 0.701257646 0.406952471 0.101838112
vt 0.550393224 0.535164356 0.0972004905
vt 0.562878668 0.533829689 0.0999081805
vt 1.47020316 0.646449983 0.0944781229
vt 1.4631772 0.637269974 0.0949806198
vt 1.45829797 0.645774841 0.0958111435
vt 1.45005035 0.608760238 0.0960860252
vt 1.46176219 0.38518399 0.0898963735
vt 0.499446779 0.385753095 0.0883880034
vt 0.513811827 0.382548928 0.0889651775
vt 0.516076207 0.370926738 0.0889066234
vt 0.500842571 0.373215646 0.0881620944
vt 0.640268862 0.446207553 0.105072096
vt 1.42935014 0.61148715 0.0998474583
vt 1.35414386 0.5334934 0.103642009
vt 1.29029989 0.565413356 0.104807802
vt 1.41728354 0.777554274 0.0947876647
vt 1.42410815 0.770800889 0.0958105102
vt 1.41465425 0.766288936 0.099449195
vt 1.41709626 0.737766445 0.10511972
vt 1.42600441 0.732869267 0.103800759
vt 1.41654682 0.727556527 0.106238358
vt 0.53945291 0.784778237 0.0862340704
vt 0.631988168 0.254033357 0.0990976542
vt 0.500534475 0.551722884 0.0917240083
vt 1.42114711 0.444647968 0.0979987979
vt 1.40401745 0.595651805 0.10433767
vt 1.40104342 0.610101819 0.105158687
vt 1.38405156 0.579317451 0.106186025
vt 1.39398909 0.576494396 0.104952917
vt 1.42446589 0.744664133 0.102837503
vt 1.43748474 0.73983556 0.100276604
vt 1.42155647 0.786176622 0.0889792144
vt 1.40842187 0.783376634 0.09225519
vt 1.4794426 0.540317714 0.0917396322
vt 1.26070118 0.331583917 0.104998969
vt 1.27147782 0.330011904 0.10424336
vt 0.540028691 0.527486563 0.0951020271
vt 0.538924098 0.561097682 0.0955062881
vt 0.514582574 0.701343238 0.0944513157
vt 0.706024826 0.418031633 0.101603352
vt 0.578490973 0.41831702 0.100362234
vt 0.572214007 0.427509665 0.099331066
vt 0.498262972 0.259040505 0.0857521594
vt 0.655509353 0.324232072 0.104593262
vt 1.45034432 0.57026422 0.0952652395
vt 1.40976357 0.290946722 0.0959602073
vt 1.41464233 0.2683222 0.0942183509
vt 1.36823845 0.447392762 0.104385354
vt 1.37249053 0.439107627 0.103579774
vt 1.39048076 0.384162426 0.100150086
vt 1.33697641 0.474197984 0.10207621
vt 1.35986161 0.46496135 0.104052044
vt 1.43878829 0.654859185 0.0996951833
vt 0.533645272 0.396070987 0.0914123058
vt 0.597642243 0.29715988 0.0981465057
vt 1.48138905 0.303656667 0.0868250281
vt 1.4840101 0.265407443 0.0859347284
vt 0.598332524 0.447827935 0.103471741
vt 0.543154776 0.278546304 0.0899652541
vt 0.554547131 0.270468295 0.0915064216
vt 0.566836655 0.329124957 0.0956419408
vt 0.567839384 0.343054593 0.096255362
vt 0.603183031 0.357559085 0.100771755
vt 0.589485288 0.353673458 0.0997923464
vt 0.524171948 0.325734615 0.0887159035
vt 0.515424728 0.330234021 0.088038519
vt 0.503444254 0.323733866 0.087233752
vt 0.610861182 0.506002367 0.105678841
vt 0.618195593 0.501361251 0.105774358
vt 0.609903991 0.496294618 0.105393559
vt 1.25784779 0.35980776 0.104261741
vt 1.30239725 0.513772666 0.100819074
vt 1.31147504 0.50173229 0.1005897
vt 0.725365877 0.466371059 0.101202756
vt 1.41673458 0.714950502 0.106879495
vt 0.541641831 0.482735276 0.0944991559
vt 0.53655827 0.443677038 0.0928385481
vt 0.657416761 0.786727905 0.0982728601
vt 0.660562634 0.788003802 0.0928062201
vt 1.25731814 0.463480949 0.101260029
vt 1.253438 0.45281744 0.101679124
vt 0.708245039 0.492441416 0.100580186
vt 1.29517937 0.423359036 0.100831203
vt 1.28228903 0.436090112 0.10077478
vt 1.26063967 0.264905572 0.10742344
vt 1.24293113 0.507820725 0.101669028
vt 1.36438465 0.599368691 0.107398771
vt 1.25311208 0.526908338 0.101181738
vt 1.25037599 0.514552474 0.101193279
vt 1.43386102 0.691916645 0.102612592
vt 1.44575381 0.750895143 0.0964520052
vt 1.45185363 0.760990918 0.0926226974
vt 1.45726562 0.749779761 0.0934971049
vt 1.41278052 0.792626679 0.0859468132
vt 1.42740941 0.793858409 0.0850858465
vt 0.628201365 0.796559811 0.0741838813
vt 0.625402391 0.267417729 0.098727636
vt 0.616550565 0.278813899 0.0985234752
vt 0.605939388 0.581454694 0.107029006
vt 0.608280599 0.594605505 0.107479192
vt 0.529719949 0.732065439 0.0951315537
vt 0.600547552 0.749556303 0.110600509
vt 0.729774594 0.293923259 0.107050754
vt 1.34029794 0.310326695 0.103364065
vt 1.37648296 0.573015094 0.105739348
vt 1.38375175 0.565888345 0.105867855
vt 1.37099433 0.564614117 0.105268687
vt 0.549798489 0.506105125 0.0965711176
vt 0.545600772 0.516073942 0.0959140733
vt 0.572275937 0.646267653 0.104983062
vt 1.50413966 0.730229676 0.0922006145
vt 0.542005777 0.690109372 0.098924771
vt 1.47996783 0.744393528 0.0907802656
vt 1.48495173 0.73500514 0.0914926678
vt 0.575131118 0.71924758 0.107374415
vt 0.586631179 0.778271437 0.0963637307
vt 0.596378207 0.776525736 0.0992711931
vt 0.558245361 0.280447513 0.0924535543
vt 1.31860244 0.463793993 0.100856051
vt 1.31145012 0.474110782 0.100427091
vt 1.28126645 0.509533346 0.100383863
vt 1.44365597 0.701397896 0.100110836
vt 1.45608115 0.703277826 0.0971362218
vt 0.63693881 0.416605473 0.104978196
vt 0.558792531 0.502988219 0.0984426439
vt 1.49594676 0.27264905 0.0860538632
vt 1.49526286 0.259040505 0.0857521594
vt 1.37450647 0.505049765 0.10453479
vt 1.40219831 0.435473323 0.100413084
vt 1.29780793 0.468801558 0.100206532
vt 1.38330495 0.542662919 0.104962528
vt 1.3774519 0.553751171 0.105692036
vt 0.49791187 0.638567924 0.0933602154
vt 0.511569262 0.639726758 0.0938800499
vt 1.4523859 0.327801496 0.0896814391
vt 1.43877721 0.641979218 0.0991134569
vt 1.42881012 0.633976579 0.100939959
vt 1.35105419 0.356754929 0.103813551
vt 1.34286404 0.367631078 0.103929356
vt 0.593870819 0.516245306 0.104858831
vt 0.587387145 0.507921815 0.103722773
vt 0.581528783 0.518457651 0.103189737
vt 0.597772241 0.600209594 0.10692437
vt 0.597755194 0.639172256 0.110506646
vt 1.47613466 0.335409164 0.0876920521
vt 0.730439901 0.373236835 0.104200602
vt 1.48439789 0.648407698 0.0936535001
vt 0.627210379 0.388989419 0.103815287
vt 1.31802845 0.306326956 0.103588134
vt 1.49851656 0.697959781 0.0937338769
vt 0.561995387 0.654225469 0.102725029
vt 0.538083434 0.738100171 0.0965231508
vt 1.46069801 0.309352815 0.0882634446
vt 1.49881101 0.530687869 0.0913382024
vt 1.49602914 0.518690288 0.091046311
vt 1.3652997 0.296400011 0.0980648771
vt 1.2730813 0.269808918 0.106187433
vt 1.28437471 0.265572757 0.105073325
vt 0.700031042 0.427546561 0.101312608
vt 0.650669277 0.542566955 0.1037912
vt 1.32902455 0.420447916 0.102298178
vt 1.36469948 0.501685619 0.10445454
vt 1.34981453 0.522954583 0.103137553
vt 1.47783184 0.419807374 0.0893801302
vt 0.519089818 0.427915931 0.0903048664
vt 1.42025304 0.419004232 0.0976053923
vt 1.41085875 0.426988304 0.0992240086
vt 1.2799834 0.444803953 0.10057161
vt 1.28626275 0.359315872 0.102679074
vt 1.32193017 0.36612469 0.102798156
vt 1.33960152 0.353916526 0.103585884
vt 0.677059412 0.542413056 0.103591338
vt 0.691788793 0.478371203 0.100609191
vt 0.693330348 0.464240909 0.100709662
vt 1.49083006 0.541283369 0.0914644152
vt 0.557949781 0.352210224 0.0947420672
vt 0.646946371 0.482482314 0.104165092
vt 0.58005631 0.363167226 0.0991131738
vt 0.634174466 0.436786294 0.105130643
vt 0.632570267 0.42573449 0.105004273
vt 0.729153216 0.328829706 0.105729833
vt 1.31641293 0.450529754 0.100962058
vt 1.36085081 0.346293598 0.102204628
vt 0.570767522 0.636512995 0.104040258
vt 0.562438726 0.642959177 0.102151699
vt 0.611222982 0.44509688 0.104222849
vt 1.43505645 0.486261606 0.0962762684
vt 1.44065714 0.498363078 0.0954844654
vt 1.46304274 0.405220032 0.0902139023
vt 0.677692294 0.521121681 0.101428725
vt 0.68126297 0.531660974 0.102079965
vt 0.617924213 0.52212888 0.105970539
vt 0.501796424 0.617256165 0.0930308998
vt 0.506533861 0.62852931 0.0934056342
vt 1.41207981 0.605840206 0.10319487
vt 1.38491428 0.392342925 0.100893408
vt 0.732124805 0.549517632 0.102549039
vt 0.527428746 0.526509285 0.0931606516
vt 1.36346602 0.251480848 0.0965314209
vt 1.38739789 0.260960221 0.0964646935
vt 1.3541435 0.228327975 0.0971049741
vt 1.24787259 0.482021213 0.101560295
vt 1.25713992 0.489290595 0.100884289
vt 1.3743943 0.495991707 0.104606614
vt 1.23411202 0.569302857 0.104381911
vt 1.24374998 0.56419462 0.103434473
vt 1.46259272 0.694953918 0.095981665
vt 1.46588922 0.703105927 0.0954420939
vt 0.750648737 0.396838546 0.106160745
vt 0.743004501 0.459102929 0.102633081
vt 1.50613618 0.542934179 0.0918648615
vt 1.46388698 0.780662119 0.0850680172
vt 0.674229622 0.785554051 0.0825130716
vt 0.568382323 0.788722515 0.0882994458
vt 0.569568634 0.771481991 0.0968355834
vt 0.561996996 0.778875291 0.0919434875
vt 1.46303344 0.334931046 0.0886467919
vt 1.27420259 0.321045309 0.104382493
vt 0.552193224 0.650300503 0.100084595
vt 0.553186536 0.638123274 0.0999058262
vt 0.566161215 0.719308734 0.105291396
vt 1.41411543 0.551749825 0.101354808
vt 0.619330525 0.462981194 0.105172791
vt 0.60916388 0.456449866 0.104289703
vt 0.60991776 0.468524575 0.104802169
vt 1.41316652 0.436784357 0.0988662466
vt 1.4240911 0.431544125 0.0972269177
vt 1.31597543 0.515330791 0.101032346
vt 0.548993051 0.589449644 0.0979275629
vt 0.570056498 0.58468914 0.102238566
vt 1.30502367 0.379844427 0.102112971
vt 1.31455183 0.372756064 0.102486499
vt 1.30474091 0.367657244 0.102310151
vt 1.29349375 0.371349216 0.102240942
vt 0.683865666 0.386249512 0.102969825
vt 1.4758873 0.359153122 0.0882124826
vt 1.45312214 0.669607997 0.0972267017
vt 0.530323207 0.777796805 0.086473532
vt 0.588471174 0.770531178 0.101394534
vt 0.717689037 0.333159596 0.104509905
vt 0.69715476 0.26834166 0.105484061
vt 0.693856716 0.258170128 0.105786622
vt 0.70934552 0.587952256 0.106864944
vt 0.525531828 0.345153809 0.0893004462
vt 1.42456567 0.328837395 0.0944654197
vt 1.3002274 0.525890768 0.10134837
vt 1.28898168 0.519931793 0.100675292
vt 1.27843988 0.52998209 0.101136081
vt 1.3967092 0.528385162 0.103603758
vt 0.733642459 0.439815402 0.102265567
vt 0.537430465 0.344854206 0.0908668935
vt 0.57211566 0.477950931 0.100718006
vt 1.41298473 0.478960872 0.09981969
vt 1.40587568 0.260474592 0.095357202
vt 0.606064856 0.339135706 0.100411639
vt 0.610156238 0.347908169 0.101010159
vt 0.552393496 0.475264728 0.0965646133
vt 1.34053755 0.465905845 0.102479018
vt 0.614636779 0.366119564 0.102128014
vt 1.44127691 0.389830261 0.0930151567
vt 0.647539377 0.512112439 0.10382285
vt 1.31910205 0.437297821 0.101342216
vt 1.32595348 0.431236267 0.101934806
vt 0.580509961 0.588144779 0.104568891
vt 0.589619875 0.594219983 0.106444821
vt 0.599106014 0.590340734 0.106718175
vt 0.525162518 0.377257586 0.089912504
vt 0.574620187 0.779388726 0.0937042758
vt 0.644799113 0.345582455 0.104288802
vt 1.45051861 0.635528803 0.0966907516
vt 0.667702556 0.485964596 0.101863571
vt 0.662223637 0.496897161 0.102242857
vt 0.599367261 0.462523937 0.103904136
vt 0.586097479 0.287554443 0.0969830677
vt 0.592104495 0.275837243 0.0970741957
vt 1.43819571 0.429981112 0.0944565311
vt 0.679694116 0.397343278 0.102871552
vt 0.563369811 0.47451371 0.0987597331
vt 0.7165308 0.255431652 0.106819034
vt 0.726355314 0.258355588 0.107969582
vt 0.705814242 0.259111941 0.105724134
vt 0.632813334 0.317329943 0.102541938
vt 0.643476009 0.309708834 0.103155725
vt 0.518915892 0.317412496 0.0880498588
vt 0.52133733 0.394438893 0.0898496807
vt 0.71860379 0.493249118 0.100667559
vt 1.42908955 0.499036312 0.0976280645
vt 1.38711476 0.531844556 0.10460785
vt 1.43739986 0.302924454 0.0914324
vt 1.44180357 0.269627452 0.0896962285
vt 0.529300392 0.535141468 0.0935694873
vt 1.34207869 0.552069068 0.103317536
vt 0.702496648 0.481784523 0.100538179
vt 0.571433187 0.797563732 0.0831455886
vt 0.5655967 0.694885254 0.105509907
vt 0.5557338 0.68934381 0.102635354
vt 1.5029726 0.295985252 0.0867580771
vt 1.37357533 0.34148702 0.0994110703
vt 1.336236 0.432164192 0.102639444
vt 1.40149307 0.765676558 0.102454096
vt 1.39837885 0.75772959 0.10644076
vt 0.532855093 0.63151443 0.0959590301
vt 0.579631865 0.773432672 0.0980344862
vt 1.37222075 0.427502751 0.103412241
vt 1.37829804 0.414602488 0.102480382
vt 0.561636448 0.664641142 0.103213042
vt 0.720292747 0.473999619 0.100933023
vt 0.722583771 0.484439611 0.10088478
vt 1.27719879 0.486666322 0.100244902
vt 1.46949852 0.747600794 0.091545403
vt 0.5700804 0.731379151 0.105347767
vt 0.581998706 0.730541527 0.108361617
vt 0.62672019 0.766059399 0.11486081
vt 0.620145321 0.770670414 0.109660074
vt 0.562583447 0.632109702 0.101855591
vt 1.3123771 0.361347795 0.102690697
vt 1.41306627 0.489304304 0.10015849
vt 0.57420361 0.539547563 0.102117233
vt 0.572553277 0.526750207 0.101473667
vt 1.42400086 0.49034977 0.0982326567
vt 1.31939101 0.249428779 0.102176085
vt 1.44911301 0.741836548 0.0967855752
vt 0.719579339 0.36595726 0.103612028
vt 0.728245735 0.361824363 0.104374826
vt 0.565730333 0.545479953 0.100647248
vt 0.501691282 0.489546955 0.0905186161
vt 0.504254758 0.475236118 0.0903100967
vt 0.580369234 0.599139512 0.104683883
vt 0.568338633 0.51307863 0.100629896
vt 1.23529601 0.38448742 0.106145881
vt 0.659290373 0.510213375 0.102455772
vt 0.636445105 0.385155022 0.104515977
vt 0.719088793 0.32216996 0.105004124
vt 0.652133763 0.491973102 0.103507422
vt 1.50658607 0.687213182 0.0942538381
vt 1.43777382 0.60264796 0.0981109366
vt 0.752766252 0.511187494 0.10271889
vt 1.3031354 0.784435213 0.0932102129
vt 0.538770139 0.584722877 0.0959216058
vt 0.506679595 0.422995925 0.0893623903
vt 0.615986764 0.355774164 0.1018264
vt 1.32734466 0.281147808 0.102802522
vt 1.26379943 0.379554987 0.103147402
vt 0.502760589 0.224059567 0.0850682482
vt 0.537690878 0.761391401 0.0925532728
vt 0.673682213 0.318261504 0.105540209
vt 0.674816728 0.329916924 0.105259031
vt 0.538000047 0.288295209 0.0895403624
vt 0.547379911 0.446985126 0.0948987901
vt 0.588606596 0.603241563 0.106483355
vt 0.544453204 0.355864942 0.092239961
vt 1.38400578 0.454066873 0.103136584
vt 0.604691625 0.545945883 0.106264092
vt 1.496557 0.596299708 0.0925830379
vt 1.38695669 0.340473622 0.0990500003
vt 1.38058245 0.329842538 0.0988156721
vt 1.48934031 0.769702494 0.0857369751
vt 1.49761176 0.605889082 0.0927884355
vt 0.501516581 0.697959781 0.0937338769
vt 0.505327225 0.708316743 0.0935579985
vt 0.511716545 0.712127566 0.0938679799
vt 1.44872189 0.305013925 0.0896183327
vt 0.547499537 0.435531735 0.0946519151
vt 1.28450644 0.327285767 0.103665687
vt 0.709492803 0.35749957 0.103316024
vt 1.40244889 0.328588724 0.0979737565
vt 0.585742712 0.381948233 0.100298889
vt 1.2682488 0.403015435 0.102125034
vt 1.33132172 0.465712219 0.101811446
vt 0.530535579 0.353185058 0.0900698677
vt 1.44899035 0.540335476 0.094892621
vt 0.717828155 0.294557393 0.105717003
vt 1.46065784 0.540220857 0.0932716578
vt 0.752491891 0.482620895 0.103053652
vt 1.32967615 0.247562692 0.101212427
vt 0.505563736 0.763498425 0.0872666985
vt 0.65547514 0.552317441 0.103918388
vt 1.23573112 0.370172441 0.106789932
vt 1.36869359 0.756847203 0.115967423
vt 1.32520103 0.506680131 0.101088367
vt 1.50256371 0.763498425 0.0872666985
vt 0.496010572 0.247110099 0.0854710788
vt 1.23726273 0.327119797 0.108809404
vt 0.526407301 0.76718992 0.0886476263
vt 0.526337266 0.753401101 0.0918012559
vt 1.27361441 0.395046979 0.102082737
vt 0.496763259 0.360525966 0.0878430456
vt 0.721733093 0.399742067 0.102670245
vt 1.36231661 0.438977063 0.104408473
vt 0.500097156 0.738100648 0.0910467207
vt 0.628373981 0.501881421 0.105672956
vt 1.40484798 0.775095165 0.0979772508
vt 1.49424791 0.453848541 0.0897240862
vt 1.50220513 0.240989551 0.0855322257
vt 0.50521481 0.56291306 0.09207993
vt 0.499557167 0.596299708 0.0925830379
vt 0.534053147 0.224147096 0.0873463601
vt 0.684900045 0.784597516 0.0949946716
vt 0.503974199 0.718363166 0.0929460749
vt 0.656437516 0.598770022 0.113760106
vt 0.661621392 0.450578183 0.102963641
vt 1.26610851 0.227273747 0.108385012
vt 1.26348758 0.393024296 0.102757297
vt 1.23375523 0.555423141 0.103658125
vt 0.670899808 0.338095129 0.105190292
vt 0.501811087 0.530687869 0.0913382024
vt 0.496494561 0.757613361 0.0880272016
vt 1.50489664 0.43666786 0.0896933451
vt 1.50130177 0.447590649 0.0897640288
vt 0.496127814 0.464366496 0.0899292678
vt 0.497247964 0.453848541 0.0897240862
vt 1.42285037 0.226443067 0.0906588659
vt 0.497218281 0.430387348 0.0892555639
vt 1.29840851 0.784491599 0.100051351
vt 1.23014593 0.226769313 0.110786073
vt 1.23389637 0.235738665 0.109479204
vt 1.24182463 0.225329876 0.110429399
vt 1.24034643 0.254680246 0.110588357
vt 1.24100065 0.240029573 0.110479519
vt 1.23176765 0.247442052 0.109127827
vt 1.22435117 0.238587096 0.108969666
vt 1.21895742 0.263924032 0.106451072
vt 1.22121298 0.251552254 0.107456796
vt 1.20913291 0.254574627 0.109563097
vt 1.2004776 0.247183725 0.111373834
vt 1.21258688 0.241628274 0.110784493
vt 1.2015729 0.236978337 0.111356921
vt 1.22970259 0.260727674 0.109262198
vt 1.20693088 0.228646845 0.111138791
vt 1.19477248 0.228520587 0.111700974
vt 1.18158877 0.239045054 0.111014009
vt 1.18751645 0.252315789 0.112290375
vt 1.1922574 0.238892227 0.112291068
vt 1.22710311 0.290127099 0.110199928
vt 1.23846745 0.298286021 0.10995356
vt 1.23905039 0.283797711 0.110294469
vt 1.1719861 0.228115976 0.107921571
vt 1.18389785 0.229729518 0.109698854
vt 1.22017312 0.285348088 0.10770113
vt 1.21811199 0.296017379 0.107833251
vt 1.13871002 0.226604939 0.0961146131
vt 1.1423775 0.238515511 0.0989834741
vt 1.1500361 0.227074638 0.100428835
vt 1.15359187 0.239963546 0.103615299
vt 1.16110754 0.2283566 0.104373381
vt 1.2227664 0.354734242 0.109263785
vt 1.23619664 0.355848432 0.107468747
vt 1.22840905 0.344820797 0.108878836
vt 1.22695589 0.33110702 0.109783068
vt 1.2367264 0.341497302 0.108163856
vt 1.23726296 0.327123225 0.108809218
vt 1.08377218 0.224430859 0.0834400952
vt 1.08876157 0.235810012 0.0854328573
vt 1.09835243 0.224654496 0.0865846351
vt 1.21935022 0.341923177 0.110126257
vt 1.16344893 0.236296803 0.106830493
vt 1.16131043 0.245599732 0.107806392
vt 1.17161715 0.240631342 0.109498389
vt 1.21443272 0.365951359 0.109994479
vt 1.22613847 0.36753571 0.108257979
vt 1.05160904 0.223850071 0.0794910267
vt 1.04345155 0.234688029 0.0798479766
vt 1.05963504 0.234530926 0.0809668601
vt 1.20718956 0.396200776 0.109923422
vt 1.19892681 0.401538372 0.110877618
vt 1.21082687 0.405799687 0.10914579
vt 1.06818128 0.224252284 0.0809601694
vt 1.07423019 0.235202491 0.0826900974
vt 1.21915936 0.378210843 0.10885492
vt 1.20817852 0.377170324 0.110416032
vt 1.21213436 0.388084292 0.109689325
vt 1.03470743 0.22432147 0.0781060159
vt 1.01739192 0.22357671 0.0773523003
vt 1.02696824 0.235441506 0.0791654885
vt 1.22082996 0.441408664 0.105558835
vt 1.22386026 0.451969385 0.104734153
vt 1.23395228 0.441629767 0.103852056
vt 1.00926185 0.237048835 0.078161411
vt 1.22563148 0.420903862 0.105719492
vt 1.22184682 0.409007192 0.106995799
vt 1.21517336 0.417472899 0.107872039
vt 1.21166086 0.503548324 0.105498061
vt 1.22104275 0.499808252 0.104072638
vt 1.21296775 0.492494762 0.105411932
vt 1.18897533 0.603372037 0.112058058
vt 1.18276703 0.604812503 0.118964419
vt 1.19415891 0.608187258 0.11848636
vt 1.23352087 0.47015968 0.103077509
vt 1.22515106 0.47617811 0.103868723
vt 1.23337078 0.484417081 0.102800272
vt 1.16030693 0.628337741 0.108661652
vt 1.15327835 0.619509757 0.110392191
vt 1.14703012 0.631694436 0.108016998
vt 1.17309356 0.605424643 0.123853058
vt 1.1742394 0.619894207 0.124013394
vt 1.17865753 0.613075435 0.125180244
vt 1.13881552 0.605323315 0.115805142
vt 1.13330245 0.614258409 0.112917595
vt 1.14647973 0.611475587 0.113413587
vt 1.17312169 0.666665077 0.0990666077
vt 1.18078673 0.671705782 0.0991713256
vt 1.17964685 0.658670127 0.103334099
vt 1.02497315 0.690854907 0.0468874611
vt 1.03713346 0.683031499 0.0509222522
vt 1.01201606 0.679658949 0.0513333902
vt 1.0552547 0.692631185 0.0479177721
vt 1.04050422 0.702028334 0.0427258164
vt 1.0813272 0.724605203 0.0361005664
vt 1.10491073 0.717369735 0.0415541753
vt 1.07959938 0.71367991 0.0404760726
vt 1.17875338 0.696138382 0.0814782456
vt 1.173491 0.686359167 0.0868804678
vt 1.16854119 0.691262066 0.0794772506
vt 1.19444656 0.710267246 0.0791328922
vt 1.20111251 0.708007872 0.0870092511
vt 1.18839264 0.701567113 0.0833666176
vt 1.12461042 0.706864655 0.0512119941
vt 1.1279825 0.715007246 0.0468006656
vt 1.14607358 0.713077486 0.052784618
vt 1.22251415 0.758988202 0.039128609
vt 1.19546378 0.754144728 0.0366966091
vt 1.21382046 0.764526725 0.0309429038
vt 1.23399019 0.765423894 0.0358058773
vt 1.25137734 0.77303654 0.0330255032
vt 1.2462101 0.764815986 0.0415396839
vt 1.21681368 0.728183806 0.0789859444
vt 1.22470284 0.731389344 0.0851341411
vt 1.2125206 0.719855189 0.0854031667
vt 1.14869249 0.722400784 0.0469914116
vt 1.14712691 0.730194747 0.0416071787
vt 1.16954231 0.731214404 0.0467262305
vt 1.27908647 0.775054753 0.075204879
vt 1.26387334 0.768027186 0.0736657605
vt 1.27320337 0.772981584 0.0669105053
vt 1.27097106 0.772619486 0.0414585359
vt 1.28320193 0.781390846 0.0368967131
vt 1.28998685 0.778296649 0.0437171459
vt 1.30005813 0.781132281 0.0676151142
vt 1.30660844 0.782118797 0.0611117445
vt 1.31475854 0.784431398 0.0679162815
vt 1.25679171 0.761882126 0.0808174014
vt 1.25999296 0.765507877 0.0890022814
vt 1.24866033 0.7542575 0.0871069506
vt 1.32803822 0.787558079 0.0693325624
vt 1.32398725 0.786234438 0.0615530945
vt 1.33661747 0.789748371 0.063997291
vt 1.30475533 0.782575428 0.0754218176
vt 1.31467986 0.783883154 0.0547109805
vt 1.33499265 0.78990376 0.0551093332
vt 1.33282232 0.795262575 0.0478394814
vt 1.35330534 0.799540877 0.0542778112
vt 1.27195609 0.77355969 0.086507678
vt 1.27216065 0.775120199 0.091707021
vt 1.26852202 0.770412922 0.0812672526
vt 1.27885532 0.775143087 0.082659103
vt 1.29835236 0.784487724 0.100038089
vt 1.28548741 0.781269848 0.0953874514
vt 1.29638934 0.782634258 0.0911755189
vt 1.21133745 0.599521995 0.106880896
vt 1.19899654 0.594125867 0.108312264
vt 1.20169044 0.606603742 0.111291759
vt 1.16677833 0.508648098 0.115057647
vt 1.17859936 0.505762756 0.112336338
vt 1.16983581 0.496431291 0.114127196
vt 1.20667791 0.582123876 0.108323805
vt 1.21136475 0.59007746 0.107294589
vt 1.22657156 0.533899128 0.103579879
vt 1.23342812 0.541313291 0.102994896
vt 1.23326612 0.527120471 0.102637328
vt 1.22329926 0.521668613 0.103797413
vt 1.22421789 0.546236515 0.104321875
vt 1.22485185 0.577935457 0.105704695
vt 1.21460199 0.571812451 0.107014038
vt 1.21654248 0.583114147 0.106719002
vt 1.21491599 0.544025958 0.10571681
vt 1.21822071 0.533781767 0.104773037
vt 1.23406482 0.569296896 0.10438592
vt 1.23373866 0.555421233 0.103659645
vt 1.22631097 0.558390558 0.104631796
vt 1.22357583 0.567540348 0.105512649
vt 0.97645694 0.233068675 0.0779755414
vt 0.98249346 0.223733038 0.0768487975
vt 0.965085626 0.223727986 0.0777457505
vt 0.944016814 0.233200163 0.0798907205
vt 0.947986484 0.223867044 0.0787353069
vt 0.931412041 0.224025398 0.0804557279
vt 0.90636158 0.245021179 0.0856917128
vt 0.917540789 0.236598209 0.0829795375
vt 0.90462774 0.234304234 0.0849978849
vt 0.96248877 0.309322447 0.0834266767
vt 0.972488642 0.299640238 0.0821749419
vt 0.957446218 0.297527581 0.0832963139
vt 0.762698948 0.477683842 0.104425013
vt 0.764928818 0.465854019 0.105114609
vt 0.752284467 0.468334824 0.103372455
vt 0.89688921 0.453264236 0.107004486
vt 0.904028237 0.444953799 0.103919692
vt 0.890662849 0.44188267 0.108313233
vt 0.760292411 0.502085567 0.10359519
vt 0.770170331 0.498987734 0.105053745
vt 0.761069417 0.490533412 0.103886157
vt 0.844473362 0.453819096 0.112222128
vt 0.856329441 0.452573478 0.114444621
vt 0.850000739 0.441661179 0.113080025
vt 0.752664804 0.496909857 0.102826364
vt 0.752773821 0.511186838 0.102719665
vt 0.827383757 0.630624056 0.112763166
vt 0.818299711 0.625997186 0.117471911
vt 0.81809926 0.636539519 0.11257647
vt 0.762914836 0.532650054 0.104024984
vt 0.752709389 0.539685786 0.103149109
vt 0.761543274 0.54636085 0.104440466
vt 0.852373958 0.605235279 0.11763873
vt 0.84217608 0.612102687 0.117353834
vt 0.853135407 0.613795757 0.113602705
vt 0.818028092 0.668701828 0.0981769711
vt 0.824055254 0.659576535 0.10077966
vt 0.810593903 0.659867048 0.105458021
vt 0.806332707 0.698096812 0.0823716819
vt 0.816944718 0.689336956 0.0832490399
vt 0.806944251 0.689724505 0.0893617347
vt 0.823985815 0.674030304 0.0913586989
vt 0.826824903 0.680547953 0.0847810507
vt 0.836624384 0.671615005 0.0865968019
vt 0.956459761 0.672290087 0.055882141
vt 0.981559157 0.66836834 0.0562714078
vt 0.961459398 0.664116144 0.0593663156
vt 0.970057905 0.679384828 0.0516971089
vt 0.94442749 0.682325661 0.052172374
vt 0.956688344 0.690528274 0.0474352539
vt 0.937266588 0.691359997 0.048553519
vt 0.79714036 0.699944615 0.0872329623
vt 0.794724226 0.696528852 0.0925621316
vt 0.784794569 0.708465874 0.0901372731
vt 0.826781631 0.728085339 0.0473233908
vt 0.852372825 0.718884051 0.0470761359
vt 0.834752977 0.716834426 0.0529296175
vt 0.916869998 0.706444919 0.04343725
vt 0.895240843 0.705955803 0.0465319827
vt 0.901573181 0.713849127 0.041548647
vt 0.788484156 0.741217554 0.0501832217
vt 0.790081143 0.749064624 0.0426923223
vt 0.807734668 0.739029706 0.045123104
vt 0.770720005 0.727042139 0.0818761662
vt 0.78153944 0.717244804 0.0827373415
vt 0.773857713 0.72039485 0.0887612328
vt 0.842477202 0.738937557 0.0378153063
vt 0.845821023 0.746379316 0.033479441
vt 0.87455833 0.735254347 0.0347519368
vt 0.790726304 0.755155981 0.0369549282
vt 0.770152688 0.757770956 0.0403027497
vt 0.772316217 0.764274895 0.0323745944
vt 0.805063844 0.732421458 0.0508637615
vt 0.750982404 0.743888021 0.0889475718
vt 0.739823699 0.755594552 0.0900181532
vt 0.745012581 0.749830008 0.0818465054
vt 0.672667682 0.785093188 0.0703348219
vt 0.660892963 0.788169086 0.0708571896
vt 0.667498767 0.785989881 0.0628544986
vt 0.671812952 0.785202503 0.0527548008
vt 0.679709077 0.789178371 0.0432294048
vt 0.685214758 0.78152293 0.0493318737
vt 0.721934438 0.773679972 0.0408554785
vt 0.705344439 0.781386256 0.0382111259
vt 0.736153245 0.772821248 0.03446519
vt 0.683438361 0.782377481 0.0666613355
vt 0.706060529 0.778616667 0.0885359719
vt 0.720269442 0.771086454 0.0855520293
vt 0.716169596 0.776068151 0.0940247253
vt 0.697978377 0.779813766 0.0820694268
vt 0.686292887 0.783137083 0.0835273266
vt 0.685221314 0.782723486 0.075682357
vt 0.69233489 0.782504618 0.088379167
vt 0.679967821 0.784862638 0.0886079147
vt 0.667831421 0.786347628 0.0765027031
vt 0.684960604 0.78458792 0.0949824378
vt 0.695612371 0.782767177 0.0939078182
vt 0.689616323 0.784722924 0.10171067
vt 0.73471117 0.765987575 0.0531547181
vt 0.72266221 0.770167589 0.0607813857
vt 0.713598251 0.772639692 0.0528574623
vt 0.655428529 0.794778466 0.0487829149
vt 0.635886729 0.799396932 0.0553887635
vt 0.653269768 0.790200055 0.0570314601
vt 0.815257132 0.621011972 0.12248975
vt 0.808382273 0.62503022 0.121465147
vt 0.752476215 0.553830504 0.103984222
vt 0.769240737 0.521422029 0.104778506
vt 0.764505267 0.510870278 0.104084276
vt 0.760093808 0.519981623 0.103518762
vt 0.80340004 0.610746145 0.11371091
vt 0.795302749 0.612706482 0.112670526
vt 0.800701618 0.609613419 0.120548137
vt 0.796631932 0.60377413 0.109779797
vt 0.787088811 0.529975176 0.108194493
vt 0.780169606 0.520898044 0.106612891
vt 0.775921583 0.531728089 0.106062777
vt 0.77572906 0.585812211 0.10742382
vt 0.775560737 0.597288668 0.106556661
vt 0.787365496 0.592235267 0.108869642
vt 0.764007628 0.58949548 0.105865926
vt 0.765934229 0.58057344 0.106338024
vt 0.876208901 0.317982733 0.100145139
vt 0.880132973 0.327937126 0.100255594
vt 0.88722676 0.316945136 0.097265631
vt 0.771722436 0.421901613 0.108014748
vt 0.761315405 0.418399572 0.106595472
vt 0.76224339 0.431505144 0.10610944
vt 0.854605138 0.233847231 0.0959685668
vt 0.858635902 0.225559235 0.0939206034
vt 0.846390605 0.22613354 0.0976304859
vt 0.816546321 0.361667722 0.107862219
vt 0.82689774 0.3586483 0.110625744
vt 0.818316102 0.349021018 0.108736068
vt 0.829918385 0.234692186 0.105178557
vt 0.824527085 0.227273747 0.105809338
vt 0.820280313 0.238532394 0.109469175
vt 0.763555884 0.382064462 0.108785748
vt 0.76767242 0.36983645 0.109927699
vt 0.758181691 0.372637004 0.108429357
vt 0.835257888 0.226665854 0.101939656
vt 0.813413024 0.227860272 0.109206542
vt 0.80736053 0.238615111 0.111910045
vt 0.760429621 0.359323382 0.109473154
vt 0.749754667 0.368187904 0.107688189
vt 0.791020632 0.261654228 0.111479454
vt 0.788304448 0.24868913 0.112105347
vt 0.780655921 0.258740187 0.109528057
vt 0.830206513 0.308636725 0.112248242
vt 0.821763933 0.30182007 0.112677194
vt 0.823267937 0.311875403 0.112604663
vt 0.759182811 0.331049174 0.110104226
vt 0.74822861 0.325040221 0.109780401
vt 0.748779893 0.339448631 0.10907726
vt 0.779216647 0.226638258 0.112141192
vt 0.783426642 0.237859115 0.112011738
vt 0.790416658 0.227698579 0.111936025
vt 0.747722447 0.310594767 0.110291995
vt 0.755837739 0.316451877 0.110216722
vt 0.755790114 0.265055954 0.109840572
vt 0.746081352 0.267020285 0.111347534
vt 0.756302595 0.277525216 0.110337786
vt 0.752881646 0.25709492 0.109986238
vt 0.753219187 0.23248592 0.109977156
vt 0.744932652 0.237734661 0.111192629
vt 0.756047249 0.244337544 0.109169222
vt 0.745523691 0.252384365 0.111427955
vt 0.74424994 0.223000005 0.110989332
vt 1.22579694 0.305212915 0.110544384
vt 1.22047615 0.317587465 0.110532016
vt 1.22978926 0.318337917 0.109719425
vt 1.09782541 0.281323522 0.091769211
vt 1.0948658 0.27011317 0.0899810717
vt 1.08667397 0.28203088 0.0891118348
vt 1.12602913 0.22581093 0.092694208
vt 1.13154864 0.236759424 0.0953667164
vt 1.05103707 0.573017478 0.0987285152
vt 1.03818774 0.563738465 0.0958708525
vt 1.03863597 0.578430057 0.094886817
vt 1.18461061 0.357860386 0.10529042
vt 1.17320848 0.354737848 0.10615474
vt 1.18038154 0.366521418 0.105428435
vt 0.991809726 0.234079883 0.0776245072
vt 0.999968648 0.223675981 0.0767017528
vt 1.19333231 0.457543045 0.110444486
vt 1.19770575 0.471481442 0.108735852
vt 1.20411599 0.460982382 0.107766196
vt 1.22672307 0.432667553 0.105074368
vt 1.2180841 0.429623574 0.106543183
vt 1.17628384 0.59899509 0.113140918
vt 1.15977931 0.647178888 0.104166985
vt 1.17057216 0.647670448 0.105076216
vt 1.16574073 0.636828363 0.106738813
vt 1.17361689 0.626035154 0.111065753
vt 1.18216109 0.631687224 0.109747849
vt 1.1825068 0.623915195 0.117357761
vt 1.09383798 0.600865483 0.109009944
vt 1.08985734 0.610204041 0.103357449
vt 1.10175252 0.608061492 0.108435839
vt 1.04105866 0.674305201 0.0553148724
vt 1.02320194 0.667860568 0.0570593476
vt 1.02219343 0.674543083 0.0539873242
vt 1.14170027 0.737891316 0.0369309522
vt 1.12041426 0.728146911 0.0384157933
vt 1.09712124 0.657439291 0.0761128813
vt 1.11025059 0.655779064 0.0810646266
vt 1.09890151 0.649130642 0.0821152702
vt 1.18303514 0.692749262 0.0874228403
vt 1.13279057 0.660430372 0.085847646
vt 1.13690448 0.670281291 0.0804103911
vt 1.14649916 0.666565239 0.0875692517
vt 1.16695976 0.746873438 0.0362639874
vt 1.16825128 0.738757968 0.0409980938
vt 1.30941367 0.789118469 0.0419620126
vt 1.3026166 0.781069279 0.0484306104
vt 1.2925663 0.779246509 0.0734011382
vt 1.28830767 0.777480662 0.0624555834
vt 1.28707099 0.777342856 0.0690650865
vt 1.21628213 0.512088954 0.104756676
vt 1.22581351 0.509022474 0.103369914
vt 1.2332685 0.498664021 0.102606073
vt 1.1917572 0.507481694 0.109507382
vt 1.20366538 0.513820827 0.10707815
vt 1.2028482 0.499785662 0.107105866
vt 0.95639801 0.237431988 0.0796903521
vt 0.948153734 0.244381249 0.0807534605
vt 0.932376146 0.237760857 0.0813759416
vt 0.752494872 0.482622385 0.103053972
vt 1.04909778 0.586838603 0.0957958922
vt 1.06030464 0.596524 0.0974536315
vt 1.05979347 0.584305704 0.100233726
vt 1.07728195 0.397783965 0.0969566926
vt 1.07060432 0.410291314 0.0962551236
vt 1.08477938 0.406618506 0.0997912735
vt 0.796627522 0.526230991 0.110228181
vt 0.80708468 0.529164195 0.112696961
vt 0.802552819 0.517204404 0.111293487
vt 0.844687223 0.602276862 0.123617262
vt 1.07522905 0.647409797 0.0760407522
vt 1.0679543 0.655065417 0.0695288181
vt 1.08324838 0.657494068 0.0720899925
vt 0.980464458 0.389054775 0.0859039798
vt 0.988798976 0.379404724 0.0851100683
vt 0.975256622 0.375637352 0.0856099129
vt 0.823969364 0.642407119 0.108703829
vt 0.81087625 0.647472322 0.110286772
vt 0.81998682 0.652130187 0.10571187
vt 0.98019886 0.587176025 0.0891630277
vt 0.966679931 0.592932463 0.0891878679
vt 0.978794456 0.600875497 0.0857249573
vt 0.886892796 0.630624056 0.0949261934
vt 0.880755901 0.640366077 0.0906185582
vt 0.894481301 0.636707306 0.088773869
vt 0.754377246 0.741414845 0.0839615315
vt 0.761515379 0.735792339 0.0797654167
vt 0.762429833 0.732217252 0.0884777829
vt 0.753800571 0.743146241 0.0783277452
vt 0.732075214 0.761357009 0.0833143145
vt 0.728639722 0.766857505 0.0916650444
vt 0.745249987 0.766218483 0.039609734
vt 0.751030624 0.758282363 0.0541610643
vt 0.741581917 0.76186341 0.0604556203
vt 0.702633798 0.781760812 0.0973484442
vt 0.652514875 0.789802432 0.065412581
vt 0.643300951 0.793178976 0.0602427498
vt 0.803229928 0.475688577 0.111878254
vt 0.798294544 0.487534225 0.110637873
vt 0.808942497 0.48480624 0.11284133
vt 0.763117075 0.570746243 0.106168322
vt 0.761089921 0.55891192 0.105319776
vt 0.752187967 0.567846715 0.104900837
vt 0.856983721 0.524397135 0.118221648
vt 0.848076105 0.515068054 0.11746347
vt 0.847419918 0.530155301 0.119238362
vt 0.786548138 0.605471015 0.1077087
vt 0.792381644 0.564005435 0.111797996
vt 0.795170784 0.550143301 0.111516677
vt 0.786869049 0.554193616 0.109676443
vt 0.89365387 0.231801808 0.0872334912
vt 0.900129557 0.224316135 0.0849601999
vt 0.886085212 0.22456257 0.0883044749
vt 0.8837502 0.23454845 0.0897277594
vt 0.87187171 0.225153014 0.0908163562
vt 0.750649214 0.396839797 0.106160752
vt 0.751048207 0.411151409 0.105471984
vt 0.760379672 0.405492246 0.107016169
vt 0.838370025 0.237302482 0.102109879
vt 0.831142962 0.244820267 0.106647536
vt 0.802330732 0.227707282 0.111220293
vt 0.758992612 0.345670432 0.109816283
vt 0.749283195 0.353832603 0.108397864
vt 0.842992127 0.366417527 0.113375723
vt 0.848436832 0.3736552 0.113469064
vt 0.849848568 0.3601138 0.112527408
vt 0.867056251 0.377627701 0.108837888
vt 0.858763218 0.367910355 0.110709243
vt 0.858450174 0.382290035 0.112095796
vt 0.848540783 0.289429247 0.104823463
vt 0.850701094 0.278187335 0.102285884
vt 0.840328336 0.280443996 0.108042978
vt 0.795980215 0.238077894 0.112563409
vt 0.772642314 0.236355588 0.111105569
vt 1.13803816 0.51479429 0.116655119
vt 1.14033532 0.503294468 0.115400508
vt 1.12994289 0.507279932 0.115803227
vt 1.09842026 0.383063674 0.101935044
vt 1.10235786 0.369394302 0.101857178
vt 1.09067345 0.374743342 0.0986390337
vt 1.2025218 0.44842726 0.108691983
vt 1.1720928 0.418762386 0.109714054
vt 1.16910672 0.406013161 0.108131297
vt 1.1623807 0.416888356 0.108621471
vt 1.16300201 0.486267209 0.114984199
vt 1.1729573 0.484376907 0.113395087
vt 1.15127873 0.554046273 0.121484354
vt 1.15432119 0.565450251 0.121758394
vt 1.16084957 0.558693886 0.12054617
vt 1.06110072 0.670884311 0.0594629161
vt 1.08291435 0.673615992 0.0620056018
vt 1.07471132 0.663850367 0.0659132227
vt 1.18046546 0.644926131 0.106271431
vt 1.1229459 0.669184029 0.0760978535
vt 1.11324143 0.673256397 0.0705279857
vt 1.13041329 0.676874101 0.0733018443
vt 1.11166251 0.647035658 0.0872610211
vt 1.24504662 0.751916111 0.080726184
vt 1.23452139 0.742796838 0.0799815878
vt 1.24145103 0.750240564 0.0749360546
vt 1.14790118 0.520398736 0.118077278
vt 1.14637446 0.509969354 0.116480194
vt 1.04052472 0.510411024 0.0954757258
vt 1.05109131 0.501521468 0.0974105
vt 1.03968549 0.497602701 0.0946864635
vt 1.13926172 0.412538767 0.11261265
vt 1.13143444 0.42496413 0.113263771
vt 1.14430833 0.422876775 0.110599391
vt 1.03709769 0.338416219 0.085779883
vt 1.0491327 0.334516436 0.0869591311
vt 1.03840971 0.324983001 0.0851467997
vt 0.794831514 0.415509492 0.111193724
vt 0.801153898 0.427000403 0.111533523
vt 0.802961588 0.417733848 0.110782027
vt 0.796248376 0.38560462 0.109525792
vt 0.807053626 0.394324422 0.108328618
vt 0.807045519 0.381532609 0.107161917
vt 1.1158185 0.455569744 0.114308938
vt 1.12339115 0.466596007 0.114109635
vt 1.12836075 0.453530937 0.113348417
vt 0.812879562 0.433265924 0.111543246
vt 0.811035156 0.42059952 0.110539682
vt 0.948343337 0.621118903 0.0819190368
vt 0.938314676 0.616242528 0.0863652602
vt 0.934333563 0.62422353 0.0836948231
vt 0.994953036 0.554687202 0.0917423442
vt 0.987109303 0.563933551 0.0916148201
vt 1.00065398 0.564747632 0.0915193334
vt 1.02677405 0.482143819 0.0918866843
vt 1.03725481 0.487558842 0.0937609747
vt 1.03466082 0.477902114 0.0928306878
vt 0.904906869 0.637874126 0.0848844647
vt 0.907050252 0.644245803 0.0801992267
vt 0.916435301 0.634949088 0.0829234198
vt 0.917963147 0.621420324 0.090586029
vt 0.928181529 0.618268669 0.0887295678
vt 0.920924425 0.611946523 0.0942426324
vt 0.889081538 0.680351019 0.0623906143
vt 0.883152664 0.690761566 0.0575279742
vt 0.899280787 0.686320543 0.0566685386
vt 0.818348348 0.716967762 0.0584945641
vt 0.812953949 0.724073708 0.0547522418
vt 0.761428118 0.740146279 0.0729808435
vt 0.749668598 0.748848557 0.0733539537
vt 0.758805871 0.746645927 0.0661299378
vt 0.81467694 0.71296066 0.0638568774
vt 0.80124104 0.714677632 0.069708921
vt 0.801332116 0.722308874 0.0623057224
vt 0.926595569 0.486106515 0.0995762274
vt 0.918037057 0.48945421 0.102562904
vt 0.922759652 0.500025272 0.101620406
vt 0.816146195 0.45764333 0.113089219
vt 0.808084726 0.452609539 0.112164855
vt 0.806978583 0.463442504 0.112423703
vt 0.765221953 0.453902781 0.105616756
vt 0.759029746 0.460702866 0.104427457
vt 0.752795339 0.525450051 0.102786794
vt 0.784740508 0.542730033 0.108272955
vt 0.864081025 0.233264402 0.0934783742
vt 0.817161679 0.384123027 0.10747388
vt 0.859619856 0.313252687 0.103619047
vt 0.850411117 0.312639236 0.107172355
vt 0.854994714 0.325715721 0.10681466
vt 0.800243378 0.251523942 0.113001212
vt 1.14139891 0.266246408 0.102403693
vt 1.13625062 0.277507067 0.101985522
vt 1.14776945 0.276054889 0.106235638
vt 1.12331557 0.29920882 0.100446425
vt 1.13025761 0.307148278 0.103664689
vt 1.1317209 0.296579987 0.102838881
vt 1.11937499 0.356570333 0.105831988
vt 1.11939406 0.34503594 0.104552783
vt 1.1087234 0.354646087 0.102327682
vt 1.17610621 0.25717032 0.112461448
vt 1.17930841 0.2475577 0.112169601
vt 1.17043734 0.24983792 0.110252596
vt 1.17161417 0.558449447 0.118561409
vt 1.17686534 0.570622027 0.116932377
vt 1.18164551 0.559231102 0.115218781
vt 1.13963425 0.484301567 0.113635801
vt 1.1304338 0.478675783 0.113957517
vt 1.13265991 0.4936378 0.114632405
vt 1.10761523 0.461407125 0.112508491
vt 1.11116004 0.469144583 0.114429265
vt 1.02547288 0.322810352 0.0839013457
vt 1.02602732 0.333560586 0.0845134109
vt 1.08563554 0.444688052 0.103418849
vt 1.08045125 0.432320178 0.100708976
vt 1.07242107 0.443872809 0.0993525758
vt 1.12901461 0.43907544 0.112899944
vt 1.11969185 0.444138527 0.114108808
vt 1.22643948 0.401498139 0.106617756
vt 1.23454881 0.413072407 0.104903169
vt 1.23491406 0.3987872 0.105529979
vt 1.11887383 0.478358507 0.11461509
vt 1.12326789 0.487534642 0.115022764
vt 1.14439464 0.531398714 0.119274937
vt 1.1474365 0.541859269 0.12018799
vt 1.15303063 0.532147765 0.118617728
vt 1.17463374 0.636644304 0.107431158
vt 1.10109901 0.677796721 0.0640651807
vt 1.09481692 0.667269647 0.0691673234
vt 1.12311339 0.627248228 0.103743002
vt 1.12241077 0.618272662 0.108499058
vt 1.11304784 0.622326553 0.103645183
vt 1.16694474 0.722811341 0.0521807112
vt 1.1663413 0.598810017 0.116714641
vt 1.16642404 0.583669364 0.118432246
vt 1.15661097 0.588673353 0.119945057
vt 1.16136837 0.521607757 0.116668612
vt 1.16315579 0.535036027 0.117073096
vt 1.20320201 0.572749257 0.109145731
vt 1.19391918 0.580688179 0.111284286
vt 1.1712203 0.602082729 0.120400369
vt 1.17865324 0.606539845 0.124394141
vt 0.924774408 0.390434265 0.0938258544
vt 0.924371719 0.404209882 0.0948476791
vt 0.933207691 0.397725105 0.0924514681
vt 1.09709096 0.445088565 0.107399367
vt 1.09131753 0.436496973 0.104521148
vt 0.97546196 0.311208725 0.0825083405
vt 1.10178304 0.238521099 0.0886291713
vt 0.805447102 0.408578038 0.11004363
vt 0.822731555 0.370809317 0.108571425
vt 0.829423428 0.380461842 0.109732814
vt 0.8336097 0.367966652 0.111759216
vt 1.1271584 0.55830276 0.122422837
vt 1.11567056 0.560875535 0.121188529
vt 1.12246132 0.570545197 0.122600995
vt 1.11103702 0.428168356 0.11077445
vt 1.11023092 0.442069679 0.111670129
vt 1.12162519 0.433492482 0.113782428
vt 1.10848498 0.481673121 0.114606582
vt 1.10306525 0.476394236 0.112324655
vt 0.843868256 0.414820135 0.112677559
vt 0.847084522 0.400613129 0.113276176
vt 0.837542534 0.404088676 0.111311294
vt 0.933225155 0.640677989 0.0751738548
vt 0.940392494 0.631271482 0.0785512999
vt 0.927615643 0.633505881 0.0805467293
vt 1.02407897 0.645179868 0.0679999441
vt 1.00714064 0.63862282 0.070081085
vt 1.00425291 0.649400115 0.0649585128
vt 1.05688524 0.459275931 0.0963321403
vt 1.06093085 0.468871593 0.0979707465
vt 1.06888294 0.457072347 0.0992955044
vt 0.842363954 0.661827743 0.0909649357
vt 0.829808593 0.665962398 0.0940637738
vt 0.885640442 0.670869172 0.0693665519
vt 0.894759774 0.66040498 0.0734676123
vt 0.876913428 0.663677275 0.0766396374
vt 0.897213459 0.643117309 0.0838298798
vt 0.885715365 0.646617293 0.0850104839
vt 0.881444097 0.615785301 0.105813108
vt 0.890067101 0.621250451 0.0998514146
vt 0.894489765 0.609035015 0.105602205
vt 0.770928979 0.485861659 0.105423294
vt 0.842303872 0.322905779 0.111609273
vt 0.833548903 0.33261323 0.112654381
vt 0.845806718 0.333186716 0.111766301
vt 0.866452157 0.301289469 0.10028553
vt 0.854496717 0.300773561 0.103713267
vt 0.862558365 0.27545464 0.0984498039
vt 0.852635384 0.269463986 0.10043332
vt 0.894295096 0.241189077 0.0881900862
vt 0.79319942 0.347402215 0.106496193
vt 0.797331154 0.35779047 0.106685489
vt 0.804578185 0.345283061 0.106255434
vt 0.877975941 0.349691808 0.102721915
vt 0.888120532 0.357294858 0.101074032
vt 0.886247516 0.341398925 0.100033849
vt 0.862493277 0.333567828 0.105155177
vt 0.855277598 0.339100569 0.108417526
vt 1.10963666 0.233315498 0.0895404443
vt 1.08779347 0.310775161 0.0920026302
vt 1.08630824 0.30127573 0.0907743871
vt 1.07418942 0.306299448 0.088612482
vt 1.10558939 0.330833167 0.0988187492
vt 1.10396314 0.322068661 0.0974685997
vt 1.09642637 0.327471763 0.0959827155
vt 1.13386798 0.38871181 0.112693071
vt 1.1418606 0.380159616 0.112954333
vt 1.13040781 0.376371682 0.111142032
vt 1.05545413 0.292136461 0.0849432349
vt 1.04921997 0.280041188 0.0835579112
vt 1.04225171 0.290359944 0.0835510567
vt 0.997932196 0.335521936 0.0829007849
vt 1.01226044 0.340013385 0.0837259218
vt 1.01208639 0.327769935 0.083127588
vt 1.01377463 0.378102094 0.0856113732
vt 1.02189398 0.366976559 0.0857481733
vt 1.00787508 0.367172718 0.0847567245
vt 1.12586284 0.410242856 0.112791188
vt 1.13414717 0.400512069 0.113033183
vt 1.12551653 0.396507561 0.111359097
vt 1.12080729 0.422085792 0.112810239
vt 1.11273098 0.413562983 0.110028386
vt 1.16568613 0.435658991 0.110371746
vt 1.17318058 0.429734349 0.110655271
vt 1.16407013 0.426488042 0.109355919
vt 1.11830044 0.525728047 0.117450006
vt 1.12842584 0.532446623 0.118708953
vt 1.12882853 0.51985389 0.117081977
vt 1.13795269 0.53972739 0.120246366
vt 1.14331925 0.551626325 0.121721275
vt 1.11398292 0.630362272 0.0988644138
vt 1.1178385 0.64009136 0.0939785391
vt 1.12311935 0.634300053 0.0996837988
vt 1.12138939 0.608566642 0.112965509
vt 1.07134163 0.468534589 0.100856416
vt 1.01612139 0.489196002 0.0910351723
vt 1.01890302 0.474801779 0.0906448588
vt 1.00601387 0.478522778 0.0898983702
vt 1.11281395 0.300211728 0.0977319106
vt 1.11866856 0.289271891 0.0979904458
vt 1.10669279 0.288409144 0.0949449539
vt 0.831725597 0.413673699 0.109507576
vt 0.828452051 0.401246935 0.10895516
vt 0.862961531 0.342821091 0.106109083
vt 0.858585596 0.352891564 0.108980633
vt 1.02062583 0.591073155 0.0892131552
vt 1.01734114 0.579523504 0.0911868066
vt 1.00640905 0.586349607 0.0889373049
vt 0.944240093 0.598998904 0.0915658996
vt 0.95556736 0.598546982 0.0892767906
vt 0.955146074 0.586726904 0.0924355835
vt 0.917612195 0.603121638 0.0991313756
vt 0.930732787 0.59960711 0.0956312269
vt 0.985672057 0.487730861 0.0901976973
vt 0.976800442 0.495620787 0.0909957439
vt 0.988297105 0.498361766 0.0905597731
vt 1.00668168 0.490487516 0.0904656276
vt 1.06433249 0.513497412 0.10187795
vt 1.0614754 0.523692727 0.101600245
vt 1.07166386 0.521132946 0.104836278
vt 0.871229649 0.641044021 0.0933674797
vt 0.876795292 0.6344257 0.0958129019
vt 0.925131679 0.648389935 0.0727279633
vt 0.910342693 0.651487648 0.0748009309
vt 0.924651384 0.656016946 0.0685786903
vt 0.829627156 0.485771239 0.114865944
vt 0.837293386 0.488771677 0.114830531
vt 0.835152149 0.474676192 0.113367602
vt 0.857869029 0.537249744 0.119863108
vt 0.80792731 0.607552826 0.120907128
vt 0.81675452 0.605078697 0.122128204
vt 0.811090469 0.608700812 0.11491473
vt 0.821949542 0.450755596 0.11186175
vt 0.814032435 0.44609946 0.112508535
vt 0.829044819 0.497428358 0.115705617
vt 0.793103099 0.498635471 0.109172575
vt 0.788955212 0.49015677 0.108572371
vt 0.786182761 0.509512901 0.107747838
vt 0.791537583 0.518433154 0.108820498
vt 0.797707677 0.507703066 0.110148087
vt 0.752111435 0.286427408 0.110850297
vt 0.758130312 0.29260537 0.110659547
vt 0.870887876 0.249384314 0.0938302949
vt 0.869902194 0.259715259 0.0952168852
vt 0.881082892 0.258247763 0.0927738473
vt 0.925039649 0.230548501 0.0815790594
vt 1.10724783 0.274453729 0.0936376899
vt 1.11271441 0.225255713 0.0892793909
vt 1.12036562 0.234871238 0.0922655463
vt 1.05546904 0.374733746 0.0905028433
vt 1.06361961 0.380969882 0.0924666002
vt 1.06587625 0.369962871 0.0921082869
vt 1.05008841 0.355196357 0.0883685872
vt 1.03403735 0.35929358 0.086605832
vt 1.04548669 0.366609335 0.0884236023
vt 1.06416917 0.316786498 0.0878184363
vt 1.07789612 0.316578925 0.0902088284
vt 0.839386582 0.377699971 0.112567276
vt 1.05316055 0.513859153 0.098626256
vt 0.853457808 0.728939593 0.0410411134
vt 0.878731251 0.718233824 0.0426144749
vt 0.838493705 0.518506229 0.11760065
vt 0.836220562 0.530537903 0.118977934
vt 0.839000106 0.577053607 0.122483499
vt 0.849084735 0.575494468 0.12350221
vt 0.84250617 0.567148745 0.122771233
vt 0.874773979 0.551415324 0.120077975
vt 0.87603581 0.541454494 0.118805557
vt 0.867588997 0.54231447 0.120014891
vt 0.821898222 0.603377461 0.115557171
vt 0.832536936 0.597999632 0.117516018
vt 0.822558165 0.592128634 0.117779613
vt 0.80436945 0.602942884 0.111652203
vt 0.811406493 0.595659971 0.114356101
vt 0.800023675 0.592655838 0.111627668
vt 0.822484016 0.274137527 0.112093225
vt 0.811658621 0.270907104 0.11276193
vt 0.814627469 0.282088578 0.112782367
vt 0.801303744 0.266246647 0.112918712
vt 0.784758091 0.354121834 0.109195322
vt 0.91169858 0.256813526 0.0857309625
vt 0.895604372 0.25475511 0.0891750753
vt 0.904262304 0.267986983 0.0884389505
vt 0.961647868 0.264848262 0.0813374892
vt 0.962752938 0.25125879 0.0803806856
vt 0.949567854 0.257123232 0.0815441534
vt 0.847998023 0.387072355 0.113693297
vt 0.877222002 0.505073965 0.116016865
vt 0.874708652 0.513263226 0.117067173
vt 0.884953201 0.512633741 0.115865558
vt 1.05314803 0.552016973 0.100007139
vt 1.05123067 0.540991008 0.0992982015
vt 1.04223466 0.548851728 0.0971161276
vt 0.981757164 0.57477361 0.0910431519
vt 0.993375599 0.571829736 0.090812549
vt 0.842976928 0.70005554 0.0623021312
vt 0.861893356 0.694987953 0.0601125322
vt 0.847241521 0.691418707 0.067179203
vt 0.877405047 0.308196306 0.0989301726
vt 0.868659973 0.312631696 0.101010285
vt 0.857863426 0.397474289 0.113316081
vt 0.867059648 0.391377211 0.110295266
vt 0.867259145 0.404622376 0.11134062
vt 0.922132492 0.246880159 0.0831677467
vt 0.883149028 0.420248628 0.108562656
vt 0.893734455 0.417959929 0.10502319
vt 0.886388659 0.406041652 0.106233701
vt 0.892029226 0.393305868 0.103298731
vt 0.882894158 0.393791646 0.105995134
vt 0.875590801 0.374126375 0.105855323
vt 0.884432852 0.383167922 0.104490861
vt 0.885680318 0.370433629 0.102960229
vt 0.932283401 0.324530602 0.0877723843
vt 0.944553733 0.326953441 0.0862250477
vt 0.940505862 0.31648919 0.0860722959
vt 0.998757005 0.346749157 0.0834707394
vt 0.985161841 0.354828119 0.0840809643
vt 1.00224912 0.358233124 0.0840943754
vt 0.894964814 0.368073463 0.100233115
vt 0.900951385 0.360990345 0.0978769362
vt 0.993489981 0.456846595 0.0886638239
vt 0.998367548 0.466948599 0.0891446844
vt 1.00709128 0.457657397 0.0889996365
vt 0.90755862 0.379777372 0.0975101665
vt 0.895735264 0.380506814 0.101134896
vt 0.902433515 0.390996814 0.0999699682
vt 0.908098459 0.35507077 0.0952460617
vt 0.912471056 0.366379619 0.0950198919
vt 0.920335889 0.354920506 0.0921945944
vt 0.912831306 0.38902247 0.0967650414
vt 0.869848132 0.437653959 0.113382831
vt 0.859387994 0.441239119 0.114681348
vt 0.867446601 0.450455427 0.114651874
vt 0.918800473 0.434335053 0.0985086039
vt 0.926423252 0.441932678 0.0968785584
vt 0.925803661 0.429216653 0.0961886868
vt 0.924805999 0.415692925 0.095557034
vt 0.935429454 0.409728587 0.0927748531
vt 1.21834421 0.227725789 0.111486696
vt 1.23966479 0.269269526 0.110585891
vt 1.22737229 0.275291622 0.109559089
vt 1.15439248 0.251520514 0.105786249
vt 1.15155935 0.262147099 0.106015846
vt 1.16312838 0.257648438 0.1095035
vt 1.17184496 0.268422246 0.112460673
vt 1.18147373 0.277878463 0.112251878
vt 1.18124819 0.264698952 0.112159804
vt 1.13717747 0.433829695 0.112196535
vt 1.14628673 0.435205191 0.110517569
vt 1.04245162 0.267541528 0.0823329613
vt 1.05821085 0.269565076 0.0835292563
vt 1.05554605 0.257757217 0.0824400932
vt 1.1752131 0.341470122 0.107159197
vt 1.1858151 0.33872962 0.10516122
vt 1.17886138 0.328026593 0.106733866
vt 1.2252537 0.463471651 0.104159936
vt 1.21771705 0.470844924 0.105087727
vt 1.20782661 0.472780406 0.106647991
vt 1.18164396 0.622201741 0.12629056
vt 1.17521715 0.620786548 0.117668077
vt 1.07595325 0.687743366 0.0527060553
vt 1.09337318 0.691021144 0.0539699905
vt 1.08882928 0.682557702 0.0579868853
vt 1.19159675 0.69588536 0.0900533572
vt 1.18477499 0.683876574 0.0943335146
vt 1.15711451 0.686351836 0.0773116946
vt 1.14486563 0.680512249 0.0761414543
vt 1.15199709 0.688924789 0.0727888122
vt 1.08844221 0.708567798 0.0437825546
vt 1.10643196 0.707348287 0.0471035689
vt 1.08474362 0.69841671 0.048364196
vt 1.17404866 0.755811751 0.0307608135
vt 1.15136135 0.707975447 0.0581333563
vt 1.16721761 0.715434194 0.0581112094
vt 1.16607964 0.708976984 0.0628940091
vt 1.12158489 0.684040725 0.0657498688
vt 1.22450948 0.736243367 0.0756260455
vt 1.20364165 0.71581471 0.0807285011
vt 1.19986773 0.717214346 0.0757143497
vt 1.20873094 0.722610116 0.0775266066
vt 1.23356628 0.743564308 0.0755931437
vt 1.31407309 0.785022438 0.0807700157
vt 1.32061636 0.786024213 0.0748942569
vt 1.18064892 0.485811353 0.112302065
vt 1.17936051 0.474194288 0.112649672
vt 1.20608389 0.561534345 0.108378097
vt 1.19808698 0.553857625 0.109911859
vt 1.1963402 0.56655395 0.11092028
vt 0.963284433 0.231779858 0.0786510706
vt 1.01176119 0.349460304 0.0841387734
vt 0.845503569 0.467900246 0.112745382
vt 0.836735249 0.46122539 0.111735933
vt 0.857445419 0.474345624 0.1148277
vt 0.864343166 0.462494612 0.115145214
vt 0.853812337 0.462440014 0.114143059
vt 0.806646943 0.614594221 0.127588078
vt 0.813269496 0.615588009 0.125868753
vt 0.809688032 0.635284066 0.115145035
vt 0.8893888 0.57889843 0.117333695
vt 0.896780252 0.587572694 0.11319723
vt 0.897116661 0.574002326 0.114860617
vt 0.882371128 0.547949076 0.118385158
vt 0.871576548 0.679807365 0.0674668774
vt 0.867106915 0.672691464 0.0736024678
vt 0.855484307 0.654702604 0.0903202221
vt 0.870897651 0.649473906 0.0879513845
vt 0.861314774 0.645487189 0.0942098424
vt 0.829939008 0.698804975 0.0685270056
vt 0.818149984 0.697129428 0.0757504329
vt 0.814318299 0.70597136 0.0701381192
vt 0.817088962 0.68260169 0.0887497962
vt 0.876451135 0.7262398 0.0386538655
vt 0.900255501 0.72412622 0.0370140299
vt 0.814571619 0.746101081 0.0382889248
vt 0.810544491 0.755692124 0.0322168432
vt 0.774136782 0.752122462 0.0463006794
vt 0.693431914 0.778872013 0.0546413995
vt 0.706803441 0.775348246 0.0590055659
vt 0.754976869 0.753130853 0.0598777421
vt 0.767623544 0.749911785 0.0531269051
vt 0.831088245 0.588730156 0.119482495
vt 0.823155403 0.581204653 0.11918173
vt 0.76907146 0.552134752 0.105982803
vt 0.901451886 0.302743018 0.0924318731
vt 0.898732662 0.31346339 0.0941591188
vt 0.910236597 0.310780466 0.0908283591
vt 0.767568707 0.442054927 0.106487773
vt 0.759403229 0.444756746 0.105047882
vt 0.777545333 0.460312784 0.107327119
vt 0.776042104 0.446572065 0.107576981
vt 0.847892642 0.346885949 0.112259008
vt 0.839064837 0.342755437 0.112353116
vt 0.804822743 0.322862327 0.10699141
vt 0.805750012 0.332159013 0.10651093
vt 0.812387705 0.325764179 0.109599434
vt 0.829949558 0.266961694 0.109950431
vt 0.841544807 0.267136931 0.105530061
vt 0.83135736 0.257289082 0.108366758
vt 0.750216603 0.382520139 0.106903523
vt 0.793767035 0.335910678 0.106181934
vt 0.828144968 0.286528021 0.111950517
vt 0.840549469 0.290695012 0.109124474
vt 0.805548668 0.289721459 0.112310961
vt 0.816248775 0.292048752 0.112721644
vt 0.747201025 0.296118587 0.110770434
vt 0.753622651 0.304066986 0.110601515
vt 1.13056004 0.268560201 0.0989931375
vt 1.12689519 0.25775224 0.0965481251
vt 1.11856747 0.268210202 0.0955852494
vt 1.0829947 0.555644095 0.111615568
vt 1.08334005 0.542335987 0.110804357
vt 1.07421029 0.552802384 0.108168796
vt 1.18579149 0.318374991 0.106232449
vt 1.19549894 0.315301061 0.105250023
vt 1.18468976 0.307000995 0.10757827
vt 1.14649773 0.344994962 0.111746944
vt 1.15410662 0.344324648 0.112643458
vt 1.14850569 0.333443791 0.1117732
vt 1.1196506 0.511976302 0.116516337
vt 1.1095916 0.505278826 0.115937531
vt 1.111341 0.516928017 0.11612843
vt 1.09161448 0.513439417 0.111486144
vt 1.0821476 0.505159676 0.107482657
vt 1.08115292 0.517774165 0.108122818
vt 1.11374545 0.572195113 0.120962493
vt 1.12046742 0.580174565 0.121380322
vt 1.09655941 0.577564478 0.116318017
vt 1.10562301 0.575517416 0.119168319
vt 1.09929037 0.568382561 0.117438868
vt 0.915270329 0.224180892 0.0822352841
vt 1.14508653 0.372124851 0.11282412
vt 1.15072262 0.375653684 0.111264579
vt 1.06443787 0.640733957 0.0771194696
vt 1.05992258 0.646822333 0.0724710301
vt 1.08339131 0.599605024 0.105828501
vt 1.11460829 0.366096199 0.105435252
vt 1.04372227 0.377429008 0.0888434947
vt 1.04204893 0.389528424 0.0893114507
vt 1.05292535 0.384570032 0.0907032713
vt 0.844888985 0.588770688 0.122954294
vt 0.834353983 0.607881308 0.12382295
vt 0.825720131 0.603444934 0.122097693
vt 0.826363802 0.612661064 0.124129556
vt 0.958751321 0.441349298 0.090396978
vt 0.973004639 0.437778682 0.088681601
vt 0.960961044 0.429090738 0.08950793
vt 0.963422775 0.621799529 0.0793325156
vt 0.954548955 0.629324913 0.0770159885
vt 0.972138941 0.630493283 0.0744878799
vt 1.00097704 0.611943185 0.0815445557
vt 1.01554632 0.610730588 0.0827510953
vt 1.00505543 0.602615237 0.0848025531
vt 0.933772683 0.558972895 0.100556202
vt 0.943958282 0.558002412 0.0976289585
vt 0.937377572 0.549219549 0.0993834883
vt 0.889790833 0.555982947 0.117992342
vt 0.89861697 0.551145077 0.114167362
vt 0.89076972 0.544148326 0.116852097
vt 0.877854228 0.591252446 0.117674015
vt 0.88626945 0.58895129 0.116043344
vt 0.880659223 0.577889979 0.119411826
vt 0.844286263 0.654097497 0.0953122824
vt 0.745815396 0.755494833 0.0671972707
vt 0.786567569 0.729960442 0.0636338815
vt 0.779923737 0.73925221 0.0576554164
vt 0.79479897 0.731219649 0.0570765063
vt 0.831505656 0.552582741 0.121081285
vt 0.841152668 0.556445658 0.122687645
vt 0.841255665 0.543210685 0.120728783
vt 0.809197187 0.574262738 0.115798697
vt 0.801485419 0.571159422 0.113779597
vt 0.804470658 0.583519876 0.113599382
vt 0.808893681 0.565288842 0.116498955
vt 0.816385448 0.569915593 0.118693888
vt 0.813857198 0.555702329 0.117700078
vt 1.21139693 0.354040235 0.110098012
vt 1.13966489 0.309681773 0.107212327
vt 1.14758313 0.300085723 0.109097056
vt 1.13772488 0.299957097 0.105388418
vt 1.12921488 0.288175523 0.100938074
vt 1.12500405 0.278636217 0.0985308737
vt 1.05966735 0.344598174 0.0891515389
vt 1.06323874 0.357415617 0.0906793103
vt 1.07402766 0.349519461 0.0921708643
vt 1.07187295 0.388235927 0.0948357657
vt 1.07678223 0.375887573 0.0949825421
vt 1.20760059 0.426534712 0.108841702
vt 1.20018077 0.436035156 0.110052764
vt 1.21036935 0.438903719 0.10757257
vt 1.18987823 0.435042739 0.111038096
vt 1.18375707 0.44668895 0.112129241
vt 1.19422626 0.444938838 0.110785306
vt 1.19062853 0.364713013 0.107455052
vt 1.18712831 0.377899826 0.108177796
vt 1.19748724 0.372556537 0.109925516
vt 1.14343166 0.403555512 0.11213164
vt 1.147946 0.410716712 0.110015392
vt 1.15076256 0.400187016 0.109928906
vt 1.09936714 0.639977396 0.0880959406
vt 1.1678803 0.570426166 0.119293749
vt 1.17725611 0.547490239 0.116470903
vt 1.11001205 0.664253175 0.0755468085
vt 1.13767695 0.693598568 0.0639880225
vt 1.13886571 0.68595171 0.0698241219
vt 1.25142932 0.758645654 0.0740848407
vt 1.23479509 0.751271069 0.0623740517
vt 1.24454498 0.75551182 0.0679218993
vt 1.23250961 0.74545294 0.0701442286
vt 1.2034297 0.738554478 0.0543693118
vt 1.21425962 0.747615755 0.0509268977
vt 1.22006726 0.744921565 0.0580012575
vt 1.15970182 0.498332918 0.115842566
vt 1.15424585 0.48935473 0.114558287
vt 1.15546823 0.509933174 0.116876788
vt 1.15033662 0.50057143 0.115563102
vt 1.04981852 0.468191147 0.095194079
vt 1.04382062 0.478953779 0.0945349634
vt 1.05416262 0.479525626 0.0969133452
vt 1.01708865 0.511448383 0.0920715854
vt 1.02159739 0.501786947 0.0921427831
vt 1.00881004 0.502468824 0.0910723507
vt 0.784819961 0.450836658 0.109158672
vt 0.789798379 0.461696297 0.109633461
vt 0.792975128 0.447299659 0.110443152
vt 1.10623538 0.687553227 0.0590880513
vt 0.973407865 0.641452789 0.0693045929
vt 0.962606549 0.649422705 0.0663434342
vt 0.98235476 0.649904191 0.0648715869
vt 0.996002614 0.521475673 0.0913412049
vt 0.983034492 0.518865824 0.0915104076
vt 0.986979961 0.530204415 0.0916772112
vt 0.96790278 0.55056411 0.0933282599
vt 0.966017127 0.538110018 0.093469575
vt 0.958718419 0.546169579 0.0945928395
vt 0.909321547 0.629120767 0.0890564248
vt 0.898005009 0.626331806 0.0942662582
vt 0.803430378 0.706548393 0.0761854574
vt 0.876756787 0.700794101 0.0528615825
vt 0.852406144 0.706479192 0.055062823
vt 0.868134141 0.710768759 0.0486618541
vt 0.886362195 0.657996595 0.0774638802
vt 0.880039811 0.654408574 0.0816524103
vt 0.866068244 0.65885812 0.0833402425
vt 0.825716615 0.705781519 0.0647502914
vt 0.831296921 0.70956558 0.059296973
vt 0.780219376 0.727434397 0.0713242292
vt 0.791263521 0.72216481 0.0687416866
vt 0.776264906 0.343155384 0.109964631
vt 0.76962769 0.329704851 0.110238627
vt 0.766386926 0.339763731 0.109886721
vt 1.16304243 0.289631814 0.112155989
vt 1.16810405 0.280119807 0.112475149
vt 1.15655148 0.280401826 0.109885678
vt 1.14483261 0.252117962 0.10187868
vt 1.15913808 0.332815975 0.112358809
vt 1.09040999 0.395161867 0.100446507
vt 1.08439589 0.385764003 0.0978325605
vt 1.13958549 0.352846563 0.111343168
vt 1.13766408 0.366869092 0.111821607
vt 1.14876533 0.364394307 0.112648807
vt 1.15854335 0.379343987 0.109149352
vt 1.1525526 0.387411237 0.110418223
vt 1.20653081 0.276752561 0.106819071
vt 1.20774424 0.266334325 0.108138718
vt 1.19840252 0.271325678 0.109253936
vt 1.17334557 0.518563151 0.113850325
vt 1.0343399 0.370378554 0.0872273892
vt 1.05693972 0.364881337 0.0900394097
vt 1.04959142 0.432033479 0.0929978639
vt 1.03771877 0.435788631 0.0911297277
vt 1.04901648 0.442810953 0.0935851038
vt 1.05856156 0.448688567 0.0960349664
vt 1.0613308 0.43585071 0.0958336517
vt 1.11164451 0.594032943 0.11667408
vt 1.11246336 0.583087862 0.119551316
vt 1.1034075 0.588089347 0.116616108
vt 1.12836635 0.586852789 0.122177862
vt 1.11911142 0.589384913 0.120010652
vt 1.1267978 0.59471184 0.119126506
vt 1.10668063 0.564666331 0.119463213
vt 1.10761178 0.553420305 0.119110048
vt 1.12784314 0.544870913 0.120552354
vt 1.13572681 0.551201224 0.122102641
vt 1.15159178 0.576264381 0.121800527
vt 1.1461997 0.586883724 0.122789234
vt 1.1427294 0.574457169 0.122766025
vt 1.13279581 0.571437836 0.123529032
vt 1.1362766 0.583033204 0.122361615
vt 1.1538887 0.639045835 0.106214099
vt 1.12901866 0.602929711 0.116891287
vt 1.18555856 0.730830729 0.0527353361
vt 1.19651461 0.730726182 0.0583748817
vt 1.18242431 0.722762585 0.0585547425
vt 1.18544805 0.592153192 0.111317098
vt 1.10079372 0.43340686 0.107605129
vt 1.0004673 0.399158299 0.0860286057
vt 0.984878659 0.40085572 0.0862512439
vt 0.995449722 0.411671519 0.0865579396
vt 0.947925806 0.362394184 0.0877858996
vt 0.957566738 0.354787886 0.0861897841
vt 0.9448452 0.349846601 0.0876074508
vt 1.08161044 0.419228375 0.0999460444
vt 1.09361506 0.414671957 0.10324645
vt 0.929711521 0.314840645 0.0875219181
vt 0.935144305 0.305919409 0.0861204192
vt 0.957617939 0.342924565 0.0855944157
vt 0.94643414 0.33768335 0.0867060497
vt 1.01351237 0.269753039 0.0803408101
vt 1.01947749 0.279633641 0.0813346356
vt 1.02585101 0.269648165 0.0813059881
vt 1.03688395 0.301014453 0.083781302
vt 1.02751493 0.290504038 0.0825507343
vt 1.02153337 0.30217576 0.0825983435
vt 1.10000849 0.46686548 0.11043182
vt 1.09087324 0.45646584 0.106261127
vt 1.08871508 0.469493508 0.10667938
vt 0.835993528 0.637319624 0.107447527
vt 0.84687227 0.628944039 0.108449265
vt 0.837753773 0.623979628 0.112821408
vt 0.876728415 0.461120218 0.113829784
vt 0.921092749 0.539181948 0.104419835
vt 0.911081612 0.537084401 0.108336285
vt 0.91604054 0.547152817 0.106969908
vt 0.829592705 0.510961413 0.11679507
vt 0.839464068 0.503578067 0.11630448
vt 0.799032509 0.372100145 0.107473269
vt 0.786607921 0.376436055 0.110109746
vt 0.808053493 0.363594413 0.10658709
vt 1.11249828 0.321811169 0.0999949351
vt 1.11538339 0.332805276 0.101982892
vt 1.12162852 0.323184311 0.102754854
vt 1.09890079 0.303199559 0.0943039358
vt 1.03194666 0.312688202 0.0839127526
vt 1.21535063 0.461653948 0.10569068
vt 1.2128197 0.450881124 0.106513627
vt 1.04685235 0.455397159 0.0938555673
vt 0.988153279 0.437390029 0.0878550783
vt 0.982329249 0.450056553 0.0886434764
vt 0.997554421 0.44766438 0.088249594
vt 1.00758135 0.525241852 0.0917785615
vt 1.01422191 0.533858597 0.0925161242
vt 1.01849794 0.522732556 0.0926073566
vt 1.02840447 0.493524909 0.0926380008
vt 1.00673532 0.514752328 0.0914306715
vt 1.00695074 0.545759022 0.0921123326
vt 1.01786315 0.55464536 0.0929914191
vt 1.02113676 0.543444514 0.0933528915
vt 0.994966984 0.594065905 0.0872369632
vt 1.00884414 0.595399797 0.0873019621
vt 1.05764461 0.561915338 0.101695731
vt 1.06316233 0.573617458 0.103111573
vt 1.06817222 0.563023508 0.105944164
vt 0.829724073 0.649882436 0.103519194
vt 0.839977145 0.647569358 0.101256132
vt 0.831474245 0.521553695 0.117696039
vt 0.858514309 0.511395454 0.116787091
vt 0.861882389 0.498271286 0.116019003
vt 0.851062059 0.501396477 0.115646258
vt 0.858474672 0.550518453 0.121642053
vt 0.868102431 0.554014206 0.121610053
vt 0.872427225 0.532083631 0.11810942
vt 0.87761426 0.52286011 0.117337406
vt 0.867273211 0.520130992 0.11776261
vt 0.846209884 0.480827093 0.113558471
vt 0.774336815 0.305303574 0.107424393
vt 0.774488807 0.292601883 0.106797919
vt 0.76709038 0.295959681 0.10834612
vt 0.746657133 0.281596333 0.111157313
vt 0.809370399 0.35584408 0.106566645
vt 0.81193608 0.372520685 0.106890127
vt 1.09271586 0.246920958 0.0872754231
vt 1.07905483 0.246119246 0.0844459161
vt 1.13479388 0.248322219 0.097741805
vt 0.925761819 0.36842078 0.0920231789
vt 0.930792034 0.349549979 0.0897408426
vt 0.933808506 0.340917438 0.0886464715
vt 0.936413765 0.519068241 0.0985924229
vt 0.93719399 0.53065151 0.098886244
vt 0.948243916 0.525452495 0.0960562304
vt 0.863835871 0.562484682 0.12260396
vt 0.851085663 0.542437494 0.120852992
vt 0.84875375 0.551192045 0.122036658
vt 0.851777554 0.56223309 0.12385983
vt 0.806763113 0.544424951 0.114493474
vt 0.802852392 0.558330417 0.114975795
vt 0.795866311 0.301255018 0.107028209
vt 0.80124557 0.313583791 0.107012987
vt 0.807881653 0.3009758 0.11180073
vt 0.772566676 0.357101738 0.110071011
vt 0.767040372 0.348979384 0.109979495
vt 0.997025192 0.295070827 0.0809296742
vt 1.01063263 0.290513813 0.081123285
vt 0.9957546 0.283794224 0.080361031
vt 0.888231397 0.45596841 0.1102513
vt 0.888024688 0.467707574 0.111371741
vt 0.854820728 0.488569915 0.114972346
vt 0.865672886 0.485506833 0.115745775
vt 1.07765591 0.565237463 0.110104568
vt 1.08896184 0.566655517 0.114401624
vt 1.06929517 0.530438125 0.104720898
vt 1.06109691 0.536171436 0.102094576
vt 0.856314301 0.681808472 0.0708928928
vt 0.861654401 0.686641872 0.0657253638
vt 0.875932693 0.399122059 0.108422309
vt 0.889211893 0.428491861 0.107451998
vt 0.880669475 0.433283567 0.110499561
vt 0.889126778 0.30296278 0.0954152644
vt 0.92333734 0.332613051 0.0898400918
vt 0.910058796 0.332556039 0.0927735344
vt 0.92079401 0.343153775 0.0911833346
vt 1.01773453 0.357895195 0.0849767849
vt 1.02560318 0.346922159 0.0851196274
vt 1.00510871 0.421361566 0.0872057453
vt 1.00018048 0.431266785 0.0875210762
vt 1.01385903 0.433690876 0.0882816464
vt 0.98030138 0.428007662 0.0877399296
vt 0.991131067 0.422926575 0.0871324837
vt 0.9473961 0.383972645 0.0891466513
vt 0.938980758 0.373762608 0.089899756
vt 0.93674165 0.387459785 0.0910808221
vt 0.934938014 0.359874189 0.0897148922
vt 0.929202676 0.379803389 0.0921197236
vt 0.918622792 0.37864238 0.0944073349
vt 0.969235301 0.449410349 0.0895586386
vt 0.980656028 0.414652824 0.0871027112
vt 0.947698474 0.431338906 0.0916149095
vt 0.947240949 0.445175588 0.0924097225
vt 0.908339858 0.398739159 0.0987891704
vt 1.19095874 0.327453673 0.105665706
vt 1.20126379 0.326411724 0.105208017
vt 1.18806911 0.404020965 0.11056193
vt 1.18800771 0.39207375 0.109823756
vt 1.1790719 0.398396313 0.108820543
vt 1.20377612 0.349069297 0.10947568
vt 1.19321167 0.35140264 0.105864078
vt 1.20047259 0.359792888 0.109559722
vt 0.987667918 0.304976642 0.081530042
vt 0.981849432 0.281180561 0.0805831924
vt 0.972663045 0.273675323 0.0808924809
vt 0.968568921 0.286617845 0.0818701237
vt 0.977485299 0.365119636 0.0849552602
vt 0.991787672 0.367843568 0.0845025256
vt 0.950836957 0.37318632 0.0879906639
vt 0.962340355 0.366805881 0.0863642991
vt 0.892389953 0.532836676 0.115478978
vt 0.902610421 0.528884828 0.11113441
vt 0.895354748 0.519676387 0.11322324
vt 0.980641842 0.507060409 0.0911944807
vt 0.967506409 0.505852163 0.0922468007
vt 0.9332757 0.588804007 0.0978762731
vt 0.923769474 0.592211723 0.100727305
vt 0.925023079 0.566840649 0.103672467
vt 0.929953098 0.579613864 0.100876607
vt 0.938461304 0.569164932 0.0987275466
vt 0.886554837 0.52455157 0.116276413
vt 0.88228929 0.535247147 0.117552988
vt 1.11213756 0.613440573 0.108511604
vt 1.11133575 0.603865504 0.113126762
vt 1.08811283 0.528326571 0.111568093
vt 1.07783687 0.530716896 0.107739113
vt 1.08662665 0.641940773 0.0831333846
vt 1.10854316 0.400952458 0.106968798
vt 1.10880244 0.389181137 0.10583102
vt 1.10086322 0.39441371 0.103816442
vt 1.10308683 0.410698354 0.106140822
vt 1.09695411 0.403735042 0.10337688
vt 1.07498312 0.622989833 0.09098766
vt 1.06620157 0.616700351 0.091601558
vt 1.06540394 0.62634176 0.0858761668
vt 0.957594156 0.453661829 0.0911486372
vt 0.971317768 0.459893405 0.0898475274
vt 0.907677054 0.588100672 0.108789571
vt 0.90184468 0.59773016 0.107616946
vt 0.875536203 0.608028948 0.11191044
vt 0.864522696 0.614047885 0.1111013
vt 0.873500466 0.615715623 0.108355112
vt 0.918530524 0.581190586 0.105466738
vt 1.13112974 0.344552159 0.108364888
vt 1.13231897 0.356174231 0.109774329
vt 1.08450294 0.366299838 0.0961152539
vt 1.09321892 0.364343941 0.0984418169
vt 1.07560825 0.36240679 0.0935835168
vt 1.07961941 0.452315211 0.102180339
vt 0.99324429 0.388730615 0.0854852423
vt 0.953013539 0.418906748 0.0901150778
vt 0.957671821 0.404415905 0.0887365341
vt 0.946377873 0.409548044 0.0906536654
vt 0.911360025 0.281874895 0.0880083218
vt 0.918846905 0.267466962 0.0853459463
vt 0.940777659 0.471317828 0.0950865075
vt 0.929640293 0.473634422 0.0979880244
vt 0.937443852 0.483107567 0.0965056568
vt 0.960139632 0.466224402 0.0913972408
vt 0.97359097 0.471754193 0.0901973099
vt 0.863564014 0.602916241 0.116197281
vt 0.855126023 0.595777869 0.121721625
vt 0.878681123 0.446655691 0.112145558
vt 0.872642159 0.42485708 0.112043835
vt 0.902859807 0.485857069 0.10767106
vt 0.892019212 0.487221003 0.111601941
vt 0.897859633 0.497105658 0.1104725
vt 1.1892004 0.298584282 0.107550018
vt 1.18775868 0.289392054 0.109115183
vt 1.18207586 0.297391623 0.109695941
vt 1.1595608 0.297487587 0.11205025
vt 1.15881228 0.307759166 0.112344652
vt 1.1075325 0.342677772 0.1007284
vt 1.09763908 0.348143995 0.0983096361
vt 1.02767122 0.572228134 0.09343905
vt 1.02631462 0.561658204 0.0938153267
vt 1.014956 0.566488862 0.0923134685
vt 0.918461323 0.321220458 0.0899230912
vt 0.890051425 0.330146909 0.0978593379
vt 0.898318052 0.337827355 0.0965596065
vt 0.914301693 0.454949856 0.101352319
vt 0.922571182 0.463997722 0.0994188637
vt 0.924596906 0.453084767 0.0980748907
vt 0.921193659 0.307869464 0.088329345
vt 0.912246227 0.296288401 0.089082852
vt 0.877676308 0.298804343 0.0979194939
vt 1.17030859 0.394329488 0.107227281
vt 1.17701113 0.385864109 0.107200168
vt 1.16424227 0.386548579 0.106312454
vt 0.95117873 0.287210643 0.0832451731
vt 0.936638713 0.287702024 0.0846486837
vt 0.945648253 0.279494941 0.0833368301
vt 0.965161204 0.496337175 0.0921235606
vt 0.947687864 0.481447041 0.0941718072
vt 0.961211085 0.478108048 0.0918088481
vt 0.951232672 0.47087574 0.0930120349
vt 1.10178697 0.616722286 0.103409633
vt 0.907086551 0.473631024 0.10516122
vt 0.896085143 0.475649178 0.109273829
vt 1.04842758 0.597146392 0.0932527632
vt 1.03636253 0.591525614 0.0917999968
vt 1.06863403 0.606988072 0.0966914147
vt 1.07265246 0.598792672 0.101989806
vt 0.918934584 0.476873815 0.101428956
vt 1.19896054 0.294373572 0.106183305
vt 1.21186757 0.28827551 0.105514146
vt 1.19921827 0.283343047 0.107285924
vt 1.21467137 0.307447076 0.107555754
vt 1.20653939 0.33002001 0.107387632
vt 1.20859909 0.318672359 0.106343038
vt 1.17991316 0.410397351 0.110239774
vt 1.1838305 0.42365545 0.111456379
vt 1.22858751 0.378281921 0.107360564
vt 1.23529541 0.384488642 0.106145933
vt 1.23573077 0.370175123 0.106789857
vt 1.20615172 0.366215885 0.109841846
vt 1.22474229 0.389645517 0.107420757
vt 1.03608632 0.245933756 0.0805536062
vt 1.02066875 0.247855827 0.0797041655
vt 1.03057384 0.258052081 0.0808432326
vt 1.04307318 0.254827648 0.08151187
vt 1.16723037 0.617988825 0.122227408
vt 1.16192698 0.606852591 0.124746919
vt 1.15148544 0.676730454 0.0822546631
vt 1.1628536 0.683119595 0.0831211135
vt 1.16001391 0.674029887 0.0888227373
vt 1.16411173 0.695607901 0.0731386468
vt 1.16816247 0.703738093 0.068265073
vt 1.1735239 0.699685037 0.0748462081
vt 0.99698925 0.244104996 0.0782440603
vt 0.941534698 0.649268985 0.0690804794
vt 0.946224928 0.638601422 0.0737558603
vt 0.898967147 0.665691614 0.0690101236
vt 0.902403951 0.671331465 0.0647903085
vt 0.909445167 0.661502957 0.0690137669
vt 0.991712689 0.657529354 0.0611168556
vt 0.973032773 0.657781422 0.0615872107
vt 0.899520278 0.694805503 0.0518000759
vt 0.920485318 0.686298072 0.053110037
vt 0.922248483 0.712917328 0.0399721451
vt 0.790099204 0.716233909 0.0760470778
vt 0.695364594 0.778979957 0.0625210777
vt 0.682363391 0.781882942 0.0598326586
vt 0.847300768 0.321820199 0.109779164
vt 0.872163177 0.338642657 0.103007168
vt 0.767601848 0.283106655 0.107560635
vt 0.769361973 0.316535443 0.109168842
vt 0.761737406 0.307498127 0.110585645
vt 0.763936102 0.319886267 0.11058183
vt 1.19823802 0.337358892 0.105391912
vt 1.16884756 0.334111601 0.109800942
vt 1.18980026 0.48197782 0.110090308
vt 1.25728524 0.765327752 0.0667100698
vt 1.24779749 0.761270583 0.0604698062
vt 1.26814663 0.770759463 0.0574724264
vt 0.975216627 0.261430979 0.0800967813
vt 1.06808877 0.58245039 0.104356684
vt 1.07697773 0.588766575 0.106628478
vt 1.07398665 0.575732291 0.107544474
vt 0.820225418 0.505008221 0.115059771
vt 0.813534856 0.516809344 0.113958955
vt 0.823188305 0.518728554 0.115880728
vt 0.829441071 0.618599176 0.118748337
vt 0.910562277 0.577621818 0.109311692
vt 0.906846642 0.568651319 0.112278186
vt 0.903729975 0.579552889 0.111687623
vt 0.737159133 0.758239567 0.0748637542
vt 0.824908853 0.477582753 0.114250071
vt 0.826051652 0.462663025 0.112940133
vt 0.815022469 0.471724033 0.113571279
vt 1.17243814 0.44073683 0.111671977
vt 1.18114424 0.435191244 0.11185272
vt 1.1465646 0.658235669 0.093465887
vt 1.15586162 0.663863301 0.093881458
vt 1.15252662 0.654048681 0.0985099226
vt 1.18632531 0.570209682 0.113654964
vt 1.18987858 0.559637964 0.112445779
vt 0.830737591 0.435837567 0.109994218
vt 0.823570609 0.425778359 0.109147348
vt 0.822389245 0.439962149 0.110842131
vt 0.818309546 0.410069108 0.108428538
vt 0.962732196 0.604973555 0.0860264897
vt 0.794017434 0.400114954 0.110614792
vt 0.786559105 0.409995019 0.110566124
vt 0.786895931 0.282240927 0.107428223
vt 0.793355048 0.292143643 0.107490532
vt 0.797387958 0.285373718 0.109835267
vt 0.802726746 0.278966933 0.11261677
vt 1.15606165 0.544503331 0.119925387
vt 1.16679287 0.546507478 0.118445441
vt 1.18162513 0.538857341 0.114122368
vt 1.17818904 0.52840209 0.113244005
vt 1.17308438 0.536967814 0.115723766
vt 0.956918359 0.331093013 0.0851172507
vt 0.996933401 0.324869871 0.0823804289
vt 1.00617838 0.317422241 0.0822743028
vt 0.996654093 0.313815117 0.0818218738
vt 1.06718075 0.294831336 0.0865526721
vt 1.06023216 0.304667711 0.0863870978
vt 1.08284748 0.263257891 0.0866183192
vt 1.0845015 0.254037529 0.0861911923
vt 1.07139397 0.258437902 0.0841955692
vt 0.960615754 0.636686146 0.0727103129
vt 0.948817968 0.609379649 0.0869716331
vt 0.935066164 0.609161258 0.0906342044
vt 0.936696708 0.436237544 0.0940754563
vt 0.935355961 0.449720144 0.0951551795
vt 0.80398345 0.496427178 0.111660093
vt 0.782228589 0.470244616 0.107812762
vt 0.834320903 0.300151944 0.111625485
vt 0.845686436 0.300543934 0.108224228
vt 1.04745388 0.311690092 0.0852997154
vt 1.05206811 0.323575258 0.0866358653
vt 0.81711942 0.483796716 0.113864213
vt 0.798065901 0.467184603 0.111077271
vt 0.790358722 0.478143156 0.10918019
vt 1.06451559 0.399561048 0.0940123424
vt 0.925037622 0.552126467 0.103542186
vt 0.918187678 0.529892087 0.105036706
vt 0.83235997 0.566426933 0.12205673
vt 0.924154937 0.275995106 0.0852727666
vt 0.968840301 0.322632492 0.0835116431
vt 0.97055006 0.335440993 0.0840082169
vt 0.982082844 0.330111027 0.0830354169
vt 0.989212632 0.476165891 0.0895801336
vt 0.98408556 0.464174658 0.0892080292
vt 0.905523121 0.459379017 0.104590505
vt 1.15204716 0.288129091 0.10931123
vt 1.17426491 0.303287536 0.111723229
vt 1.17646146 0.292356253 0.112183005
vt 1.16720963 0.300200522 0.112088129
vt 1.2170682 0.398102462 0.108241081
vt 1.13042974 0.722580314 0.0428983495
vt 0.910491109 0.526640117 0.107884549
vt 0.926649451 0.527128875 0.101903357
vt 0.92522043 0.513093948 0.1016066
vt 0.87965554 0.472461373 0.113848202
vt 0.869944096 0.473439515 0.11550878
vt 0.875823617 0.482654274 0.115261413
vt 1.09557962 0.538275898 0.115104847
vt 1.09114289 0.551714301 0.114550337
vt 1.15535617 0.320419192 0.112408489
vt 1.16801524 0.322476089 0.111441821
vt 1.16305375 0.315573156 0.112041675
vt 1.13760138 0.596778154 0.121814996
vt 1.21403885 0.32858634 0.110144481
vt 1.20950937 0.340188503 0.110082544
vt 1.02948928 0.470199168 0.0916632712
vt 1.07300329 0.337833464 0.0910225958
vt 1.09647822 0.337804854 0.0969909653
vt 1.08554173 0.332888544 0.0934038833
vt 0.935523748 0.505811155 0.0981760845
vt 0.954319715 0.537079096 0.0952219814
vt 0.942999899 0.538435459 0.0976666138
vt 0.796179295 0.537067592 0.11077489
vt 0.771722198 0.391662657 0.109215319
vt 0.783407032 0.3893978 0.110346735
vt 0.774676204 0.379954547 0.110190131
vt 1.13834095 0.656851232 0.0908840969
vt 1.12699461 0.649642229 0.0910152122
vt 1.10226154 0.421809763 0.106976412
vt 1.09131289 0.426070988 0.103546917
vt 1.20889378 0.300918221 0.105429567
vt 1.06286395 0.282100499 0.0849941149
vt 1.02597845 0.440408051 0.0897525698
vt 1.01413357 0.447804332 0.088976711
vt 1.09313238 0.586424649 0.113202907
vt 1.08313239 0.582425892 0.110834002
vt 1.08836889 0.5917629 0.1102034
vt 1.00013947 0.377825588 0.085014157
vt 1.01361227 0.398437262 0.0865748823
vt 1.00701451 0.387498677 0.0856907591
vt 0.915650368 0.423674792 0.0986177251
vt 0.913113713 0.594922185 0.10433384
vt 1.07221651 0.636768997 0.0817692503
vt 1.05600429 0.632637441 0.0794859529
vt 1.04107809 0.604310751 0.0889529139
vt 1.05522048 0.607341409 0.0917779952
vt 1.02819443 0.58281213 0.0920150727
vt 1.04892528 0.613718271 0.0870330036
vt 1.05582786 0.660397172 0.064170368
vt 1.03646183 0.653869212 0.0649295524
vt 1.03936529 0.664332092 0.060112305
vt 1.05254292 0.652423322 0.0680252835
vt 1.15287566 0.695894122 0.0677781627
vt 1.11017942 0.698171735 0.0533242337
vt 1.12182617 0.693039119 0.0596674159
vt 1.30826116 0.78464061 0.0867944136
vt 1.30308795 0.784427941 0.093199566
vt 1.28463221 0.779163778 0.0875223801
vt 1.21161461 0.523626983 0.10577888
vt 1.20805168 0.536148846 0.106799603
vt 1.18803596 0.547551453 0.112609535
vt 1.19690001 0.539695859 0.109622613
vt 1.2224977 0.591428041 0.105626255
vt 1.23424077 0.583337784 0.104853384
vt 0.957926154 0.276837707 0.0822085589
vt 0.913963497 0.465411127 0.102215491
vt 0.85654068 0.584152043 0.12209893
vt 0.752032399 0.454044104 0.103777602
vt 0.767297983 0.24500075 0.10946434
vt 0.777037323 0.246085554 0.110463344
vt 0.762196779 0.23477149 0.110431626
vt 0.75590241 0.224612772 0.111672238
vt 1.10559559 0.25068903 0.0907080695
vt 1.10710955 0.262538999 0.0923331231
vt 1.11693287 0.255149364 0.0937351063
vt 1.22383428 0.488499641 0.103825964
vt 1.20089245 0.52773279 0.107942119
vt 0.793587089 0.70780021 0.0824263468
vt 0.711235881 0.775073051 0.0800739601
vt 0.724527657 0.768252969 0.0761654526
vt 1.17188632 0.464498281 0.113335982
vt 1.18155885 0.460918635 0.112277031
vt 1.18846762 0.469249845 0.110912636
vt 1.10113835 0.487135053 0.11266885
vt 1.04016161 0.468144685 0.0932779014
vt 1.03436673 0.458219409 0.0917896852
vt 1.03689313 0.446532905 0.0915438533
vt 0.922285616 0.626847804 0.0859766304
vt 0.775017262 0.573629022 0.107853688
vt 0.78350544 0.581052303 0.108956598
vt 0.785201013 0.572015643 0.109823644
vt 0.860913217 0.288164824 0.100242823
vt 0.872301817 0.292151511 0.0981454328
vt 0.874390185 0.282655209 0.0969410241
vt 1.10858727 0.493278742 0.115193985
vt 1.11997628 0.498212218 0.115676261
vt 1.11556089 0.487616539 0.114816576
vt 1.14866233 0.481334448 0.113361619
vt 1.14197111 0.472309411 0.112582676
vt 1.144207 0.493146658 0.114478521
vt 1.14756727 0.563953042 0.122754216
vt 1.13873482 0.561853707 0.123057872
vt 1.02635217 0.636508465 0.072390914
vt 1.04139853 0.644216835 0.0704905838
vt 0.99387753 0.620257437 0.0779647455
vt 0.985768795 0.627714336 0.0750277564
vt 1.00069642 0.629282773 0.0742290542
vt 0.99545455 0.508809268 0.090891853
vt 0.894030333 0.651395261 0.0794397593
vt 0.84123075 0.312057734 0.111205555
vt 0.868781686 0.351436675 0.105273858
vt 1.04134667 0.424652398 0.091141358
vt 1.05530226 0.423423707 0.0936480239
vt 1.05566502 0.408547282 0.0927559212
vt 1.0451262 0.414880961 0.0912338272
vt 1.10374141 0.454662561 0.110634312
vt 0.836453915 0.391292095 0.111381173
vt 1.02605951 0.532748878 0.093795307
vt 1.03230619 0.542008758 0.095022209
vt 1.04895449 0.559778392 0.0988500491
vt 0.850154161 0.64758867 0.0971568525
vt 0.851335585 0.664148808 0.0853916109
vt 0.942472816 0.296521813 0.0846769586
vt 0.875802159 0.269888252 0.0952130854
vt 0.883418202 0.291009367 0.095498316
vt 0.88734293 0.280019194 0.0935639217
vt 0.860401273 0.409878343 0.11363861
vt 0.855769575 0.420518398 0.114199236
vt 0.866104543 0.416943789 0.112900898
vt 0.933197737 0.461433053 0.0963570327
vt 1.19817543 0.258804977 0.110793367
vt 1.18915653 0.267082453 0.111797385
vt 1.01620233 0.25979346 0.0800912231
vt 1.0056982 0.250727624 0.0787662491
vt 0.989734828 0.254839092 0.078895852
vt 1.00329041 0.263338 0.0793579519
vt 1.22344899 0.742901564 0.0636774823
vt 1.19236684 0.741045952 0.0468227379
vt 0.697626591 0.77883172 0.0697013885
vt 0.726332664 0.768648207 0.0459689088
vt 0.787092566 0.309965849 0.10602136
vt 1.11552083 0.280047983 0.0961599946
vt 1.11988044 0.311603963 0.100881584
vt 1.23020697 0.757366717 0.0478144027
vt 1.24660277 0.762794018 0.0483235717
vt 1.23302698 0.754545867 0.0556964204
vt 1.01815128 0.42009604 0.0879637599
vt 1.00847149 0.409359336 0.0867950171
vt 0.905122697 0.557692766 0.112224668
vt 0.907353282 0.548801422 0.110565811
vt 0.835311174 0.656834245 0.0974309295
vt 0.719758928 0.770845056 0.0684079304
vt 0.732107639 0.765406907 0.0678891167
vt 0.80325532 0.442667544 0.112006523
vt 0.794463873 0.436095417 0.110990018
vt 0.779723525 0.402277142 0.110136166
vt 0.778717637 0.413543999 0.109602593
vt 0.992938399 0.603724778 0.0841154531
vt 0.828274727 0.687852502 0.0781086311
vt 0.837631762 0.67903465 0.0804425552
vt 1.13092494 0.319561899 0.105377927
vt 1.12562728 0.332409769 0.105153196
vt 1.13539338 0.331056267 0.108119622
vt 1.14189649 0.640069604 0.102569155
vt 1.13359714 0.632157207 0.104276642
vt 1.13040066 0.641325533 0.0978922546
vt 1.16532743 0.619154274 0.11327441
vt 1.18170381 0.581586421 0.114565782
vt 0.970005155 0.396774411 0.0870421082
vt 0.971675098 0.406530619 0.0873402581
vt 0.970226169 0.424956739 0.0883233994
vt 0.984483361 0.318325698 0.0823592618
vt 1.03012681 0.552372396 0.0946212411
vt 1.02733624 0.627306342 0.0768302232
vt 1.01465106 0.630676091 0.0741071701
vt 1.04129517 0.625355422 0.0798943192
vt 1.02781916 0.618165374 0.08112593
vt 0.771065354 0.261468232 0.108015239
vt 0.764476895 0.269439638 0.107860334
vt 0.777072072 0.272352993 0.10722629
vt 0.771820784 0.253526986 0.108961873
vt 0.761681259 0.256624699 0.10831555
vt 0.868498564 0.507306457 0.116566196
vt 0.824620247 0.572127521 0.120492071
vt 0.899805546 0.404910564 0.102001548
vt 0.91620183 0.397845 0.0965426341
vt 0.912919641 0.409637779 0.0983598381
vt 0.948837638 0.306876063 0.0846072808
vt 1.09809959 0.357735097 0.0993859246
vt 0.890801847 0.268325746 0.0915634558
vt 0.898774981 0.278187811 0.0907214135
vt 0.965068698 0.415932298 0.0883890614
vt 0.7751472 0.510462761 0.105709672
vt 0.78199625 0.499685168 0.107040353
vt 1.02660871 0.451310933 0.0903658047
vt 1.05916417 0.713294744 0.0390931442
vt 1.06748033 0.705351055 0.0431658775
vt 1.16747689 0.680609047 0.087874949
vt 1.2071569 0.751105905 0.0435850546
vt 1.1868434 0.746231318 0.0406231582
vt 1.32037032 0.787498772 0.0493012965
vt 0.812812924 0.678414762 0.0944166929
vt 0.802802086 0.684437215 0.0961166844
vt 0.822171092 0.251488447 0.11035613
vt 0.784155011 0.295690119 0.106515653
vt 1.13595212 0.258799314 0.0994891971
vt 1.1602869 0.357277393 0.110144965
vt 1.15082502 0.353607237 0.112735152
vt 1.1848371 0.705380261 0.0768120438
vt 1.19159865 0.71550566 0.0710321367
vt 1.29941428 0.782271624 0.0835941806
vt 1.18554735 0.494743645 0.110792138
vt 1.06279159 0.416677594 0.0947916582
vt 1.06907821 0.42495662 0.0970016792
vt 1.07074821 0.434360981 0.0981596857
vt 0.778350592 0.724030495 0.0774406791
vt 0.771263897 0.56168139 0.107016742
vt 1.10798573 0.311874568 0.0976625308
vt 1.09736514 0.315422833 0.0950778499
vt 1.13781548 0.526313186 0.118220784
vt 1.09215021 0.490265489 0.109807439
vt 1.08559144 0.48093313 0.106570914
vt 1.08130956 0.491411269 0.105983786
vt 1.08008933 0.461588442 0.103106052
vt 1.05745864 0.681155503 0.0536932163
vt 1.12070346 0.654559314 0.0852834061
vt 0.980931103 0.553056955 0.0921676829
vt 0.909286499 0.62036103 0.0945953801
vt 0.873061717 0.686903536 0.062453717
vt 0.910029531 0.496648967 0.10590516
vt 0.902335644 0.508231878 0.109574296
vt 0.850828886 0.250111461 0.0987938493
vt 0.850341499 0.260003805 0.100192033
vt 0.859989047 0.254419714 0.0967286676
vt 1.06189728 0.330310315 0.0884293765
vt 1.2466675 0.762987792 0.0534569658
vt 1.28101897 0.774231374 0.0491309986
vt 0.943761945 0.418949634 0.0916458443
vt 0.944631815 0.397960901 0.0903624967
vt 0.956607521 0.643156946 0.0699916855
vt 0.847140312 0.672443628 0.0811985284
vt 0.830115914 0.319346786 0.112612687
vt 0.82070899 0.329226941 0.11223314
vt 0.823811114 0.338239372 0.112195648
vt 1.09256339 0.291759461 0.0914787054
vt 1.09939218 0.50082761 0.113143533
vt 1.08970487 0.500254631 0.109654255
vt 1.02698159 0.512515783 0.0932588726
vt 1.073241 0.509203613 0.104464963
vt 0.910905838 0.677444041 0.0593817681
vt 1.07994914 0.293850571 0.0886811912
vt 0.893337071 0.507194459 0.11285501
vt 0.885949254 0.498736262 0.114694081
vt 0.871452332 0.572697639 0.121940963
vt 0.880382419 0.5618698 0.11981836
vt 0.871918678 0.560319602 0.121309102
vt 0.790337563 0.322870076 0.10596808
vt 0.798713803 0.326044261 0.106223568
vt 0.968526065 0.579562187 0.0915756151
vt 0.898447394 0.325135827 0.0953467563
vt 0.898055911 0.349395752 0.0976972505
vt 1.18898654 0.414374292 0.11059422
vt 0.9836725 0.292239577 0.0810358152
vt 1.19679523 0.724677742 0.0648088157
vt 1.20161843 0.722487986 0.0709837377
vt 1.20968854 0.735002577 0.0623584166
vt 0.860148907 0.668136418 0.0791098922
vt 0.711078584 0.77479738 0.0725189596
vt 0.701319814 0.778419077 0.0761484876
vt 0.832755446 0.274327874 0.109873742
vt 1.09678781 0.524986267 0.114257462
vt 1.07868409 0.615547895 0.0966031328
vt 1.08347547 0.623779833 0.0934130028
vt 1.05715704 0.617433786 0.0879478455
vt 0.864806473 0.581338167 0.121923022
vt 0.863852262 0.590593457 0.120917775
vt 1.15467858 0.425784469 0.108730197
vt 1.15635633 0.436118364 0.109408587
vt 1.16189003 0.446654588 0.110943228
vt 1.17211986 0.453492165 0.112829976
vt 1.07306874 0.678846955 0.0570568591
vt 0.772331238 0.542924643 0.10583999
vt 0.785802364 0.269748479 0.109157331
vt 1.17353261 0.579519987 0.11697419
vt 1.15998697 0.573812008 0.121110648
vt 1.14932632 0.646078289 0.101709783
vt 0.900457978 0.540801406 0.112893917
vt 1.14232016 0.321744174 0.109671347
vt 1.12593377 0.364350557 0.108979605
vt 1.12602878 0.353226781 0.107777931
vt 1.09531629 0.257875055 0.0889132395
vt 0.948482037 0.547752082 0.0965628251
vt 0.971265972 0.564751625 0.0926760063
vt 1.19604385 0.303757668 0.105858944
vt 1.08063495 0.631317139 0.0880879015
vt 1.0900538 0.635625064 0.0881133899
vt 1.08831596 0.6508407 0.0778665766
vt 0.872131228 0.596206605 0.117035329
vt 0.857053399 0.632138133 0.103981733
vt 0.869076848 0.62372613 0.105125219
vt 0.856637597 0.622143686 0.109087624
vt 0.922709823 0.287374973 0.0864115432
vt 0.948183417 0.269398361 0.0824775025
vt 0.935079575 0.264830768 0.0832669958
vt 0.93556416 0.277340949 0.084048219
vt 0.955557227 0.49004662 0.0931951478
vt 0.911519647 0.484520435 0.104378939
vt 1.08514547 0.343498439 0.0942586139
vt 1.02876401 0.599416792 0.0883290023
vt 0.976492405 0.251211226 0.0792622566
vt 0.983517468 0.243136153 0.0783918872
vt 0.827899694 0.7361902 0.041733291
vt 0.778392434 0.319254279 0.107465737
vt 1.18149352 0.348378539 0.105218045
vt 0.829308748 0.541725218 0.119222917
vt 0.825044096 0.531637311 0.116964504
vt 0.81845808 0.543445587 0.117625728
vt 0.767969191 0.744712174 0.0599914789
vt 0.772192001 0.737285614 0.0661018044
vt 0.793866038 0.274419129 0.110608816
vt 0.958184838 0.614017725 0.0833314136
vt 1.14049971 0.649271429 0.096643053
vt 1.02899766 0.608705401 0.0849279687
vt 1.03973246 0.615463674 0.0843609348
vt 1.18006968 0.707616448 0.0713425279
vt 1.12405956 0.38530916 0.110405937
vt 1.00760591 0.556931674 0.09208069
vt 1.00475752 0.575252771 0.0908868536
vt 1.15589774 0.612573147 0.118790776
vt 1.1471442 0.604093909 0.119303033
vt 1.01499104 0.65919143 0.060719505
vt 1.02062654 0.651568592 0.0646744072
vt 1.17247272 0.676341295 0.0932190642
vt 1.17944312 0.715114117 0.0640510842
vt 0.863046646 0.429044008 0.113551147
vt 0.855185568 0.432754338 0.114280112
vt 0.936983824 0.658763468 0.0648751929
vt 0.753238559 0.760213137 0.0466997437
vt 0.674311399 0.785534799 0.082496047
vt 0.811311603 0.6099419 0.124862112
vt 0.84141624 0.25115037 0.103213705
vt 0.813951731 0.337295234 0.108337127
vt 1.20287824 0.48496592 0.107292473
vt 1.21489203 0.481324911 0.105252497
vt 1.12207425 0.661634147 0.0809634849
vt 1.05325413 0.639560878 0.0750003308
vt 0.864387035 0.531317592 0.118790396
vt 1.12036419 0.375180483 0.108399205
vt 1.11053705 0.377660334 0.105251491
vt 1.29355192 0.778144956 0.0552979298
vt 1.09501672 0.479068518 0.109827518
vt 1.1328342 0.466170073 0.113097079
vt 0.9190678 0.642358065 0.0777442008
vt 0.799942672 0.45631808 0.11164172
vt 1.184636 0.520749629 0.111190371
vt 1.19388819 0.520177603 0.109381974
vt 1.19203281 0.528933108 0.110200219
vt 1.10320556 0.62563765 0.0985037461
vt 1.0915401 0.619925797 0.098183848
vt 1.15217662 0.470872402 0.112457715
vt 1.13997698 0.458245754 0.111888856
vt 1.14911675 0.598244309 0.124312133
vt 1.15286493 0.601535141 0.123633005
vt 1.160321 0.600194097 0.118923992
vt 0.956318021 0.501588523 0.0935962722
vt 0.947217464 0.504896522 0.095401004
vt 0.956721425 0.513736904 0.0940378457
vt 0.932726502 0.493925035 0.0982951
vt 0.94403547 0.494010448 0.0955518261
vt 0.814010739 0.494187772 0.11380782
vt 0.883022487 0.246673942 0.0910861641
vt 1.02008736 0.408700198 0.0875809491
vt 1.0270716 0.401453614 0.0879491419
vt 1.11739123 0.402689159 0.110334329
vt 1.11295521 0.533505797 0.117731661
vt 1.1190486 0.537843227 0.118833199
vt 0.82244873 0.490574062 0.114657559
vt 0.779160023 0.480033934 0.106972016
vt 0.77986002 0.489277124 0.106848948
vt 0.936386764 0.33317548 0.0877381787
vt 1.04003263 0.53398031 0.0962494388
vt 0.793651223 0.579535842 0.111189269
vt 0.853020072 0.408844799 0.113247067
vt 0.897993684 0.29050231 0.0921465755
vt 0.875418246 0.411542892 0.10989859
vt 0.902555048 0.371436745 0.0982095599
vt 1.05093443 0.245216846 0.0811920837
vt 1.22077239 0.738076091 0.0680664852
vt 0.820324659 0.61660707 0.124377504
vt 0.867832184 0.634531081 0.0988708138
vt 0.90704757 0.321209282 0.092542015
vt 0.782285452 0.332342863 0.107569151
vt 0.785846949 0.342018008 0.107544206
vt 1.20387447 0.308349907 0.105385847
vt 1.12814796 0.578621149 0.12287239
vt 0.931367993 0.540084124 0.101001725
vt 1.16546845 0.668309569 0.0951188132
vt 0.783063769 0.422455847 0.109749995
vt 0.774280906 0.433742285 0.107984625
vt 0.785200477 0.437593699 0.109595455
vt 0.751410186 0.425453305 0.10483487
vt 0.956711709 0.557893515 0.094910413
vt 0.778776169 0.367027819 0.109942257
vt 1.14823782 0.311279893 0.11024078
vt 1.15941501 0.370326877 0.109525129
vt 1.10307527 0.59873414 0.112797111
vt 1.14071035 0.623446584 0.110145077
vt 1.02069831 0.388250023 0.0866267085
vt 1.01116872 0.467443198 0.0896843076
vt 1.02101505 0.460956872 0.0901974961
vt 1.0585084 0.490820825 0.0987357199
vt 1.06471395 0.479160964 0.099692136
vt 1.08014309 0.471827477 0.103973269
vt 1.07473707 0.282751262 0.086763598
vt 1.07163262 0.271031439 0.085302189
vt 0.999808073 0.533182204 0.0917369127
vt 0.991256535 0.54324913 0.0918233022
vt 0.856288791 0.640036404 0.0995303541
vt 0.847106099 0.638997674 0.103544354
vt 0.87334311 0.49520278 0.116161458
vt 0.960929096 0.526390731 0.0938467681
vt 0.958411455 0.571997702 0.0940721035
vt 0.947704434 0.576951385 0.0956308618
vt 0.812981963 0.31337136 0.111866608
vt 0.817903519 0.320471346 0.11212936
vt 0.836280882 0.426222444 0.110545412
vt 0.846642435 0.429649025 0.112334579
vt 1.03882015 0.349620223 0.0865861923
vt 1.04665983 0.345203787 0.0872703269
vt 0.938651323 0.580183744 0.0978261754
vt 1.09947777 0.548612535 0.116982788
vt 1.09844637 0.558586359 0.117543362
vt 1.10578847 0.528063536 0.116774276
vt 1.10807347 0.541062474 0.117910288
vt 1.10541153 0.633200407 0.0943131819
vt 1.09328973 0.629696608 0.0928451568
vt 0.879226327 0.626285076 0.100155234
vt 0.924788535 0.257108927 0.0836553499
vt 0.993488789 0.581599891 0.0897555947
vt 0.96680516 0.488604069 0.0915922448
vt 0.975730419 0.48282057 0.0905117691
vt 0.897658527 0.464164555 0.107774191
vt 1.19895554 0.38698712 0.110753119
vt 0.918429613 0.697620749 0.0476797074
vt 1.06763816 0.590588927 0.101916037
vt 0.988117456 0.635729551 0.0712767988
vt 0.833166897 0.691865981 0.0725955069
vt 0.957289398 0.392217994 0.0881399065
vt 1.06053543 0.389698565 0.0924742967
vt 1.05202651 0.396693349 0.0913014337
vt 0.914435744 0.558528304 0.108215019
vt 0.936525345 0.251165539 0.0821573213
vt 1.11970425 0.59873867 0.116624177
vt 1.07484579 0.325957447 0.0903754532
vt 0.94471705 0.514697909 0.0963772237
vt 0.910530925 0.611680508 0.0982780233
vt 0.906369686 0.605864525 0.1026223
vt 0.901288629 0.616092086 0.0992424488
vt 1.05118394 0.621837437 0.0838812143
vt 0.781480253 0.562747836 0.109083772
vt 0.861586928 0.265418559 0.097561352
vt 0.96996963 0.517269135 0.0924126133
vt 0.973706782 0.52778405 0.0924227387
vt 0.845727563 0.492066324 0.114688799
vt 0.983486414 0.342287213 0.083551608
vt 0.970153272 0.347955227 0.0846628249
vt 0.904427886 0.419261813 0.101678476
vt 0.953794003 0.318877995 0.0848321319
vt 0.935394347 0.423490524 0.09360075
vt 1.11383557 0.243419573 0.0916852802
vt 1.12495947 0.246543765 0.0947226509
vt 1.28980386 0.779357851 0.0798978806
vt 1.26035833 0.767876148 0.0487143248
vt 1.06327415 0.501719713 0.100794889
vt 1.1520685 0.701603472 0.0630744845
vt 1.21699119 0.556966305 0.105954885
vt 0.908757031 0.433345675 0.101455957
vt 0.897993565 0.431396306 0.104785331
vt 0.839637876 0.439392447 0.111297585
vt 0.952881873 0.656781912 0.0637171566
vt 0.701267302 0.777273774 0.0462552384
vt 0.751738071 0.439749748 0.10427279
vt 0.760888338 0.393863857 0.107812114
vt 1.23423362 0.427356422 0.104348689
vt 1.18768048 0.610034704 0.125936493
vt 1.07872462 0.606497407 0.100894824
vt 1.1368947 0.746825278 0.0323638916
vt 0.808989286 0.506072998 0.112719662
vt 0.846720099 0.620067716 0.11222361
vt 0.876840711 0.361479044 0.104161233
vt 0.866721392 0.36377421 0.107400388
vt 1.20701075 0.548427939 0.107494004
vt 1.03144956 0.503062427 0.0935197994
vt 1.03290665 0.5222193 0.0945555568
vt 1.15341783 0.416976541 0.108211324
vt 0.791229129 0.427484214 0.110720612
vt 0.971336722 0.612475395 0.0821404681
vt 0.91356945 0.508782089 0.105415113
vt 0.778016806 0.55208081 0.107555501
vt 0.811628699 0.258429736 0.112715103
vt 0.812181234 0.247628167 0.112014845
vt 0.812278926 0.4029513 0.108370073
vt 0.991316795 0.643209517 0.0677870139
vt 1.11656523 0.383720875 0.108147398
vt 1.14921761 0.448283792 0.110443078
vt 1.1376555 0.444921792 0.112017706
vt 1.20449805 0.414183378 0.109667517
vt 1.19681597 0.411446065 0.110930987
vt 1.01782906 0.601426065 0.0862865597
vt 1.06948638 0.489941657 0.101864845
vt 1.05186212 0.52811867 0.0989957675
vt 0.852350593 0.713125467 0.0507785343
vt 0.830428362 0.579815984 0.121787049
vt 0.814365745 0.583300591 0.11654564
vt 1.07187736 0.540323436 0.10632547
vt 0.875384212 0.386710674 0.107298478
vt 0.97045517 0.357367456 0.0851179734
vt 1.1399622 0.289829314 0.104980841
vt 1.06276655 0.54940629 0.103319287
vt 1.14135337 0.330983341 0.110258326
vt 0.871336281 0.585893452 0.120668881
vt 1.19155097 0.277604043 0.109953739
vt 1.17484403 0.589566648 0.115121424
vt 1.00604177 0.304823637 0.0816100165
vt 1.01793957 0.313778728 0.0828921869
vt 1.07561874 0.48034966 0.103146054
vt 0.808133721 0.672134697 0.100559019
vt 1.16479301 0.344394028 0.109707735
vt 1.14008963 0.339371026 0.11065267
vt 0.977636456 0.540626705 0.0923757181
vt 0.823153615 0.561075985 0.120228104
vt 0.822020531 0.550643802 0.119631909
vt 1.02415681 0.377260864 0.0864468068
vt 1.03289211 0.382321447 0.0876604319
vt 1.00326955 0.439739943 0.0879999623
vt 0.989159822 0.269813359 0.0796630606
vt 0.915344298 0.570224762 0.107852548
vt 1.08688235 0.354696751 0.0957222283
vt 0.858691096 0.608864367 0.114524804
vt 1.21571946 0.275423288 0.105865486
vt 0.838132262 0.597463787 0.119237565
vt 1.04904962 0.300167978 0.0847201869
vt 1.04084408 0.403392911 0.0898960605
vt 0.916662693 0.520080984 0.105063133
vt 1.15923262 0.270550698 0.109764963
vt 0.906730473 0.518444538 0.108607441
vt 0.882741094 0.487921596 0.114626601
vt 0.999568641 0.498282909 0.0905224681
vt 0.996536136 0.486738443 0.0900004581
vt 0.815400839 0.536028266 0.115325034
vt 0.960498095 0.379000694 0.0871481001
vt 1.18684292 0.534163833 0.112101518
vt 0.767536759 0.225674257 0.111288674
vt 0.927121997 0.297113627 0.0865367875
vt 1.0049777 0.275999814 0.0801085532
vt 1.23371613 0.455896825 0.10343118
vt 0.820208609 0.263600111 0.111709036
vt 0.889175117 0.568260252 0.117855467
vt 1.14414263 0.393694997 0.112179697
vt 1.16505718 0.658673286 0.100425579
vt 0.946139693 0.458794534 0.0933232158
vt 1.19462788 0.494219542 0.108801968
vt 0.83827436 0.355611086 0.113213591
vt 0.9492625 0.566689909 0.096039772
vt 0.897875667 0.562379777 0.115060329
vt 1.11746585 0.392760277 0.109522782
vt 1.02782345 0.427830219 0.0893447176
vt 1.10265923 0.514886558 0.115440987
vt 0.77817744 0.285293847 0.106826477
vt 0.885738492 0.478501916 0.112985075
vt 0.843048632 0.684745312 0.0737685412
vt 1.03454494 0.279993385 0.0823576823
vt 0.817223072 0.526642621 0.115012258
vt 1.04088116 0.634306133 0.0755143389
vt 1.10857558 0.639795601 0.0909655169
vt 0.770734191 0.731762469 0.0747910067
vt 0.915494442 0.444666028 0.100227185
vt 0.88187921 0.598392546 0.114717811
vt 1.04287887 0.521600068 0.0964792445
vt 0.831434727 0.448913634 0.110733233
vt 0.985840797 0.611804247 0.0817204118
vt 0.851368487 0.676137328 0.076716207
vt 0.891249418 0.598229527 0.111444019
vt 0.837114632 0.585347295 0.12204247
vt 0.859785557 0.243373871 0.0956191719
vt 0.847925425 0.24054648 0.0987966359
vt 0.800492942 0.294929802 0.10966339
vt 0.942126513 0.588984787 0.0949944258
vt 0.932329416 0.675062239 0.057168901
vt 0.923457921 0.666704118 0.063022323
vt 0.9435215 0.666010976 0.0602527224
vt 0.825999618 0.390223116 0.108719975
vt 1.17700875 0.31489563 0.108871646
vt 1.17758763 0.493386209 0.112842835
vt 1.07370293 0.499200523 0.103938699
vt 1.15685916 0.407980859 0.10753952
vt 1.08203411 0.273985088 0.0873649344
vt 1.17004192 0.367159247 0.106085435
vt 0.908707857 0.345003009 0.0941996425
vt 0.978462338 0.621088982 0.0782355219
vt 1.04780781 0.489431381 0.095957078
vt 0.860208631 0.572915614 0.123489045
vt 1.16693735 0.474353015 0.114173681
vt 1.08745801 0.322319299 0.0929417759
vt 1.11757803 0.549308598 0.119986624
vt 1.1580534 0.47701931 0.113527879
vt 0.867222905 0.324371159 0.102647744
vt 0.940882444 0.701721549 0.0435145311
vt 1.19594479 0.422954202 0.111008391
vt 1.212533 0.730259538 0.0708533749
vt 1.08903813 0.578787446 0.113362364
vt 1.16970813 0.527419567 0.11485105
vt 1.10733032 0.735801697 0.033807192
vt 0.872254252 0.238891229 0.0923844501
vt 1.16126955 0.462756634 0.112365566
vt 1.15013862 0.461077601 0.111559659
vt 0.885423541 0.605881333 0.10995023
vt 1.13547516 0.702301443 0.0572867021
vt 1.13076377 0.623475075 0.107985742
vt 0.768745363 0.401139438 0.108590499
vt 0.708964884 0.775199175 0.065360032
vt 0.829909682 0.34585017 0.112802379
vt 1.01167476 0.621291161 0.0781407803
vt 1.34638238 0.792837441 0.0589123555
vt 0.770415425 0.410924524 0.108362608
vt 1.03304577 0.393389702 0.0882558003
vt 0.818645597 0.397214174 0.107895516
vt 1.09652972 0.594413042 0.112742782
vt 1.17702663 0.374868929 0.106367059
vt 1.16842151 0.377445936 0.105748214
vt 1.17026377 0.31135568 0.11192397
vt 1.06520045 0.246111572 0.082387507
vt 1.08202076 0.574268281 0.111133814
vt 1.03131366 0.415422112 0.0891658589
vt 1.0010947 0.668566108 0.0561157428
vt 0.787829697 0.365789294 0.1093501
vt 1.23785353 0.312727332 0.109453447
vt 0.773430228 0.473217666 0.106157236
vt 0.968452156 0.385805547 0.0866477713
vt 1.23322713 0.512910068 0.102538787
vt 1.1599946 0.396852314 0.106926501
vt 0.970056117 0.241351813 0.0791072547
vt 0.752186537 0.581767499 0.105200954
vt 1.23687148 0.742846847 0.0857692584
vt 1.15586853 0.454634845 0.111143693
g panel0
usemtl dragon
f 2168/1 157/2 7/3
f 159/4 451/5 158/6
f 2168/1 158/6 451/5
f 380/7 987/8 2711/9
f 3883/10 1077/11 504/12
f 380/7 160/13 161/14
f 504/12 1077/11 156/15
f 3189/16 380/7 161/14
f 2412/17 154/18 2266/19
f 379/20 859/21 2423/22
f 524/23 1088/24 167/25
f 744/26 524/23 989/27
f 3831/28 454/29 3089/30
f 650/31 825/32 550/33
f 3089/30 990/34 150/35
f 2754/36 30/37 991/38
f 2428/39 384/40 34/41
f 830/42 1093/43 3255/44
f 525/45 1122/46 3852/47
f 606/48 899/49 3146/50
f 36/51 992/52 35/53
f 2428/54 35/53 992/52
f 3569/55 355/56 2247/57
f 3272/58 148/59 149/60
f 3635/61 993/62 705/63
f 994/64 441/65 3841/66
f 699/67 1146/68 2864/69
f 599/70 745/71 2472/72
f 490/73 1014/74 2270/75
f 906/76 766/77 598/78
f 3111/79 541/80 996/81
f 2141/82 43/83 44/84
f 605/85 1099/86 997/87
f 3938/88 70/89 71/90
f 2141/82 4127/91 490/73
f 66/92 67/93 998/94
f 3091/95 4052/96 464/97
f 66/92 998/94 660/98
f 409/99 1119/100 860/101
f 3308/102 767/103 661/104
f 3475/105 999/106 62/107
f 3629/108 47/109 48/110
f 2422/111 999/106 3475/105
f 3527/112 768/113 1000/114
f 622/115 769/116 3865/117
f 2965/118 3912/119 768/113
f 50/120 51/121 4132/122
f 3468/123 1002/124 687/125
f 1003/126 56/127 57/128
f 1026/129 56/127 861/130
f 861/130 56/127 1003/126
f 3021/131 3348/132 2567/133
f 3021/131 54/134 55/135
f 54/134 2567/133 1/136
f 392/137 86/138 863/139
f 430/140 70/89 3938/88
f 467/141 1035/142 863/139
f 2886/143 84/144 85/145
f 3309/146 1005/147 603/148
f 2334/149 82/150 83/151
f 3462/152 75/153 469/154
f 74/155 75/153 3462/152
f 362/156 80/157 4125/158
f 80/157 362/156 79/159
f 2444/160 78/161 4156/162
f 2444/160 2/163 78/161
f 912/164 1196/165 147/166
f 2501/167 1006/168 619/169
f 3012/170 1192/171 866/172
f 2602/173 867/174 145/175
f 688/176 1006/168 2501/167
f 869/177 3266/178 2721/179
f 3031/180 3024/181 2296/182
f 3162/183 474/184 3731/185
f 3498/186 4135/187 2539/188
f 496/189 665/190 3347/191
f 397/192 967/193 3338/194
f 3186/195 99/196 100/197
f 2781/198 96/199 97/200
f 4055/201 114/202 3822/203
f 475/204 956/205 108/206
f 4078/207 4157/208 3114/209
f 475/204 370/210 868/211
f 370/210 475/204 2739/212
f 635/213 3128/214 2586/215
f 106/216 2960/217 105/218
f 107/219 956/205 1009/220
f 2960/217 369/221 4129/222
f 112/223 4078/207 111/224
f 370/210 2739/212 1010/225
f 111/224 1010/225 4/226
f 4160/227 1011/228 869/177
f 2653/229 141/230 142/231
f 2511/232 3704/233 476/234
f 2343/235 3704/233 2145/236
f 140/237 1017/238 879/239
f 125/240 698/241 124/242
f 138/243 3281/244 3871/245
f 3591/246 498/247 2260/248
f 497/249 1194/250 123/251
f 373/252 127/253 2820/254
f 2820/254 128/255 129/256
f 698/241 125/240 870/257
f 870/257 127/253 373/252
f 870/257 5/258 126/259
f 2679/260 135/261 136/262
f 820/263 134/264 135/261
f 133/265 3302/266 3705/267
f 6/268 133/265 3705/267
f 3369/269 3615/270 453/271
f 31/272 991/38 30/37
f 3849/273 28/274 4111/275
f 479/276 173/277 3345/278
f 2745/279 3578/280 2448/281
f 480/282 440/283 4109/284
f 4105/285 812/286 3967/287
f 2841/288 3153/289 4124/290
f 3846/291 177/292 178/293
f 4131/294 23/295 24/296
f 21/297 871/298 482/299
f 482/299 813/300 20/301
f 20/301 21/297 482/299
f 481/302 871/298 22/303
f 774/304 482/299 871/298
f 180/305 181/306 376/307
f 813/300 1180/308 19/309
f 18/310 1180/308 2582/311
f 8/312 18/310 2582/311
f 2712/313 3428/314 775/315
f 737/316 486/317 2688/318
f 3369/269 3453/319 3615/270
f 440/283 958/320 4109/284
f 384/40 830/42 3255/44
f 2470/321 2966/322 2592/323
f 163/324 452/325 2318/326
f 3118/327 872/328 818/329
f 2467/330 148/59 3272/58
f 2452/331 1012/332 89/333
f 384/40 3255/44 4151/334
f 3868/335 3785/336 408/337
f 41/338 3785/336 3868/335
f 89/333 1012/332 872/328
f 3755/339 3772/340 87/341
f 508/342 4163/343 694/344
f 3785/336 41/338 1014/74
f 3349/345 2787/346 781/347
f 2281/348 3364/349 1137/350
f 464/97 4127/91 2141/82
f 2787/346 47/109 3629/108
f 3205/351 59/352 3527/112
f 538/353 387/354 875/355
f 874/356 2405/357 2400/358
f 769/116 388/359 4132/122
f 53/360 2567/133 3348/132
f 4002/361 1081/362 2886/143
f 85/145 86/138 392/137
f 492/363 1146/68 747/364
f 3631/365 4118/366 776/367
f 81/368 3613/369 80/157
f 470/370 867/174 2602/173
f 3932/371 2723/372 3282/373
f 118/374 119/375 3024/376
f 144/377 145/175 2719/378
f 2285/379 3732/380 493/381
f 2469/382 3924/383 2149/384
f 3885/385 3347/191 2561/386
f 397/192 99/196 3186/195
f 99/196 397/192 3338/194
f 2774/387 101/388 635/213
f 114/202 4055/201 113/389
f 2492/390 1028/391 2937/392
f 101/388 102/393 635/213
f 103/394 4129/222 3128/214
f 110/395 2739/212 109/396
f 113/389 690/397 4157/208
f 2504/398 119/399 120/400
f 3571/401 1017/238 140/237
f 957/402 1016/403 3668/404
f 2466/405 399/406 878/407
f 3591/246 2939/408 1018/409
f 4014/410 2679/260 136/262
f 497/249 124/242 698/241
f 373/252 2820/254 2260/248
f 1018/409 131/411 3316/412
f 2605/413 3967/287 812/286
f 1046/414 527/415 432/416
f 375/417 176/418 177/292
f 2262/419 178/293 179/420
f 3148/421 180/305 376/307
f 643/422 1068/423 1019/424
f 178/293 2262/419 881/425
f 3388/426 152/427 153/428
f 2837/429 741/430 2878/431
f 3566/432 1021/433 750/434
f 684/435 2266/19 778/436
f 683/437 988/438 1022/439
f 383/440 1012/332 2120/441
f 532/442 891/443 385/444
f 2153/445 90/446 91/447
f 3749/448 926/449 2188/450
f 3656/451 31/272 32/452
f 699/67 460/453 2383/454
f 2524/455 3808/456 1015/457
f 3115/458 726/459 1023/460
f 3812/461 3868/335 408/337
f 2449/462 621/463 882/464
f 515/465 809/466 413/467
f 3326/468 3682/469 538/353
f 426/470 536/471 511/472
f 49/473 50/120 388/359
f 3800/474 612/475 1024/476
f 3544/477 513/478 1025/479
f 3658/480 929/481 3565/482
f 46/483 47/109 2787/346
f 55/135 56/127 1026/129
f 2591/484 2853/485 3798/486
f 862/487 71/90 72/488
f 2279/489 73/490 74/155
f 809/466 1179/491 360/492
f 4122/493 3124/494 2894/495
f 2770/496 4150/497 559/498
f 2752/499 2740/500 467/141
f 2869/501 3869/502 674/503
f 877/504 782/505 398/506
f 2311/507 473/508 1008/509
f 2988/510 365/511 2210/512
f 3479/513 886/514 3094/515
f 4023/516 520/517 396/518
f 496/189 1028/391 761/519
f 364/520 1086/521 1029/522
f 3398/523 740/524 2348/525
f 485/526 593/527 2589/528
f 167/25 168/529 524/23
f 671/530 644/531 932/532
f 2427/533 2172/534 785/535
f 786/536 608/537 2638/538
f 499/539 432/416 889/540
f 3453/319 171/541 915/542
f 3029/543 502/544 2372/545
f 890/546 2755/547 2206/548
f 699/67 2383/454 1030/549
f 2534/550 2196/551 2446/552
f 648/553 3991/554 2477/555
f 384/40 2428/39 425/556
f 3195/557 461/558 2833/559
f 3670/560 3474/561 420/562
f 29/563 30/37 2754/36
f 3957/564 3282/373 2723/372
f 828/565 4071/566 3355/567
f 521/568 3154/569 1085/570
f 2124/571 1145/572 3794/573
f 387/354 538/353 386/574
f 3984/575 3486/576 1154/577
f 3219/578 1033/579 850/580
f 38/581 39/582 3832/583
f 1058/584 611/585 4074/586
f 1025/479 701/587 3565/482
f 633/588 874/356 3504/589
f 3452/590 953/591 2489/592
f 69/593 70/89 430/140
f 467/141 884/594 1035/142
f 462/595 936/596 620/597
f 2375/598 1037/599 3991/554
f 3998/600 3809/601 895/602
f 2324/603 472/604 2548/605
f 3716/606 3078/607 896/608
f 3343/609 3531/610 681/611
f 3225/612 889/540 432/416
f 931/613 1199/614 544/615
f 931/613 544/615 1039/616
f 351/617 1097/618 1040/619
f 3670/560 351/617 4144/620
f 713/621 1159/622 2822/623
f 2445/624 897/625 3398/523
f 3297/626 898/627 560/628
f 744/26 1184/629 3065/630
f 506/631 780/632 2524/455
f 696/633 3282/373 1042/634
f 3817/635 3357/636 3212/637
f 3159/638 823/639 3299/640
f 3212/637 3751/641 2175/642
f 3763/643 507/644 758/645
f 553/646 795/647 1043/648
f 865/649 3003/650 424/651
f 2628/652 3835/653 2118/654
f 3219/578 4020/655 1033/579
f 536/471 832/656 511/472
f 4064/657 2902/658 405/659
f 3849/273 440/283 3921/660
f 429/661 834/662 2697/663
f 834/662 541/80 3111/79
f 583/664 653/665 901/666
f 3587/667 901/666 653/665
f 583/664 901/666 3142/668
f 3834/669 3425/670 1197/671
f 3297/626 649/672 898/627
f 649/672 4030/673 1046/414
f 433/674 1202/675 902/676
f 1047/677 419/678 3606/679
f 4030/673 421/680 1046/414
f 2351/681 174/682 175/683
f 3451/684 800/685 444/686
f 2725/687 3435/688 406/689
f 1049/690 838/691 719/692
f 714/693 436/694 3697/695
f 2532/696 1111/697 3510/698
f 2532/696 3510/698 2258/699
f 568/700 1164/701 2246/702
f 905/703 3697/695 566/704
f 3534/705 149/60 150/35
f 382/706 729/707 3903/708
f 4076/709 907/710 753/711
f 721/712 630/713 2264/714
f 831/715 722/716 1050/717
f 2650/718 359/719 2409/720
f 722/716 1110/721 3384/722
f 2316/723 2116/724 2809/725
f 432/416 499/539 724/726
f 2825/727 2305/728 2593/729
f 2593/729 479/276 3345/278
f 2992/730 2365/731 2553/732
f 803/733 354/734 1052/735
f 446/736 1052/735 354/734
f 3412/737 678/738 910/739
f 678/738 1114/740 910/739
f 883/741 1025/479 513/478
f 2980/742 3080/743 2244/744
f 354/734 908/745 804/746
f 3359/747 1053/748 504/12
f 853/749 159/4 160/13
f 453/271 989/27 169/750
f 562/751 1184/629 1054/752
f 152/427 859/21 3831/28
f 3448/753 3250/754 2673/755
f 3078/607 3363/756 1055/757
f 4166/758 499/539 3013/759
f 382/706 3903/708 728/760
f 911/761 570/762 752/763
f 447/764 1193/765 873/766
f 147/166 148/59 2467/330
f 595/767 1118/768 2913/769
f 780/632 506/631 1057/770
f 3444/771 3739/772 984/773
f 3474/561 2961/774 420/562
f 3516/775 641/776 2188/450
f 617/777 2118/654 2320/778
f 3860/779 515/465 3425/670
f 361/780 807/781 3431/782
f 4097/783 3687/784 658/785
f 3618/786 678/738 3169/787
f 3079/788 2464/789 2526/790
f 731/791 1116/792 2877/793
f 3091/95 3349/345 4052/96
f 2368/794 3930/795 2742/796
f 2691/797 621/463 2449/462
f 4153/798 910/739 442/799
f 999/106 1001/800 62/107
f 2395/801 686/802 1059/803
f 3800/474 767/103 3308/102
f 884/594 467/141 2740/500
f 709/804 1035/142 884/594
f 589/805 975/806 1060/807
f 2354/808 808/809 2921/810
f 2209/811 817/812 4159/813
f 2265/814 738/815 2202/816
f 509/817 413/467 809/466
f 555/818 702/819 2363/820
f 1196/165 470/370 2602/173
f 689/821 1007/822 472/604
f 534/823 396/518 493/381
f 689/821 472/604 1062/824
f 2210/512 2144/825 3208/826
f 2134/827 1065/828 2349/829
f 3825/830 1065/828 2134/827
f 2361/831 475/204 868/211
f 475/204 109/396 2739/212
f 869/177 142/231 143/832
f 1029/522 3875/833 364/520
f 120/400 121/834 2950/835
f 3368/836 121/834 122/837
f 692/838 1017/238 3571/401
f 914/839 3133/840 2511/232
f 3072/841 2950/835 3368/836
f 3014/842 122/837 123/251
f 522/843 925/844 3895/845
f 2430/846 811/847 628/848
f 3070/849 3281/244 138/243
f 2614/850 3507/851 3769/852
f 171/541 172/853 3766/854
f 172/853 173/277 479/276
f 25/855 26/856 3967/287
f 26/856 27/857 4105/285
f 3214/858 740/524 2743/859
f 629/860 2305/728 1067/861
f 22/303 23/295 481/302
f 3059/862 1068/423 643/422
f 500/863 2307/864 735/865
f 19/309 20/301 813/300
f 402/866 2372/545 592/867
f 609/868 934/869 814/870
f 577/871 486/317 737/316
f 3073/872 916/873 447/764
f 2947/874 3916/875 657/876
f 414/877 794/878 815/879
f 3817/635 1071/880 651/881
f 2424/882 1072/883 3854/884
f 4130/885 762/886 490/73
f 360/492 4159/813 3918/887
f 88/888 872/328 3755/339
f 3438/889 3732/380 494/890
f 3241/891 1074/892 2546/893
f 2983/894 3799/895 2725/687
f 94/896 95/897 3731/185
f 3162/183 96/199 2781/198
f 2867/898 2781/198 97/200
f 2798/899 115/900 116/901
f 2122/902 697/903 2561/386
f 123/251 124/242 497/249
f 498/247 1128/904 918/905
f 135/261 2679/260 820/263
f 919/906 455/907 2293/908
f 3351/909 724/726 4166/758
f 851/910 1158/911 1075/912
f 1076/913 813/300 3574/914
f 382/706 728/760 668/915
f 988/438 741/430 3883/10
f 706/916 502/544 920/917
f 3906/918 2553/919 2246/702
f 2834/920 3986/921 1051/922
f 741/430 2837/429 1077/11
f 157/2 1053/748 3359/747
f 2478/923 1078/924 672/925
f 3030/926 446/736 2881/927
f 845/928 946/929 1079/930
f 2542/931 981/932 822/933
f 488/934 506/935 1080/936
f 575/937 1176/938 742/939
f 3914/940 3746/941 694/344
f 2581/942 508/342 694/344
f 1178/943 1081/362 709/804
f 3544/477 510/944 2650/718
f 466/945 1059/803 3913/946
f 3452/590 922/947 539/948
f 2591/484 687/125 1161/949
f 622/115 514/950 390/951
f 2507/952 3860/779 3834/669
f 2552/953 1031/954 1170/955
f 3605/956 2196/551 1083/957
f 3991/554 1092/958 823/639
f 2509/959 423/960 3007/961
f 2611/962 3077/963 704/964
f 416/965 824/966 923/967
f 2326/968 2171/969 2756/970
f 3825/830 2659/971 1084/972
f 2627/973 520/517 4023/516
f 493/381 1074/892 3241/891
f 1074/892 520/517 3155/974
f 788/975 396/518 534/823
f 416/965 923/967 2733/976
f 2924/977 895/602 3809/601
f 2664/978 1149/979 3154/569
f 478/980 914/839 3895/845
f 2744/981 897/625 2615/982
f 734/983 523/984 1087/985
f 2521/986 825/32 650/31
f 166/987 167/25 1088/24
f 759/988 669/989 826/990
f 582/991 3237/992 3291/993
f 561/994 1129/995 902/676
f 393/996 492/363 747/364
f 2396/997 4071/566 828/565
f 668/915 1090/998 382/706
f 679/999 748/1000 1091/1001
f 763/1002 1171/1003 2213/1004
f 3280/1005 570/762 2782/1006
f 2915/1007 758/645 3240/1008
f 830/42 601/1009 531/1010
f 385/444 1057/770 3927/1011
f 928/1012 672/1013 581/1014
f 2968/1015 3700/1016 2439/1017
f 2552/953 3532/1018 356/1019
f 3732/380 534/823 493/381
f 2850/1020 788/975 739/1021
f 605/85 1050/717 722/716
f 850/580 1033/579 1094/1022
f 3863/1023 1095/1024 386/574
f 2139/1025 537/1026 2316/723
f 4049/1027 833/1028 727/1029
f 3298/1030 929/481 3658/480
f 3098/1031 875/355 387/354
f 2405/357 1144/1032 2729/1033
f 2263/1034 894/1035 2457/1036
f 4021/1037 610/1038 2321/1039
f 717/1040 1047/677 3606/679
f 545/1041 1199/614 840/1042
f 547/1043 1040/619 1097/618
f 2814/1044 401/1045 2564/1046
f 2967/1047 3165/1048 705/63
f 576/1049 547/1043 3736/1050
f 571/1051 907/710 2393/1052
f 4076/709 991/38 2902/658
f 2916/1053 733/1054 2743/859
f 2728/1055 716/1056 2150/1057
f 3774/1058 434/1059 3396/1060
f 563/1061 1108/1062 933/1063
f 711/1064 1038/1065 3313/1066
f 3813/1067 909/1068 3559/1069
f 3751/641 2310/1070 2175/642
f 900/1071 1043/648 795/647
f 3261/1072 1078/924 2478/923
f 605/85 964/1073 1099/86
f 438/1074 742/939 2438/1075
f 787/1076 814/870 934/869
f 3847/1077 693/1078 2629/1079
f 1078/924 1101/1080 672/925
f 674/503 555/818 1102/1081
f 952/1082 1120/1083 1103/1084
f 3869/502 363/1085 702/819
f 662/1086 363/1085 2148/1087
f 537/1026 893/1088 2116/724
f 944/1089 556/1090 2742/796
f 1105/1091 3508/1092 3111/79
f 620/597 996/81 541/80
f 4053/1093 4149/1094 935/1095
f 557/1096 1104/1097 935/1095
f 937/1098 1106/1099 422/1100
f 1039/616 1202/675 433/674
f 836/1101 1106/1099 937/1098
f 681/611 933/1063 1108/1062
f 2855/1102 725/1103 3662/1104
f 2677/1105 564/1106 435/1107
f 2799/1108 1123/1109 1049/690
f 723/1110 972/1111 1109/1112
f 535/1113 1154/577 1110/721
f 2254/1114 676/1115 2258/699
f 2340/1116 3300/1117 1100/1118
f 2175/642 1071/880 3817/635
f 2288/1119 676/1115 2254/1114
f 2776/1120 2758/1121 2177/1122
f 700/1123 1147/1124 505/1125
f 403/1126 1103/1084 3280/1005
f 3074/1127 911/761 752/763
f 3295/1128 721/712 2264/714
f 2754/36 939/1129 4111/275
f 572/1130 2572/1131 2191/1132
f 3112/1133 1112/1134 3412/737
f 3981/1135 985/1136 428/1137
f 3707/1138 767/103 841/1139
f 2765/1140 4140/1141 2763/1142
f 2959/1143 1113/1144 727/1029
f 445/1145 908/745 803/733
f 3250/754 486/317 577/871
f 3087/1146 448/1147 3876/1148
f 883/741 962/1149 357/1150
f 3256/1151 1115/1152 893/1088
f 3110/1153 578/1154 3102/1155
f 4045/1156 578/1154 3110/1153
f 603/148 748/1000 679/999
f 736/1157 631/1158 3675/1159
f 4034/1160 650/31 550/33
f 3363/756 3820/1161 1055/757
f 1185/1162 682/1163 1186/1164
f 567/1165 2340/1116 3951/1166
f 891/443 532/442 3430/1167
f 3424/1168 3643/1169 651/881
f 4083/1170 3195/557 927/1171
f 842/1172 1198/1173 982/1174
f 508/342 2581/942 942/1175
f 3260/1176 653/665 583/664
f 3061/1177 463/1178 465/1179
f 465/1179 755/1180 2987/1181
f 3269/1182 1116/792 731/791
f 3166/1183 977/1184 2189/1185
f 3789/1186 3492/1187 3664/1188
f 2397/1189 587/1190 586/1191
f 4056/1192 4005/1193 943/1194
f 680/1195 977/1184 3166/1183
f 3084/1196 3992/1197 588/1198
f 821/1199 589/805 3878/1200
f 757/1201 821/1199 3975/1202
f 3332/1203 689/821 3765/1204
f 771/1205 1008/509 2893/1206
f 3916/875 756/1207 580/1208
f 2805/1209 890/546 2206/548
f 2423/22 778/436 2390/1210
f 931/613 1096/1211 3606/679
f 1098/1212 417/1213 1055/757
f 2333/1214 711/1064 2300/1215
f 2913/769 3804/1216 614/1217
f 838/691 1187/1218 565/1219
f 2702/1220 3151/1221 2147/1222
f 589/805 821/1199 757/1201
f 3927/1011 3661/1223 3157/1224
f 766/77 1172/1225 3083/1226
f 604/1227 598/78 3936/1228
f 679/999 1091/1001 3712/1229
f 948/1230 3274/1231 2528/1232
f 600/1233 1141/1234 644/531
f 3888/1235 525/45 639/1236
f 843/1237 531/1010 2816/1238
f 2951/1239 601/1009 384/40
f 602/1240 826/990 2479/1241
f 2502/1242 675/1243 2957/1244
f 2815/1245 770/1246 2224/1247
f 700/1123 1023/460 726/459
f 722/716 3384/722 949/1248
f 949/1248 964/1073 605/85
f 3680/1249 1143/1250 693/1078
f 1200/1251 606/48 950/1252
f 401/1045 951/1253 3459/1254
f 3103/1255 2518/1256 2606/1257
f 584/1258 1116/792 3269/1182
f 731/791 2877/793 1119/100
f 3866/1259 3602/1260 3047/1261
f 4031/1262 1103/1084 1120/1083
f 2941/1263 1193/765 916/873
f 612/475 4081/1264 411/1265
f 588/1198 1024/476 1121/1266
f 613/1267 745/71 608/537
f 505/1125 946/1268 845/1269
f 896/608 3078/607 4028/1270
f 588/1198 1121/1266 791/1271
f 2179/1272 2489/592 953/591
f 639/1236 525/45 846/1273
f 3353/1274 3725/1275 3459/1254
f 3718/1276 3429/1277 668/915
f 3103/1255 3844/1278 3022/1279
f 36/51 37/1280 2247/57
f 3804/1216 3052/1281 458/1282
f 624/1283 91/447 92/1284
f 838/691 1049/690 1123/1109
f 565/1219 846/1273 719/692
f 541/80 2888/1285 620/597
f 508/342 882/464 621/463
f 2856/1286 2422/111 3475/105
f 848/1287 3494/1288 2395/801
f 3494/1288 3789/1186 3512/1289
f 3082/1290 514/950 622/115
f 2891/1291 429/661 3304/1292
f 2707/1293 955/1294 2164/1295
f 619/169 91/447 624/1283
f 92/1284 93/1296 2159/1297
f 117/1298 118/374 3657/1299
f 475/204 2361/831 956/205
f 635/213 2586/215 3781/1300
f 634/1301 1028/391 496/189
f 3781/1300 626/1302 2937/392
f 478/980 957/402 773/1303
f 784/1304 772/1305 2343/235
f 880/1306 1194/250 878/407
f 880/1306 627/1307 1124/1308
f 2934/1309 958/320 753/711
f 452/325 3350/1310 631/1158
f 754/1311 1125/1312 2538/1313
f 42/1314 1014/74 41/338
f 3785/336 1094/1022 408/337
f 2446/552 4171/1315 3641/1316
f 757/1201 975/806 589/805
f 359/719 510/944 1126/1317
f 3254/1318 633/588 358/1319
f 496/189 3885/385 634/1301
f 625/1320 3781/1300 369/221
f 3776/1321 876/1322 3119/1323
f 2236/1324 811/847 2430/846
f 24/296 25/855 2605/413
f 637/1325 374/1326 2496/1327
f 3366/1328 4092/1329 2822/623
f 959/1330 2496/1327 638/1331
f 857/1332 639/1236 1127/1333
f 3033/1334 846/1273 525/45
f 383/440 994/64 3841/66
f 353/1335 806/1336 640/1337
f 641/776 3516/775 845/1269
f 1162/1338 926/1339 3749/1340
f 734/983 1068/423 3059/862
f 3805/1341 485/526 643/422
f 960/1342 600/1233 644/531
f 2810/1343 458/1282 618/1344
f 561/994 1107/1345 1129/995
f 418/1346 667/1347 3193/1348
f 501/1349 899/49 646/1350
f 2863/1351 400/1352 1118/768
f 2647/1353 1037/599 2375/598
f 815/879 1182/1354 414/877
f 563/1061 904/1355 3555/1356
f 455/907 896/608 350/1357
f 4030/673 3396/1060 421/680
f 3842/1358 649/672 1046/414
f 378/1359 1088/24 1041/1360
f 3949/1361 3646/1362 3357/636
f 3969/1363 386/574 538/353
f 659/1364 3807/1365 557/1096
f 4041/1366 1045/1367 3304/1292
f 430/140 3938/88 3683/1368
f 2720/1369 1131/1370 2556/1371
f 393/996 528/1372 654/1373
f 4150/497 2770/496 763/1002
f 2749/1374 564/1106 1132/1375
f 4062/1376 357/1150 3882/1377
f 962/1149 449/1378 1133/1379
f 468/1380 816/1381 579/1382
f 4168/1383 1072/883 2424/882
f 2657/1384 1136/1385 3870/1386
f 2568/1387 708/1388 2668/1389
f 2422/111 2856/1286 1137/350
f 65/1390 66/92 660/98
f 3639/1391 661/104 767/103
f 470/370 424/651 963/1392
f 856/1393 1139/1394 1138/1395
f 3774/1058 903/1396 2800/1397
f 2621/1398 3854/884 489/1399
f 3207/1400 3108/1401 4152/1402
f 471/1403 4070/1404 3859/1405
f 474/184 810/1406 852/1407
f 496/189 761/519 665/190
f 627/1307 878/407 399/406
f 497/249 698/241 666/1408
f 3828/1409 645/1410 2823/1411
f 418/1346 705/63 667/1347
f 829/1412 501/1349 529/1413
f 3951/1166 2523/1414 2479/1241
f 623/1415 955/1294 2707/1293
f 3587/667 653/665 2720/1369
f 3032/1416 670/1417 4136/1418
f 685/1419 615/1420 2480/1421
f 671/530 1122/46 960/1342
f 3624/1422 1078/924 2932/1423
f 3008/1424 941/1425 672/1013
f 2933/1426 407/1427 3333/1428
f 3198/1429 673/1430 3333/1428
f 554/1431 1102/1081 3445/1432
f 2360/1433 352/1434 2375/598
f 3943/1435 1005/147 675/1243
f 553/646 1043/648 2288/1119
f 2941/1263 577/871 1140/1436
f 737/316 677/1437 577/871
f 4153/798 833/1028 3412/737
f 679/999 3102/1155 2957/1244
f 449/1378 4140/1141 680/1195
f 550/33 933/1063 681/611
f 614/1217 458/1282 965/1438
f 1141/1234 600/1233 682/1163
f 380/7 853/749 160/13
f 920/917 987/8 483/1439
f 165/1440 2165/1441 2772/1442
f 3350/1310 2772/1442 2151/1443
f 153/428 154/18 2412/17
f 778/436 2266/19 2878/431
f 671/530 993/62 2851/1444
f 2689/1445 3274/1231 3852/47
f 587/1190 943/1194 586/1191
f 3468/123 57/128 58/1446
f 1002/124 743/1447 687/125
f 1192/171 688/176 2253/1448
f 688/176 1192/171 3012/170
f 427/1449 1062/824 2476/1450
f 3715/1451 590/1452 3765/1204
f 691/1453 690/397 2652/1454
f 3114/209 691/1453 2625/1455
f 3039/1456 691/1453 2652/1454
f 692/838 1011/228 2969/1457
f 4096/1458 498/247 854/1459
f 3345/278 174/682 2351/681
f 950/1252 693/1078 1143/1250
f 68/1460 69/593 3746/941
f 583/664 942/1175 855/1461
f 732/1462 1130/1463 3693/1464
f 930/1465 647/1466 1144/1032
f 2337/1467 2677/1105 696/633
f 394/1468 981/932 3794/573
f 2314/1469 2867/898 967/193
f 397/192 4022/1470 697/903
f 125/240 5/258 870/257
f 3954/1471 1030/549 2426/1472
f 492/363 983/1473 2864/69
f 569/1474 2212/1475 2204/1476
f 652/1477 929/481 3298/1030
f 515/465 1157/1478 1082/1479
f 2113/1480 491/1481 2209/811
f 2752/499 818/329 2373/1482
f 363/1085 662/1086 702/819
f 702/819 555/818 674/503
f 474/184 3162/183 969/1483
f 518/1484 2666/1485 2611/962
f 925/844 522/843 1150/1486
f 3635/61 3121/1487 993/62
f 683/437 920/917 4075/1488
f 974/1489 970/1490 2712/313
f 3312/1491 426/470 2123/1492
f 461/558 2527/1493 2123/1492
f 3609/1494 3658/480 708/1388
f 357/1150 4062/1376 2631/1495
f 2873/1496 807/781 361/780
f 3393/1497 1178/943 2958/1498
f 2488/1499 414/877 710/1500
f 822/933 1080/936 506/935
f 2929/1501 3094/515 4133/1502
f 1134/1503 580/1208 2300/1215
f 548/1504 4064/657 3437/1505
f 2822/623 2743/859 713/621
f 735/865 1159/622 500/863
f 3819/1506 3734/1507 566/704
f 789/1508 1174/1509 954/1510
f 3979/1511 1151/1512 2655/1513
f 1129/995 1107/1345 3000/1514
f 2804/1515 3578/280 2745/279
f 2749/1374 718/1516 2976/1517
f 3947/1518 3438/1519 494/1520
f 2481/1521 948/1230 2528/1232
f 829/1412 1090/998 668/915
f 720/1522 1152/1523 2257/1524
f 3295/1128 2218/1525 721/712
f 723/1110 1110/721 1154/577
f 949/1248 2438/1075 552/1526
f 3748/1527 3589/1528 1109/1112
f 3351/909 3720/1529 724/726
f 649/672 3842/1358 1155/1530
f 904/1355 1048/1531 3684/1532
f 1113/1144 2959/1143 2139/1025
f 568/700 2246/702 2365/1533
f 2470/321 2390/1210 3270/1534
f 2966/322 484/1535 3448/753
f 2706/1536 900/1071 729/707
f 462/595 2897/1537 2507/952
f 410/1538 1082/1479 1157/1478
f 581/1014 941/1425 3424/1168
f 695/1539 966/1540 489/1399
f 2859/1541 3012/170 2854/1542
f 2896/1543 2991/1544 4124/290
f 500/863 713/621 3378/1545
f 2445/624 2348/525 1087/985
f 851/910 1068/423 1158/911
f 713/621 500/863 1159/622
f 452/325 631/1158 736/1157
f 2768/1546 380/7 3189/16
f 2531/1547 717/1040 1160/1548
f 2606/1257 737/316 2688/318
f 1061/1549 2265/814 670/1417
f 2324/603 739/1550 917/1551
f 854/1459 498/247 3591/246
f 2401/1552 733/1054 2916/1053
f 552/1526 2438/1075 3763/643
f 742/939 438/1074 575/937
f 509/817 809/466 2468/1553
f 2713/1554 360/492 3056/1555
f 3527/112 1000/114 3394/1556
f 2853/485 1161/949 588/1198
f 168/529 989/27 524/23
f 453/271 1054/752 744/26
f 745/71 599/70 576/1049
f 3200/1557 745/71 576/1049
f 2726/1558 973/1559 1162/1338
f 747/364 528/1372 393/996
f 940/1560 831/715 3758/1561
f 912/164 457/1562 1163/1563
f 3603/1564 1021/433 1164/701
f 759/988 1127/1333 1165/1565
f 3681/1566 3866/1259 3543/1567
f 3280/1005 839/1568 2945/1569
f 616/1570 1020/1571 3844/1278
f 907/710 4076/709 548/1504
f 378/1359 1041/1360 1166/1572
f 465/1179 1116/792 755/1180
f 584/1258 764/1573 4120/1574
f 706/916 970/1490 974/1489
f 3428/314 1167/1575 775/315
f 3387/1576 757/1201 597/1577
f 732/1462 1060/807 975/806
f 507/644 604/1227 3936/1228
f 533/1578 1117/1579 1168/1580
f 589/805 1060/807 1169/1581
f 750/434 1127/1333 639/1236
f 677/1437 1140/1436 577/871
f 368/1582 665/190 761/519
f 832/656 1095/1024 3863/1023
f 784/1304 3287/1583 2701/1584
f 642/1585 372/1586 4014/410
f 654/1373 528/1372 1170/955
f 530/1587 2543/1588 2213/1004
f 755/1180 764/1573 3664/1188
f 609/868 1181/1589 976/1590
f 3284/1591 426/470 511/472
f 2705/1592 621/463 2691/797
f 680/1195 661/104 3639/1391
f 3727/1593 49/473 388/359
f 4128/1594 2405/357 3727/1593
f 61/1595 1001/800 2965/118
f 466/945 3913/946 3912/119
f 769/116 622/115 390/951
f 390/951 930/1465 769/116
f 530/1587 844/1596 2224/1247
f 2334/149 3744/1597 82/150
f 2798/899 771/1205 3833/1598
f 139/1599 879/239 3070/849
f 740/524 3398/523 978/1600
f 179/420 180/305 3148/421
f 851/910 1075/912 1173/1601
f 1070/1602 756/1207 775/315
f 468/1380 1091/1001 3267/1603
f 4100/1604 3630/1605 3098/1031
f 633/588 921/1606 358/1319
f 3076/1607 3642/1608 2433/1609
f 495/1610 852/1407 3576/1611
f 592/867 778/436 402/866
f 2968/1015 2554/1612 828/565
f 488/1613 1057/770 506/631
f 3808/456 2524/455 780/632
f 687/125 2591/484 979/1614
f 782/505 2666/1485 4063/1615
f 3528/1616 782/505 4063/1615
f 398/506 3479/1617 783/1618
f 643/422 485/526 2589/528
f 3221/1619 1047/677 2531/1547
f 2840/1620 973/1559 2726/1558
f 706/916 974/1489 3289/1621
f 814/870 787/1076 2289/1622
f 356/1019 1168/1580 3605/956
f 2393/1052 2345/1623 4144/620
f 739/1021 788/975 534/823
f 715/1624 954/1510 1174/1509
f 355/56 4020/655 789/1508
f 4020/655 3812/461 408/337
f 355/56 3569/55 3832/583
f 1080/936 792/1625 4040/1626
f 702/819 674/503 3869/502
f 542/1627 415/1628 3809/601
f 543/1629 1007/822 980/1630
f 793/1631 435/1107 797/1632
f 394/1468 822/933 981/932
f 3261/1072 3958/1633 2944/1634
f 3958/1633 1013/1635 794/878
f 2932/1423 551/1636 795/647
f 746/1637 973/1559 982/1638
f 843/1237 3237/992 2840/1620
f 405/659 1093/43 796/1639
f 531/1010 2735/1640 2278/1641
f 435/1107 564/1106 2976/1517
f 2368/794 556/1090 1175/1642
f 798/1643 3526/1644 578/1154
f 2146/1645 2464/789 409/99
f 961/1646 936/596 4035/1647
f 730/1648 3860/779 2507/952
f 3035/1649 800/685 3505/1650
f 517/1651 1092/958 2251/1652
f 913/1653 3042/1654 2411/1655
f 655/1656 1132/1375 564/1106
f 726/459 3115/458 1176/938
f 4113/1657 575/937 3589/1528
f 804/1658 3906/918 596/1659
f 596/1659 2458/1660 2881/1661
f 400/1352 3820/1161 1177/1662
f 4082/1663 640/1337 806/1336
f 353/1335 1132/1375 806/1336
f 3997/1664 807/781 559/498
f 413/467 509/817 2958/1498
f 3897/1665 817/812 808/809
f 2209/811 491/1481 2202/816
f 4159/813 360/492 1179/491
f 819/1666 2330/1667 2217/1668
f 2659/971 3825/830 2217/1668
f 2695/1669 664/1670 2520/1671
f 969/1483 810/1406 474/184
f 1066/1672 811/847 2236/1324
f 480/282 1069/1673 812/286
f 374/1326 637/1325 812/286
f 18/310 19/309 1180/308
f 815/879 1013/1635 3157/1674
f 710/1500 414/877 1182/1354
f 2310/1070 3207/1400 2424/882
f 579/1382 816/1381 3010/1675
f 808/809 817/812 2209/811
f 3612/1676 818/329 381/1677
f 968/1678 2373/1482 1183/1679
f 3739/772 4082/1663 460/453
f 367/1680 4012/1681 664/1670
f 367/1680 1084/972 4012/1681
f 3523/1682 819/1666 3188/1683
f 4096/1458 854/1459 820/263
f 3975/1202 3430/1167 3722/1684
f 394/1468 792/1625 822/933
f 4047/1685 3913/946 2637/1686
f 517/1651 995/1687 3299/640
f 3966/1688 648/553 2477/555
f 2664/978 521/568 2585/1689
f 1184/629 562/751 3226/1690
f 600/1233 1186/1164 682/1163
f 2533/1691 857/1332 3509/1692
f 827/1693 3291/993 2951/1239
f 2744/981 549/1694 2448/281
f 779/1695 3700/1016 3355/567
f 533/1578 3532/1018 2554/1612
f 3429/1277 829/1412 668/915
f 529/1413 1152/1523 829/1412
f 601/1009 2816/1238 531/1010
f 531/1010 796/1639 830/42
f 3981/1135 940/1560 3758/1561
f 535/1113 1110/721 831/715
f 3327/1696 3863/1023 652/1477
f 850/580 1190/1697 536/471
f 558/1698 3526/1644 3038/1699
f 573/1700 1112/1134 3112/1133
f 833/1028 4153/798 727/1029
f 3495/1701 2697/663 834/662
f 834/662 429/661 2891/1291
f 835/1702 675/1243 2502/1242
f 898/627 836/1101 560/628
f 800/685 836/1101 444/686
f 441/65 2859/1541 3264/1703
f 503/1704 565/1219 1187/1218
f 565/1219 719/692 838/691
f 351/617 1040/619 840/1042
f 419/678 2218/1525 2747/1705
f 612/475 1121/1266 1024/476
f 926/449 1198/1173 404/1706
f 2655/1513 3392/1707 3979/1511
f 682/1163 1185/1162 2347/1708
f 3237/992 843/1237 2816/1238
f 2459/1709 712/1710 2735/1640
f 530/1587 1083/957 844/1596
f 401/1045 2121/1711 2903/1712
f 2385/1713 986/1714 2480/1421
f 613/1267 608/537 4050/1715
f 845/928 1188/1716 641/1717
f 719/692 846/1273 3033/1334
f 565/1219 1021/433 3566/432
f 3856/1718 765/1719 847/1720
f 1059/803 466/945 2807/1721
f 623/1415 1034/1722 849/1723
f 631/1158 3350/1310 2151/1443
f 378/1359 1166/1572 2771/1724
f 832/656 536/471 1190/1697
f 536/471 3312/1491 850/580
f 851/910 1173/1601 959/1330
f 638/1331 1068/423 851/910
f 2520/1671 777/1725 852/1407
f 852/1407 495/1610 474/184
f 437/1726 1100/1118 676/1115
f 1111/697 3300/1117 3978/1727
f 451/5 159/4 853/749
f 3302/266 2887/1728 3899/1729
f 2632/1730 855/1461 3218/1731
f 978/1600 856/1393 2916/1053
f 3774/1058 1139/1394 856/1393
f 826/990 1186/1164 3509/1692
f 3888/1235 857/1332 2533/1691
f 775/315 1167/1575 1191/1732
f 152/427 3388/426 859/21
f 859/21 379/20 2592/323
f 67/93 68/1460 3914/940
f 4163/343 508/342 621/463
f 3060/1733 2877/793 465/1179
f 463/1178 2441/1734 2146/1645
f 861/130 1003/126 979/1614
f 3560/1735 514/950 3082/1290
f 72/488 73/490 2838/1736
f 3032/1416 894/1035 2263/1034
f 86/138 87/341 3149/1737
f 863/139 3149/1737 467/141
f 469/154 864/1738 3462/152
f 391/1739 2838/1736 2279/489
f 424/651 1163/1563 865/649
f 945/1740 866/172 1192/171
f 2719/378 2988/510 3266/178
f 519/1741 1064/1742 2233/1743
f 2253/1448 2159/1297 3076/1607
f 3523/1682 3645/1744 3995/1745
f 2492/390 626/1302 868/211
f 625/1320 956/205 2361/831
f 869/177 2721/179 4160/227
f 126/259 127/253 870/257
f 870/257 373/252 2410/1746
f 4141/1747 630/713 2722/1748
f 374/1326 1069/1673 3805/1341
f 21/297 22/303 871/298
f 481/302 1173/1601 871/298
f 88/888 89/333 872/328
f 872/328 381/1677 818/329
f 873/766 3534/705 447/764
f 3163/1749 2417/1750 1193/765
f 606/48 3146/50 2321/1039
f 532/442 385/444 3927/1011
f 633/588 3254/1318 874/356
f 921/1606 875/355 3098/1031
f 510/944 3544/477 3326/468
f 2988/510 2719/378 365/511
f 100/197 101/388 2774/387
f 634/1301 876/1322 3776/1321
f 3077/963 2666/1485 2456/1751
f 627/1307 880/1306 878/407
f 497/249 666/1408 878/407
f 139/1599 140/237 879/239
f 476/234 772/1305 2895/1752
f 497/249 878/407 1194/250
f 3769/852 1124/1308 627/1307
f 3378/1545 881/425 2307/864
f 375/417 3846/291 3365/1753
f 508/342 942/1175 882/464
f 882/464 463/1178 3061/1177
f 513/478 2650/718 3101/1754
f 449/1378 962/1149 883/741
f 4122/493 509/817 2468/1553
f 3709/1755 3782/1756 2644/1757
f 884/594 2644/1757 709/804
f 517/1651 2251/1652 2509/959
f 2275/1758 3824/1759 3007/961
f 365/511 867/174 885/1760
f 398/506 782/505 3528/1616
f 2733/976 886/514 3528/1761
f 1086/521 887/1762 1149/979
f 888/1763 3263/1764 2171/969
f 692/838 2969/1457 4033/1765
f 2973/1766 3769/852 2129/1767
f 4144/620 2345/1623 2643/1768
f 2697/663 892/1769 3041/1770
f 727/1029 1115/1152 3256/1151
f 391/1739 864/1738 3032/1416
f 894/1035 540/1771 2164/1295
f 921/1606 1126/1317 510/944
f 1063/1772 366/1773 3332/1203
f 4028/1270 3684/1532 896/608
f 896/608 455/907 760/1774
f 2427/533 897/625 523/984
f 1155/1530 898/627 649/672
f 444/686 836/1101 898/627
f 3949/1361 3643/1169 3646/1362
f 606/48 646/1350 899/49
f 899/49 501/1349 847/1720
f 795/647 3824/1759 2275/1758
f 729/707 900/1071 439/1775
f 715/1624 1151/1512 3979/1511
f 582/1776 827/1777 3392/1707
f 2213/1004 2543/1588 3902/1778
f 530/1587 770/1246 2543/1588
f 3005/1779 3080/743 2980/742
f 3892/1780 2526/790 901/666
f 2642/1781 2873/1496 4094/1782
f 559/498 807/781 2873/1496
f 902/676 716/1056 2728/1055
f 902/676 2728/1055 433/674
f 1067/861 1139/1394 2800/1397
f 904/1355 563/1061 725/1103
f 2983/894 718/1516 913/1653
f 3799/1783 494/890 2675/1784
f 3486/576 3748/1527 972/1111
f 3734/1507 2992/730 445/1145
f 598/78 604/1227 3945/1785
f 548/1504 2345/1623 907/710
f 907/710 571/1051 753/711
f 441/65 837/1786 3910/1787
f 354/734 803/733 908/745
f 436/694 3559/1069 909/1068
f 910/739 656/1788 585/1789
f 585/1789 442/799 910/739
f 456/1790 3786/1791 2577/1792
f 1163/1563 457/1562 2471/1793
f 146/1794 147/166 1196/165
f 3711/1795 3516/775 2204/1476
f 572/1130 427/1449 913/1653
f 478/980 773/1303 914/839
f 3766/854 2610/1796 915/542
f 422/1100 3615/270 3453/319
f 454/29 2592/323 3073/872
f 2941/1263 916/873 3250/754
f 3799/895 971/1797 494/1520
f 2476/1450 917/1551 3947/1518
f 918/905 666/1408 2410/1746
f 3165/1048 2293/908 4098/1798
f 380/7 2768/1546 987/8
f 970/1490 483/1439 3428/314
f 1126/1317 633/588 3504/589
f 875/355 921/1606 510/944
f 574/1799 2765/1140 2409/720
f 807/781 3997/1664 1197/671
f 923/967 824/966 3593/1800
f 543/1629 980/1630 923/967
f 520/517 2627/973 2144/825
f 365/511 885/1760 2232/1801
f 1029/522 1150/1486 522/843
f 2455/1802 3077/963 2456/1751
f 1198/1173 4083/1170 404/1706
f 404/1706 569/1474 2188/450
f 2190/1803 927/1171 3195/557
f 3387/1576 928/1012 581/1014
f 597/1577 459/1804 2478/1805
f 3969/1363 3863/1023 386/574
f 3682/469 3326/468 389/1806
f 388/359 769/116 930/1465
f 390/951 2624/1807 3095/1808
f 545/1041 544/615 1199/614
f 1039/616 544/615 3725/1275
f 618/1344 919/906 3165/1048
f 420/562 2961/774 2638/538
f 550/33 825/32 3568/1809
f 609/868 2606/1257 934/869
f 934/869 484/1535 3318/1810
f 611/585 731/791 3416/1811
f 935/1095 2809/725 557/1096
f 431/1812 620/597 936/596
f 936/596 462/595 799/1813
f 560/628 836/1101 937/1098
f 422/1100 915/542 2610/1796
f 3734/1507 3819/1506 3970/1814
f 445/1145 803/733 3589/1528
f 750/434 1021/433 3603/1564
f 568/700 801/1815 2758/1121
f 753/711 958/320 939/1129
f 1032/1816 940/1560 450/1817
f 535/1113 831/715 940/1560
f 581/1014 672/1013 941/1425
f 3643/1169 3949/1361 651/881
f 583/664 3142/668 2836/1818
f 882/464 942/1175 2441/1734
f 686/802 1142/1819 943/1194
f 587/1190 841/1139 4056/1192
f 3160/1820 556/1090 944/1089
f 585/1789 656/1788 3046/1821
f 891/443 3430/1167 2439/1017
f 597/1577 757/1201 3975/1202
f 590/1452 866/172 945/1740
f 4070/1404 471/1403 2433/1609
f 592/867 2829/1822 3270/1534
f 580/1208 1070/1602 3116/1823
f 2333/1214 3116/1823 594/1824
f 1079/930 946/929 2702/1220
f 505/1125 1147/1124 946/1268
f 947/1825 459/1804 597/1577
f 599/70 2472/72 2414/1826
f 552/1526 964/1073 949/1248
f 949/1248 605/85 722/716
f 646/1350 606/48 1200/1251
f 606/48 3150/1827 950/1252
f 2414/1826 2481/1521 2903/1712
f 986/1714 951/1253 607/1828
f 952/1082 403/1126 2647/1353
f 618/1344 458/1282 3052/1281
f 805/1829 4032/1830 3804/1216
f 539/948 2400/358 2729/1033
f 789/1508 954/1510 2628/652
f 455/907 350/1357 3013/759
f 499/539 889/540 2823/1411
f 623/1415 1045/1367 955/1294
f 625/1320 1009/220 956/205
f 107/219 108/206 956/205
f 625/1320 626/1302 3781/1300
f 628/848 773/1303 957/402
f 925/844 1016/403 478/980
f 2825/727 2351/681 2431/1831
f 939/1129 958/320 440/283
f 638/1331 851/910 959/1330
f 644/531 671/530 960/1342
f 889/540 3225/612 3828/1409
f 527/415 3578/280 2804/1515
f 550/33 681/611 3531/610
f 594/1824 1125/1312 4034/1160
f 511/472 832/656 3327/1696
f 3807/1365 659/1364 3814/1832
f 2464/789 2146/1645 3142/668
f 763/1002 2213/1004 961/1646
f 431/1812 936/596 961/1646
f 680/1195 1133/1379 449/1378
f 656/1788 1114/740 1201/1833
f 963/1392 3003/650 2363/820
f 2670/1834 3779/1835 885/1760
f 1099/86 964/1073 2933/1426
f 552/1526 758/645 2915/1007
f 682/1163 2347/1708 965/1438
f 965/1438 2352/1836 614/1217
f 695/1539 1056/1837 966/1540
f 632/1838 1060/807 966/1540
f 967/193 397/192 697/903
f 697/903 2122/902 967/193
f 3782/1756 3709/1755 968/1678
f 3772/340 3118/327 2752/499
f 2349/829 969/1483 2314/1469
f 706/916 920/917 970/1490
f 2983/894 971/1797 3799/895
f 913/1653 427/1449 971/1797
f 566/704 938/1839 3748/1527
f 723/1110 1154/577 972/1111
f 746/1637 1162/1338 973/1559
f 591/1840 2660/1841 974/1489
f 975/806 581/1014 732/1462
f 976/1590 765/1719 3856/1718
f 616/1570 3844/1278 3040/1842
f 977/1184 3639/1391 3707/1138
f 434/1059 856/1393 978/1600
f 861/130 979/1614 3560/1735
f 2869/501 792/1625 394/1468
f 980/1630 2924/977 2756/970
f 923/967 980/1630 2756/970
f 981/932 2542/931 406/1843
f 406/1843 3435/1844 3794/573
f 982/1638 3237/992 582/991
f 582/1776 842/1172 982/1174
f 3851/1845 699/67 3612/1676
f 492/363 1183/1679 983/1473
f 984/773 3851/1845 381/1677
f 381/1677 1012/332 984/773
f 3396/1060 4030/673 903/1396
f 831/715 1050/717 985/1136
f 573/1700 3940/1846 985/1136
f 3459/1254 951/1253 986/1714
f 607/1828 685/1419 2480/1421
f 987/8 920/917 683/437
f 683/437 3026/1847 2711/9
f 988/438 683/437 4075/1488
f 168/529 169/750 989/27
f 989/27 453/271 744/26
f 3656/451 405/659 991/38
f 2902/658 4064/657 548/1504
f 992/52 617/777 2320/778
f 615/1420 685/1419 3121/1487
f 2967/1047 671/530 932/532
f 383/440 2120/441 994/64
f 619/169 1006/168 994/64
f 551/1636 3775/1848 995/1687
f 620/597 431/1812 996/81
f 3943/1435 1105/1091 996/81
f 448/1147 1112/1134 997/87
f 573/1700 1050/717 997/87
f 464/97 2845/1849 4127/91
f 386/574 1073/1850 387/354
f 998/94 4163/343 621/463
f 621/463 2705/1592 998/94
f 45/1851 46/483 3349/345
f 358/1319 3630/1605 2845/1849
f 466/945 1001/800 999/106
f 3084/1196 743/1447 3394/1556
f 61/1595 62/107 1001/800
f 1001/800 466/945 3912/119
f 58/1446 59/352 3205/351
f 743/1447 1002/124 3205/351
f 57/128 3468/123 1003/126
f 687/125 979/1614 1003/126
f 71/90 862/487 1004/1852
f 412/1853 1131/1370 1004/1852
f 3943/1435 2280/1854 1005/147
f 1005/147 770/1246 2815/1245
f 77/1855 2/163 2444/160
f 3383/1856 4156/162 776/367
f 688/176 3012/170 2859/1541
f 441/65 994/64 1006/168
f 1007/822 689/821 3482/1857
f 366/1773 3382/1858 3482/1857
f 4135/187 1064/1742 1008/509
f 690/397 691/1453 3114/209
f 1009/220 625/1320 369/221
f 369/221 2960/217 1009/220
f 110/395 4/226 1010/225
f 142/231 869/177 1011/228
f 4160/227 3875/833 2969/1457
f 170/1859 171/541 3453/319
f 165/1440 166/987 2860/1860
f 378/1359 2771/1724 2165/1441
f 383/440 984/773 1012/332
f 381/1677 872/328 1012/332
f 815/879 794/878 1013/1635
f 1013/1861 459/1804 947/1825
f 490/73 762/886 1014/74
f 540/1771 894/1035 4136/1418
f 696/633 2677/1105 1015/457
f 2124/571 3435/1844 2675/1784
f 3732/380 3438/889 534/823
f 3342/1862 117/1298 3657/1299
f 957/402 478/980 1016/403
f 476/234 879/239 1017/238
f 130/1863 131/411 1018/409
f 3899/1729 3316/412 3302/266
f 880/1306 1124/1308 3417/1864
f 3728/1865 628/848 2646/1866
f 1020/1571 616/1570 456/1790
f 456/1790 3074/1127 1020/1571
f 1021/433 565/1219 503/1704
f 503/1704 1164/701 1021/433
f 504/12 1053/748 1022/439
f 451/5 853/749 3026/1847
f 700/1123 1148/1867 1023/460
f 1023/460 604/1227 507/644
f 3992/1197 3084/1196 512/1868
f 1025/479 883/741 357/1150
f 357/1150 2631/1495 701/587
f 1027/1869 3779/1835 3454/1870
f 3454/1870 2546/893 1027/1869
f 704/964 1150/1486 1029/522
f 522/843 2839/1871 1029/522
f 4071/566 1146/68 1030/549
f 528/1372 2797/1872 2552/953
f 2730/1873 2312/1874 3915/1875
f 595/767 2312/1874 2730/1873
f 535/1113 940/1560 1032/1816
f 450/1817 3242/1876 3053/1877
f 408/337 1094/1022 1033/579
f 410/1538 1189/1878 1034/1722
f 709/804 1081/362 1035/142
f 392/137 863/139 4002/361
f 674/503 1102/1081 1036/1879
f 352/1434 3314/1880 2647/1353
f 2333/1214 1038/1065 711/1064
f 594/1824 4034/1160 3531/610
f 433/674 1096/1211 1039/616
f 547/1043 2121/1711 2814/1044
f 545/1041 840/1042 1040/619
f 650/31 1166/1572 1041/1360
f 524/23 744/26 3065/630
f 1042/634 3954/1471 2426/1472
f 655/1656 2677/1105 2337/1467
f 1043/648 900/1071 437/1726
f 3976/1881 2205/1882 2835/1883
f 586/1191 1142/1819 1044/1884
f 4041/1366 955/1294 1045/1367
f 1045/1367 623/1415 849/1723
f 421/680 527/415 1046/414
f 3842/1358 3853/1885 1155/1530
f 717/1040 2531/1547 1047/677
f 593/527 2722/1748 3221/1619
f 1048/1531 904/1355 725/1103
f 719/692 948/1230 1049/690
f 720/1522 602/1240 2523/1414
f 605/85 997/87 1050/717
f 573/1700 985/1136 1050/717
f 3986/921 2834/920 909/1068
f 1052/735 446/736 3182/1886
f 726/459 1176/938 1052/735
f 157/2 2168/1 1053/748
f 451/5 1022/439 1053/748
f 3820/1161 400/1352 1143/1250
f 632/1838 966/1540 1056/1837
f 695/1539 1072/883 1056/1837
f 488/1613 3661/1223 1057/770
f 1057/770 385/444 3932/371
f 611/585 1058/584 2368/794
f 893/1088 1115/1152 1058/584
f 686/802 3913/946 1059/803
f 732/1462 3693/1464 1060/807
f 632/1838 1169/1581 1060/807
f 670/1417 864/1738 1061/1549
f 427/1449 572/1130 1062/824
f 1062/824 3328/1887 3765/1204
f 895/602 366/1773 1063/1772
f 1063/1772 590/1452 945/1740
f 367/1680 664/1670 2695/1669
f 3533/1888 2504/398 1066/1672
f 784/1304 371/1889 2129/1767
f 663/1890 1139/1394 1067/861
f 734/983 1158/911 1068/423
f 638/1331 1019/424 1068/423
f 374/1326 812/286 1069/1673
f 1069/1673 480/282 4109/284
f 580/1208 756/1207 1070/1602
f 775/315 1191/1732 1070/1602
f 489/1399 1130/1463 1071/880
f 1072/883 4168/1383 468/1380
f 386/574 1095/1024 1073/1850
f 1074/892 493/381 396/518
f 396/518 520/517 1074/892
f 1075/912 377/1891 4039/1892
f 1173/1601 1075/912 4039/1892
f 376/307 1180/308 1076/913
f 155/1893 156/15 1077/11
f 1077/11 3883/10 741/430
f 3840/1894 613/1267 1079/930
f 613/1267 1188/1716 1079/930
f 822/933 792/1625 1080/936
f 710/1500 1182/1354 1080/936
f 509/817 4122/493 3393/1497
f 1035/142 1081/362 4002/361
f 3609/1494 708/1388 2568/1387
f 3233/1895 1136/1385 2657/1384
f 410/1538 1034/1722 3410/1896
f 3797/1897 2130/1898 2113/1480
f 530/1587 1171/1003 1083/957
f 516/1899 1031/954 1083/957
f 1084/972 473/508 2311/507
f 519/1741 4012/1681 1084/972
f 396/518 788/975 1085/570
f 704/964 1029/522 1086/521
f 2348/525 2445/624 3398/523
f 4092/1329 1158/911 1087/985
f 524/23 3065/630 3239/1900
f 378/1359 2165/1441 2860/1860
f 1089/1901 745/71 613/1267
f 613/1267 3840/1894 1089/1901
f 829/1412 1152/1523 1090/998
f 720/1522 3262/1902 1090/998
f 748/1000 3519/1903 1091/1001
f 468/1380 579/1382 1091/1001
f 517/1651 823/639 1092/958
f 830/42 796/1639 1093/43
f 405/659 3656/451 1093/43
f 3406/1904 1190/1697 1094/1022
f 832/656 1190/1697 1095/1024
f 762/886 4130/885 3406/1904
f 931/613 1039/616 1096/1211
f 3670/560 1097/618 351/617
f 1039/616 546/1905 1202/675
f 546/1905 3353/1274 3701/1906
f 1108/1062 1098/1212 3343/609
f 1099/86 673/1430 3876/1148
f 448/1147 997/87 1099/86
f 437/1726 1156/1907 1100/1118
f 3300/1117 2340/1116 567/1165
f 3646/1362 3643/1169 3008/1424
f 1102/1081 554/1431 3314/1880
f 1103/1084 403/1126 952/1082
f 3836/1908 4053/1093 1104/1097
f 1105/1091 3943/1435 675/1243
f 836/1101 800/685 3035/1649
f 1107/1345 3178/1909 3193/1348
f 1108/1062 563/1061 3555/1356
f 417/1213 1098/1212 1108/1062
f 3589/1528 3748/1527 938/1839
f 575/937 3432/1910 1109/1112
f 723/1110 3432/1910 3384/722
f 722/716 831/715 1110/721
f 1111/697 3978/1727 3602/1260
f 573/1700 997/87 1112/1134
f 428/1137 4049/1027 1113/1144
f 677/1437 737/316 2518/1256
f 656/1788 910/739 1114/740
f 1114/740 678/738 3618/786
f 442/799 3930/795 1115/1152
f 450/1817 3080/743 3005/1779
f 584/1258 4120/1574 1116/792
f 2877/793 3060/1733 860/101
f 4171/1315 1168/1580 1117/1579
f 4141/1747 593/527 485/526
f 485/526 3805/1341 4141/1747
f 1200/1251 2863/1351 2730/1873
f 400/1352 1177/1662 1118/768
f 1181/1589 3211/1911 4021/1037
f 1119/100 409/99 3617/1912
f 659/1364 2525/1913 3617/1912
f 1120/1083 952/1082 2267/1914
f 749/1915 2272/1916 1120/1083
f 1121/1266 612/475 411/1265
f 411/1265 2489/592 1121/1266
f 525/45 3888/1235 1122/46
f 1122/46 671/530 2851/1444
f 2147/1222 1123/1109 2799/1108
f 3848/1917 838/691 1123/1109
f 3769/852 2973/1766 1124/1308
f 3417/1864 1124/1308 3993/1918
f 754/1311 4034/1160 1125/1312
f 921/1606 633/588 1126/1317
f 4022/1470 3885/385 697/903
f 876/1322 397/192 3186/195
f 750/434 1165/1565 1127/1333
f 1127/1333 759/988 857/1332
f 642/1585 3507/851 2614/850
f 399/406 2466/405 1128/904
f 1129/995 3000/1514 3275/1919
f 716/1056 902/676 1129/995
f 649/672 3297/626 903/1396
f 651/881 1071/880 1130/1463
f 489/1399 966/1540 3693/1464
f 412/1853 2457/1036 2556/1371
f 653/665 3260/1176 2720/1369
f 655/1656 806/1336 1132/1375
f 1132/1375 353/1335 2868/1920
f 655/1656 564/1106 2677/1105
f 680/1195 3166/1183 3046/1821
f 656/1788 1201/1833 1133/1379
f 487/1921 1135/1922 1134/1503
f 3916/875 2947/874 756/1207
f 1134/1503 1135/1922 657/876
f 2629/1079 1135/1922 487/1921
f 658/785 3870/1386 1136/1385
f 660/98 3364/349 2281/348
f 663/1890 1138/1395 1139/1394
f 777/1725 2520/1671 2149/384
f 677/1437 839/1568 1140/1436
f 682/1163 965/1438 1141/1234
f 458/1282 2810/1343 1141/1234
f 943/1194 1142/1819 586/1191
f 3820/1161 3363/756 1177/1662
f 400/1352 1200/1251 1143/1250
f 1144/1032 4128/1594 930/1465
f 696/633 1015/457 3808/456
f 385/444 891/443 2723/372
f 699/67 1030/549 1146/68
f 700/1123 726/459 3182/1886
f 446/736 3030/926 1147/1124
f 604/1227 1023/460 1148/1867
f 700/1123 505/1125 3711/1795
f 704/964 1086/521 1149/979
f 1150/1486 704/964 3077/963
f 1151/1512 715/1624 2527/1493
f 461/558 3195/557 1151/1512
f 720/1522 1090/998 1152/1523
f 1152/1523 529/1413 3004/1923
f 2393/1052 1153/1924 4086/1925
f 1153/1924 351/617 840/1042
f 535/1113 1032/1816 1154/577
f 3457/1926 3486/576 3984/575
f 3853/1885 3842/1358 3720/1529
f 444/686 898/627 1155/1530
f 725/1103 2855/1102 3935/1927
f 444/686 1155/1530 3853/1885
f 437/1726 900/1071 2706/1536
f 729/707 3262/1902 3288/1928
f 515/465 3860/779 1157/1478
f 730/1648 1189/1878 1157/1478
f 734/983 1087/985 1158/911
f 4092/1329 3366/1328 1158/911
f 4089/1929 2753/1930 1076/913
f 3339/1931 3574/914 774/304
f 735/865 3339/1931 1159/622
f 377/1891 2822/623 1159/622
f 717/1040 3423/1932 1160/1548
f 1160/1548 2704/1933 785/535
f 743/1447 3084/1196 1161/949
f 746/1637 926/1339 1162/1338
f 1162/1338 4000/1934 786/536
f 424/651 1196/165 1163/1563
f 503/1704 3920/1935 1164/701
f 1164/701 568/700 2758/1121
f 750/434 2776/1120 1165/1565
f 650/31 4034/1160 1166/1572
f 483/1439 2768/1546 3675/1159
f 4072/1936 1191/1732 1167/1575
f 632/1838 3168/1937 3641/1316
f 4171/1315 1117/1579 3878/1200
f 763/1002 2770/496 3572/1938
f 763/1002 3572/1938 1171/1003
f 516/1899 1083/957 1171/1003
f 766/77 2595/1939 1172/1225
f 4097/783 3327/1696 3687/784
f 774/304 871/298 1173/1601
f 481/302 959/1330 1173/1601
f 1174/1509 789/1508 3219/578
f 1174/1509 707/1940 2527/1493
f 794/878 3872/1941 3958/1633
f 1175/1642 3976/1881 584/1258
f 1175/1642 584/1258 3269/1182
f 1176/938 575/937 4113/1657
f 803/733 1052/735 1176/938
f 1177/1662 3363/756 805/1829
f 1118/768 1177/1662 805/1829
f 709/804 361/780 3431/782
f 3431/782 3702/1942 1178/943
f 1179/491 809/466 515/465
f 515/465 1082/1479 1179/491
f 813/300 1076/913 1180/308
f 376/307 181/306 2582/311
f 1181/1589 609/868 814/870
f 814/870 3211/1911 1181/1589
f 488/934 1080/936 1182/1354
f 492/363 393/996 1183/1679
f 1183/1679 3782/1756 968/1678
f 825/32 2521/986 1184/629
f 744/26 1054/752 1184/629
f 1185/1162 826/990 602/1240
f 2257/1524 1185/1162 602/1240
f 826/990 1185/1162 1186/1164
f 600/1233 960/1342 2533/1691
f 601/1009 830/42 384/40
f 838/691 3848/1917 1187/1218
f 4000/1934 641/1717 1188/1716
f 845/928 1079/930 1188/1716
f 849/1723 1034/1722 1189/1878
f 410/1538 1157/1478 1189/1878
f 850/580 1094/1022 1190/1697
f 4072/1936 2538/1313 1191/1732
f 858/1943 1070/1602 1191/1732
f 1192/171 471/1403 945/1740
f 447/764 916/873 1193/765
f 1194/250 880/1306 477/1944
f 3014/842 3368/836 122/837
f 1195/1945 3257/1946 364/520
f 912/164 1163/1563 1196/165
f 424/651 470/370 1196/165
f 3425/670 3834/669 3860/779
f 413/467 3702/1942 3425/670
f 1198/1173 926/449 746/1947
f 746/1947 982/1174 1198/1173
f 1199/614 931/613 419/678
f 419/678 2747/1705 1199/614
f 950/1252 1143/1250 1200/1251
f 400/1352 2863/1351 1200/1251
f 1201/1833 3167/1948 3882/1377
f 962/1149 1133/1379 1201/1833
f 1202/675 3701/1906 561/994
f 561/994 902/676 1202/675
f 2113/1480 1082/1479 3410/1896
f 893/1088 4074/586 2116/724
f 2116/724 3416/1811 2386/1949
f 3835/653 3392/1707 2118/654
f 827/1777 2118/654 3392/1707
f 1012/332 2452/331 2120/441
f 2153/445 2452/331 90/446
f 576/1049 599/70 2121/1711
f 2221/1950 703/1951 2122/902
f 536/471 426/470 3312/1491
f 2123/1492 426/470 2833/559
f 2675/1784 2285/379 2124/571
f 2163/1952 2285/379 3241/891
f 3769/852 3507/851 2129/1767
f 4136/1418 670/1417 2130/1898
f 670/1417 2265/814 2130/1898
f 2598/1953 371/1889 2145/236
f 2134/827 703/1951 2221/1950
f 2315/1954 3099/1955 2139/1025
f 1113/1144 2139/1025 3099/1955
f 490/73 2270/75 2141/82
f 2144/825 924/1956 3155/974
f 409/99 860/101 2146/1645
f 2146/1645 860/101 3060/1733
f 3151/1221 2458/1660 2147/1222
f 2458/1660 3151/1221 2881/1661
f 2605/413 637/1325 4131/294
f 959/1330 4131/294 2496/1327
f 2163/1952 3241/891 2148/1087
f 2148/1087 3241/891 2546/893
f 2149/384 4070/1404 777/1725
f 716/1056 2745/279 2150/1057
f 2150/1057 549/1694 2615/982
f 2151/1443 2771/1724 2862/1957
f 631/1158 2151/1443 2286/1958
f 619/169 994/64 2153/445
f 2120/441 2153/445 994/64
f 2853/485 791/1271 3798/486
f 3798/486 791/1271 2179/1272
f 93/1296 3642/1608 2159/1297
f 2159/1297 3642/1608 3076/1607
f 363/1085 1145/572 2163/1952
f 2124/571 2163/1952 1145/572
f 2164/1295 3049/1959 2457/1036
f 2316/723 537/1026 2116/724
f 7/3 158/6 2168/1
f 2326/968 415/1628 2171/969
f 888/1763 2171/969 2229/1960
f 2427/533 523/984 2172/534
f 2172/534 523/984 3059/862
f 3437/1505 712/1710 2345/1623
f 2310/1070 2621/1398 2175/642
f 2473/1961 3441/1962 4033/1765
f 692/838 4033/1765 3441/1962
f 2758/1121 801/1815 2177/1122
f 3602/1260 3978/1727 2177/1122
f 953/591 647/1466 2179/1272
f 136/262 137/1963 4014/410
f 4014/410 137/1963 2463/1964
f 963/1392 2363/820 2182/1965
f 3454/1870 3779/1835 2182/1965
f 3516/775 2188/450 2204/1476
f 2397/1189 4065/1966 2189/1185
f 3160/1820 944/1089 2189/1185
f 2212/1475 569/1474 2190/1803
f 2190/1803 569/1474 927/1171
f 3264/1703 2854/1542 2191/1132
f 2854/1542 3264/1703 2859/1541
f 3990/1967 844/1596 2534/550
f 2534/550 844/1596 2196/551
f 1083/957 2196/551 844/1596
f 570/762 911/761 2200/1968
f 2200/1968 911/761 2271/1969
f 1061/1549 738/815 2265/814
f 2188/450 569/1474 2204/1476
f 1175/1642 556/1090 2205/1882
f 556/1090 3160/1820 2205/1882
f 2755/547 2289/1622 2206/548
f 787/1076 2206/548 2289/1622
f 365/511 924/1956 2210/512
f 2144/825 2210/512 924/1956
f 3990/1967 2211/1970 3267/1603
f 2190/1803 906/76 2212/1475
f 2212/1475 906/76 3945/1785
f 419/678 1047/677 2218/1525
f 2218/1525 1047/677 3221/1619
f 2134/827 2221/1950 2217/1668
f 3990/1967 2224/1247 844/1596
f 2226/1971 2405/357 874/356
f 2310/1070 3751/641 714/693
f 1027/1869 2232/1801 3779/1835
f 365/511 2232/1801 924/1956
f 2229/1960 415/1628 2233/1743
f 2233/1743 415/1628 2984/1972
f 2463/1964 137/1963 3871/245
f 138/243 3871/245 137/1963
f 3533/1888 1066/1672 2236/1324
f 2229/1960 3498/186 4133/1502
f 4133/1502 3498/186 2539/188
f 798/1643 2244/744 2315/1954
f 2553/919 2365/1533 2246/702
f 2628/652 617/777 2247/57
f 36/51 2247/57 992/52
f 560/628 937/1098 2248/1973
f 2883/1974 2248/1973 2610/1796
f 2644/1757 3782/1756 4094/1782
f 654/1373 4094/1782 3782/1756
f 1092/958 802/1975 2251/1652
f 2200/1968 2251/1652 802/1975
f 2159/1297 2253/1448 624/1283
f 1101/1080 2254/1114 3008/1976
f 404/1706 2188/450 926/449
f 3510/698 3681/1566 2258/699
f 2254/1114 2258/699 3646/1977
f 2149/384 2520/1671 664/1670
f 498/247 918/905 2260/248
f 2262/419 3148/421 2307/864
f 412/1853 862/487 2263/1034
f 2263/1034 862/487 2838/1736
f 2934/1309 4086/1925 2264/714
f 4086/1925 3295/1128 2264/714
f 2202/816 491/1481 2265/814
f 2130/1898 2265/814 491/1481
f 154/18 2837/429 2266/19
f 554/1431 2861/1978 2267/1914
f 1120/1083 2267/1914 749/1915
f 42/1314 43/83 2270/75
f 2141/82 2270/75 43/83
f 2290/1979 2271/1969 2577/1792
f 2200/1968 2271/1969 2251/1652
f 2417/1750 3163/1749 2272/1916
f 439/1775 900/1071 2275/1758
f 795/647 2275/1758 900/1071
f 92/1284 2159/1297 624/1283
f 712/1710 3437/1505 2278/1641
f 2279/489 3462/152 864/1738
f 391/1739 2279/489 864/1738
f 3902/1778 2543/1588 2280/1854
f 64/1980 65/1390 2281/348
f 660/98 2281/348 65/1390
f 2124/571 2285/379 2163/1952
f 2151/1443 2862/1957 2286/1958
f 2286/1958 2862/1957 2538/1313
f 2254/1114 1101/1080 2288/1119
f 2288/1119 1101/1080 3624/1422
f 2289/1622 2755/547 3373/1981
f 2289/1622 3373/1981 3211/1911
f 3013/759 3057/1982 2293/908
f 3057/1982 4098/1798 2293/908
f 3024/181 119/399 2296/182
f 2296/182 119/399 2504/398
f 3847/1077 487/1921 2300/1215
f 1134/1503 2300/1215 487/1921
f 2825/727 663/1890 2305/728
f 1067/861 2305/728 663/1890
f 2262/419 2307/864 881/425
f 2310/1070 3108/1401 3207/1400
f 1064/1742 519/1741 2311/507
f 1084/972 2311/507 519/1741
f 2312/1874 2347/1708 3004/1923
f 2122/902 703/1951 2314/1469
f 2139/1025 2316/723 2315/1954
f 452/325 736/1157 2318/326
f 2841/288 2319/1983 2431/1831
f 2118/654 827/1777 2320/778
f 610/1038 3551/1984 2321/1039
f 606/48 2321/1039 3150/1827
f 3593/1800 2850/1985 2324/603
f 739/1550 2324/603 2850/1985
f 2326/968 2924/977 3809/601
f 2893/1206 2330/1667 819/1666
f 2300/1215 3116/1823 2333/1214
f 2334/149 2713/1554 3056/1555
f 2426/1472 2460/1986 2337/1467
f 1100/1118 1156/1907 2340/1116
f 2145/236 371/1889 2343/235
f 784/1304 2343/235 371/1889
f 3214/858 4092/1329 2348/525
f 1087/985 2348/525 4092/1329
f 1065/828 810/1406 2349/829
f 2349/829 810/1406 969/1483
f 2351/681 3153/289 2431/1831
f 2312/1874 595/767 2352/1836
f 2352/1836 595/767 2913/769
f 161/14 162/1987 3189/16
f 2318/326 3189/16 162/1987
f 104/1988 2960/217 4129/222
f 362/156 4125/158 2354/808
f 808/809 2354/808 4125/158
f 2579/1989 1036/1879 2360/1433
f 868/211 626/1302 2361/831
f 625/1320 2361/831 626/1302
f 451/5 1053/748 2168/1
f 1051/1990 568/700 2365/1533
f 1175/1642 3269/1182 2368/794
f 3612/1676 983/1473 2373/1482
f 1183/1679 2373/1482 983/1473
f 2360/1433 2375/598 648/553
f 2372/545 2829/1822 592/867
f 2271/1969 2290/1979 423/960
f 1030/549 2383/454 2426/1472
f 615/1420 3178/1909 2385/1713
f 2385/1713 3604/1991 3701/1906
f 2525/1913 659/1364 2386/1949
f 557/1096 2386/1949 659/1364
f 778/436 592/867 2390/1210
f 3494/1288 3512/1289 2395/801
f 1142/1819 2395/801 3512/1289
f 2554/1612 3532/1018 2396/997
f 2396/997 3532/1018 2797/1872
f 2113/1480 2209/811 4159/813
f 2189/1185 977/1184 2397/1189
f 539/948 2654/1992 2400/358
f 874/356 2400/358 3504/589
f 2212/1475 1148/1867 2204/1476
f 856/1393 1138/1395 2401/1552
f 2401/1552 1138/1395 2319/1983
f 2405/357 2226/1971 3727/1593
f 1144/1032 2405/357 4128/1594
f 359/719 922/947 2409/720
f 2409/720 922/947 574/1799
f 918/905 2410/1746 2260/248
f 2572/1131 572/1130 2411/1655
f 913/1653 2411/1655 572/1130
f 2266/19 684/435 2412/17
f 153/428 2412/17 3388/426
f 2414/1826 948/1230 2481/1521
f 457/1562 873/766 2417/1750
f 1193/765 2417/1750 873/766
f 3698/1993 848/1287 2422/111
f 2422/111 848/1287 2807/1721
f 3388/426 684/435 2423/22
f 778/436 2423/22 684/435
f 2310/1070 2424/882 2621/1398
f 897/625 2427/533 2615/982
f 34/41 35/1994 2428/39
f 957/402 636/1995 2430/846
f 2236/1324 2430/846 636/1995
f 2319/1983 663/1890 2431/1831
f 3576/1611 777/1725 2433/1609
f 4070/1404 2433/1609 777/1725
f 3700/1016 3957/564 2439/1017
f 3957/564 3700/1016 779/1695
f 2836/1818 3142/668 2441/1734
f 2146/1645 2441/1734 3142/668
f 77/1855 2444/160 3383/1856
f 1087/985 523/984 2445/624
f 897/625 2445/624 523/984
f 2196/551 3605/956 2446/552
f 3973/1996 2448/281 3963/1997
f 3061/1177 2987/1181 2449/462
f 89/333 90/446 2452/331
f 2120/441 2452/331 2153/445
f 877/504 3668/404 2455/1802
f 925/844 2455/1802 1016/403
f 782/505 877/504 2456/1751
f 2455/1802 2456/1751 877/504
f 2314/1469 967/193 2122/902
f 2164/1295 2457/1036 894/1035
f 3848/1917 1123/1109 2458/1660
f 2147/1222 2458/1660 1123/1109
f 2840/1620 526/1998 2459/1709
f 2459/1709 526/1998 3474/561
f 2383/454 460/453 2460/1986
f 806/1336 2460/1986 4082/1663
f 3079/788 3814/1832 2464/789
f 409/99 2464/789 3814/1832
f 3978/1727 3300/1117 2465/1999
f 666/1408 918/905 2466/405
f 1128/904 2466/405 918/905
f 873/766 457/1562 2467/330
f 912/164 2467/330 457/1562
f 2713/1554 3124/494 2468/1553
f 2468/1553 3124/494 4122/493
f 2149/384 664/1670 2469/382
f 4012/1681 2469/382 664/1670
f 2390/1210 2470/321 379/20
f 2272/1916 749/1915 2471/1793
f 1163/1563 2471/1793 3402/2000
f 1089/1901 3253/2001 2472/72
f 2414/1826 2472/72 3253/2001
f 2473/1961 522/843 3895/845
f 404/1706 4083/1170 927/1171
f 927/1171 569/1474 404/1706
f 1062/824 472/604 2476/1450
f 2476/1450 472/604 917/1551
f 3991/554 823/639 2477/555
f 2477/555 823/639 3159/638
f 672/1013 928/1012 2478/1805
f 826/990 669/989 2479/1241
f 3951/1166 2479/1241 567/1165
f 2480/1421 986/1714 607/1828
f 607/1828 951/1253 2481/1521
f 884/594 2740/500 3709/1755
f 624/1283 2501/167 619/169
f 648/553 3966/1688 2488/1499
f 2489/592 2179/1272 791/1271
f 868/211 2625/1455 2492/390
f 2492/390 691/1453 3039/1456
f 2349/829 703/1951 2134/827
f 374/1326 1019/424 2496/1327
f 638/1331 2496/1327 1019/424
f 688/176 2501/167 2253/1448
f 443/2002 3526/1644 2502/1242
f 4149/1094 835/1702 2502/1242
f 120/400 1066/1672 2504/398
f 2296/182 2504/398 3533/1888
f 2372/545 3289/1621 2829/1822
f 2829/1822 3289/1621 2660/1841
f 686/802 2395/801 1142/1819
f 799/1813 462/595 2507/952
f 730/1648 2507/952 2897/1537
f 2290/1979 3007/961 423/960
f 517/1651 2509/959 995/1687
f 476/234 3441/1962 2511/232
f 914/839 2511/232 2473/1961
f 3103/1255 3022/1279 2518/1256
f 3632/2003 2518/1256 3022/1279
f 852/1407 810/1406 2520/1671
f 810/1406 2695/1669 2520/1671
f 650/31 1041/1360 2521/986
f 2521/986 1041/1360 3065/630
f 3288/1928 3262/1902 2523/1414
f 720/1522 2523/1414 3262/1902
f 506/631 2524/455 3243/2004
f 2386/1949 3416/1811 2525/1913
f 2464/789 3142/668 2526/790
f 2123/1492 2527/1493 707/1940
f 2528/1232 3274/1231 2689/1445
f 1160/1548 785/535 2531/1547
f 2531/1547 785/535 2589/528
f 2258/699 676/1115 2532/696
f 1100/1118 2532/696 676/1115
f 600/1233 2533/1691 1186/1164
f 3990/1967 2534/550 2211/1970
f 3354/2005 2668/1389 2537/2006
f 2537/2006 708/1388 2631/1495
f 858/1943 1191/1732 2538/1313
f 2286/1958 2538/1313 4072/1936
f 4135/187 3342/1862 2539/188
f 2442/2007 2539/188 3657/1299
f 3243/2004 793/1631 2542/2008
f 2542/2008 793/1631 797/1632
f 770/1246 1005/147 2543/1588
f 2280/1854 2543/1588 1005/147
f 2148/1087 2546/893 3454/1870
f 3854/884 2621/1398 2424/882
f 1007/822 543/1629 2548/605
f 2324/603 2548/605 543/1629
f 356/1019 1031/954 2552/953
f 2553/919 3906/918 804/1658
f 908/745 2553/732 804/746
f 2396/997 828/565 2554/1612
f 533/1578 2554/1612 2968/1015
f 2720/1369 3260/1176 1131/1370
f 412/1853 2556/1371 1131/1370
f 496/189 3347/191 3885/385
f 2122/902 2561/386 2221/1950
f 3725/1275 544/615 2564/1046
f 545/1041 2564/1046 544/615
f 1/136 2567/133 53/360
f 3609/1494 2568/1387 3870/1386
f 2191/1132 2572/1131 3264/1703
f 2271/1969 911/761 2577/1792
f 456/1790 2577/1792 3074/1127
f 2360/1433 2488/1499 2579/1989
f 792/1625 2579/1989 4040/1626
f 3218/1731 855/1461 2581/942
f 942/1175 2581/942 855/1461
f 8/312 2582/311 181/306
f 3593/2009 824/2010 2585/1689
f 2585/1689 824/2010 3334/2011
f 3128/214 369/221 2586/215
f 3781/1300 2586/215 369/221
f 2589/528 785/535 2172/534
f 3798/486 2624/1807 2591/484
f 979/1614 2591/484 2624/1807
f 859/21 2592/323 454/29
f 2305/728 629/860 2593/729
f 479/276 2593/729 2883/1974
f 3405/2012 2833/559 2595/1939
f 3284/1591 2833/559 426/470
f 1074/892 1027/1869 2546/893
f 2145/236 3728/1865 2598/1953
f 3993/1918 2973/1766 2598/1953
f 2272/1916 2471/1793 2417/1750
f 145/175 146/1794 2602/173
f 2518/1256 737/316 2606/1257
f 2248/1973 937/1098 2610/1796
f 704/964 1149/979 2611/962
f 518/1484 2611/962 2664/978
f 399/406 1128/904 2614/850
f 642/1585 2614/850 1128/904
f 2615/982 2427/533 2704/1933
f 2150/1057 2615/982 2704/1933
f 2202/816 808/809 2209/811
f 489/1399 1071/880 2621/1398
f 2175/642 2621/1398 1071/880
f 390/951 514/950 2624/1807
f 979/1614 2624/1807 3560/1735
f 868/211 370/210 2625/1455
f 4078/207 2625/1455 370/210
f 1007/822 2548/605 472/604
f 701/587 2631/1495 708/1388
f 2144/825 2627/973 3257/1946
f 409/99 3814/1832 3617/1912
f 2118/654 617/777 2628/652
f 3150/1827 3551/1984 2629/1079
f 2270/75 1014/74 42/1314
f 2537/2006 2631/1495 4062/1376
f 430/140 3683/1368 2632/1730
f 1131/1370 3260/1176 2632/1730
f 669/989 759/988 2635/2013
f 1165/1565 2635/2013 759/988
f 4005/1193 4148/2014 2637/1686
f 1000/114 2637/1686 512/1868
f 3200/1557 3736/1050 2638/538
f 420/562 2638/538 3736/1050
f 1067/861 2800/1397 2784/2015
f 654/1373 1170/955 2642/1781
f 3572/1938 2770/496 2642/1781
f 2345/1623 712/1710 2643/1768
f 2459/1709 2643/1768 712/1710
f 3072/841 3417/1864 2646/1866
f 403/1126 1037/599 2647/1353
f 2244/744 3099/1955 2315/1954
f 2409/720 3101/1754 2650/718
f 690/397 368/1582 2652/1454
f 761/519 2652/1454 368/1582
f 142/231 1011/228 2653/229
f 692/838 2653/229 1011/228
f 539/948 922/947 2654/1992
f 359/719 2654/1992 922/947
f 2655/1513 4083/1170 842/1172
f 582/1776 2655/1513 842/1172
f 2657/1384 3886/2016 3333/1428
f 2330/1667 473/508 2659/971
f 1084/972 2659/971 473/508
f 591/1840 890/546 2660/1841
f 2330/1667 2659/971 2217/1668
f 2585/1689 518/1484 2664/978
f 2456/1751 2666/1485 782/505
f 2592/323 379/20 2470/321
f 3198/1429 3886/2016 2668/1389
f 2568/1387 2668/1389 3886/2016
f 470/370 963/1392 2670/1834
f 2182/1965 2670/1834 963/1392
f 3250/754 916/873 2673/755
f 3073/872 2592/323 2673/755
f 4096/1458 820/263 2679/260
f 2611/962 2666/1485 3077/963
f 2465/1999 669/989 2635/2013
f 3448/753 484/1535 2688/318
f 934/869 2688/318 484/1535
f 4048/2017 685/1419 2689/1445
f 607/1828 2689/1445 685/1419
f 2449/462 2905/2018 2691/797
f 3364/349 2705/1592 2691/797
f 2695/1669 810/1406 1065/828
f 367/1680 2695/1669 1065/828
f 2697/663 3495/1701 790/2019
f 530/1587 2213/1004 1171/1003
f 3871/245 3281/244 2701/1584
f 784/1304 2701/1584 3281/244
f 2147/1222 3506/2020 2702/1220
f 1079/930 2702/1220 3840/1894
f 1160/1548 3423/1932 2704/1933
f 2150/1057 2704/1933 3423/1932
f 2705/1592 3364/349 660/98
f 729/707 1156/1907 2706/1536
f 437/1726 2706/1536 1156/1907
f 3797/1897 1034/1722 2707/1293
f 623/1415 2707/1293 1034/1722
f 150/35 990/34 3534/705
f 447/764 3534/705 990/34
f 380/7 2711/9 853/749
f 2247/57 617/777 992/52
f 775/315 756/1207 2712/313
f 974/1489 2712/313 2947/874
f 2468/1553 809/466 2713/1554
f 360/492 2713/1554 809/466
f 2233/1743 2984/1972 519/1741
f 145/175 867/174 2719/378
f 365/511 2719/378 867/174
f 2556/1371 3049/1959 2720/1369
f 3587/667 2720/1369 3049/1959
f 3208/826 2721/179 2988/510
f 630/713 721/712 2722/1748
f 2218/1525 2722/1748 721/712
f 385/444 2723/372 3932/371
f 406/689 797/1632 2725/687
f 2725/687 797/1632 2976/1517
f 1162/1338 786/536 2726/1558
f 2726/1558 786/536 2961/774
f 3991/554 648/553 2375/598
f 2150/1057 3423/1932 2728/1055
f 647/1466 953/591 2729/1033
f 539/948 2729/1033 953/591
f 3915/1875 646/1350 2730/1873
f 1200/1251 2730/1873 646/1350
f 2733/976 2756/970 3263/1764
f 531/1010 843/1237 2735/1640
f 2459/1709 2735/1640 843/1237
f 109/396 475/204 108/206
f 1010/225 2739/212 110/395
f 2740/500 2752/499 968/1678
f 821/1199 1117/1579 2741/2021
f 533/1578 2741/2021 1117/1579
f 3930/795 442/799 2742/796
f 585/1789 2742/796 442/799
f 2743/859 733/1054 3491/2022
f 2448/281 3973/1996 2744/981
f 897/625 2744/981 3973/1996
f 2742/796 585/1789 944/1089
f 2448/281 549/1694 2745/279
f 1153/1924 840/1042 2747/1705
f 1132/1375 2868/1920 2749/1374
f 2749/1374 2868/1920 3042/1654
f 2373/1482 968/1678 2752/499
f 376/307 1076/913 2753/1930
f 735/865 2753/1930 4089/1929
f 2755/547 890/546 591/1840
f 657/876 2755/547 591/1840
f 2360/1433 648/553 2488/1499
f 821/1199 2741/2021 2762/2023
f 2762/2023 2741/2021 2439/1017
f 1085/570 887/1762 4023/516
f 4140/1141 449/1378 2763/1142
f 883/741 2763/1142 449/1378
f 2531/1547 2589/528 593/527
f 2501/167 624/1283 2253/1448
f 2763/1142 3101/1754 2765/1140
f 987/8 2768/1546 483/1439
f 2642/1781 2770/496 2873/1496
f 2165/1441 2771/1724 2151/1443
f 2537/2006 2668/1389 708/1388
f 3350/1310 164/2024 2772/1442
f 165/1440 2772/1442 164/2024
f 100/197 2774/387 3186/195
f 2177/1122 2635/2013 2776/1120
f 1165/1565 2776/1120 2635/2013
f 2781/198 2867/898 2314/1469
f 969/1483 2781/198 2314/1469
f 3991/554 1037/599 2782/1006
f 403/1126 2782/1006 1037/599
f 922/947 3452/590 574/1799
f 411/1265 4081/1264 574/1799
f 560/628 2248/1973 2784/2015
f 1067/861 2784/2015 629/860
f 3950/2025 781/347 2787/346
f 528/1372 747/364 2797/1872
f 2396/997 2797/1872 747/364
f 3833/1598 3995/1745 2798/899
f 115/900 2798/899 3822/203
f 1049/690 3253/2001 2799/1108
f 575/937 438/1074 3432/1910
f 3275/1919 3000/1514 2804/1515
f 2804/1515 3000/1514 3225/612
f 783/1618 3479/1617 395/2026
f 3318/1810 3792/2027 2805/1209
f 2805/1209 3792/2027 3270/1534
f 466/945 999/106 2807/1721
f 2422/111 2807/1721 999/106
f 2116/724 2386/1949 2809/725
f 2810/1343 618/1344 932/532
f 2312/1874 2352/1836 2347/1708
f 2150/1057 2745/279 549/1694
f 545/1041 1040/619 2814/1044
f 547/1043 2814/1044 1040/619
f 748/1000 603/148 2815/1245
f 1005/147 2815/1245 603/148
f 2816/1238 601/1009 3291/993
f 127/253 128/255 2820/254
f 377/1891 3366/1328 2822/623
f 2823/1411 3013/759 499/539
f 2351/681 2825/727 3345/278
f 2805/1209 2829/1822 890/546
f 974/1489 2660/1841 3289/1621
f 655/1656 2460/1986 806/1336
f 2552/953 2797/1872 3532/1018
f 2595/1939 2833/559 3284/1591
f 175/683 3153/289 2351/681
f 1051/922 2365/731 2834/920
f 2834/920 2365/731 2992/730
f 3976/1881 2835/1883 1044/1884
f 2441/1734 942/1175 2836/1818
f 583/664 2836/1818 942/1175
f 642/1585 4014/410 3287/1583
f 793/1631 2524/455 1015/457
f 154/18 155/1893 2837/429
f 1077/11 2837/429 155/1893
f 72/488 2838/1736 862/487
f 4033/1765 3875/833 2839/1871
f 2839/1871 3875/833 1029/522
f 4124/290 2991/1544 2841/288
f 2319/1983 2841/288 2991/1544
f 464/97 4052/96 2845/1849
f 116/901 771/1205 2798/899
f 531/1010 2278/1641 796/1639
f 2433/1609 471/1403 3076/1607
f 2762/2023 2439/1017 3430/1167
f 2585/1689 521/568 2850/1020
f 3121/1487 4048/2017 2851/1444
f 4048/2017 3121/1487 685/1419
f 3119/1323 876/1322 2774/387
f 1161/949 2853/485 2591/484
f 3715/1451 3328/1887 2854/1542
f 2191/1132 2854/1542 3328/1887
f 2855/1102 800/685 3451/684
f 800/685 2855/1102 3505/1650
f 63/2028 64/1980 2856/1286
f 2856/1286 64/1980 2281/348
f 441/65 1006/168 2859/1541
f 688/176 2859/1541 1006/168
f 166/987 1088/24 2860/1860
f 378/1359 2860/1860 1088/24
f 3402/2000 749/1915 2861/1978
f 2267/1914 2861/1978 749/1915
f 2771/1724 754/1311 2862/1957
f 754/1311 2771/1724 1166/1572
f 1118/768 595/767 2863/1351
f 2730/1873 2863/1351 595/767
f 2864/69 983/1473 3612/1676
f 97/200 98/2029 2867/898
f 2867/898 98/2029 3338/194
f 353/1335 837/1786 2868/1920
f 2411/1655 2868/1920 2572/1131
f 674/503 1036/1879 2869/501
f 2869/501 1036/1879 2579/1989
f 1119/100 2877/793 860/101
f 3029/543 402/866 2878/431
f 778/436 2878/431 402/866
f 446/736 354/734 2881/927
f 804/746 2881/927 354/734
f 2593/729 629/860 2883/1974
f 2248/1973 2883/1974 629/860
f 85/145 392/137 2886/143
f 134/264 820/263 2887/1728
f 854/1459 2887/1728 820/263
f 2897/1537 462/595 2888/1285
f 620/597 2888/1285 462/595
f 2891/1291 3487/2030 2888/1285
f 1008/509 473/508 2893/1206
f 2330/1667 2893/1206 473/508
f 84/144 2894/495 83/151
f 2895/1752 3281/244 3070/849
f 2896/1543 3365/1753 3491/2022
f 3052/1281 760/1774 919/906
f 455/907 919/906 760/1774
f 2897/1537 2888/1285 3487/2030
f 730/1648 2897/1537 3487/2030
f 2182/1965 2363/820 662/1086
f 2729/1033 2400/358 2405/357
f 548/1504 4076/709 2902/658
f 2121/1711 599/70 2903/1712
f 2414/1826 2903/1712 599/70
f 2449/462 2987/1181 2905/2018
f 2352/1836 2913/769 614/1217
f 407/1427 2933/1426 2915/1007
f 2915/1007 964/1073 552/1526
f 2401/1552 2916/1053 856/1393
f 2629/1079 693/1078 3150/1827
f 950/1252 3150/1827 693/1078
f 2202/816 738/815 2921/810
f 776/367 2921/810 738/815
f 3382/1858 366/1773 2924/977
f 895/602 2924/977 366/1773
f 2442/2007 395/2031 2929/1501
f 1101/1080 1078/924 3624/1422
f 2932/1423 1078/924 2944/1634
f 2915/1007 2933/1426 964/1073
f 2264/714 630/713 2934/1309
f 958/320 2934/1309 630/713
f 2205/1882 3976/1881 1175/1642
f 129/256 130/1863 2939/408
f 1018/409 2939/408 130/1863
f 2941/1263 3163/1749 1193/765
f 2511/232 3441/1962 2473/1961
f 3775/1848 551/1636 2944/1634
f 2932/1423 2944/1634 551/1636
f 3632/2003 752/763 2945/1569
f 570/762 2945/1569 752/763
f 657/876 591/1840 2947/874
f 974/1489 2947/874 591/1840
f 3072/841 1066/1672 2950/835
f 120/400 2950/835 1066/1672
f 2337/1467 1042/634 2426/1472
f 384/40 425/556 2951/1239
f 827/1693 2951/1239 2320/2032
f 675/1243 3309/146 2957/1244
f 2957/1244 603/148 679/999
f 1081/362 1178/943 3393/1497
f 413/467 2958/1498 3702/1942
f 2139/1025 2959/1143 537/1026
f 2960/217 104/1988 105/218
f 1009/220 2960/217 106/216
f 2961/774 3474/561 526/1998
f 2726/1558 2961/774 526/1998
f 768/113 60/2033 2965/118
f 61/1595 2965/118 60/2033
f 2470/321 3792/2027 2966/322
f 705/63 993/62 2967/1047
f 671/530 2967/1047 993/62
f 2439/1017 2741/2021 2968/1015
f 533/1578 2968/1015 2741/2021
f 4033/1765 2969/1457 3875/833
f 2409/720 2765/1140 3101/1754
f 2129/1767 371/1889 2973/1766
f 2973/1766 371/1889 2598/1953
f 2749/1374 2976/1517 564/1106
f 3393/1497 4122/493 2886/143
f 2236/1324 636/1995 2977/2034
f 2977/2034 636/1995 4114/2035
f 2347/1708 1185/1162 2257/1524
f 2390/1210 379/20 2423/22
f 2244/744 798/1643 2980/742
f 578/1154 2980/742 798/1643
f 2973/1766 3993/1918 1124/1308
f 2725/687 718/1516 2983/894
f 1125/1312 858/1943 2538/1313
f 4012/1681 519/1741 2984/1972
f 3664/1188 3536/2036 2987/1181
f 2905/2018 2987/1181 3536/2036
f 2210/512 3208/826 2988/510
f 2542/2008 797/1632 406/689
f 2896/1543 733/1054 2991/1544
f 2401/1552 2991/1544 733/1054
f 2992/730 3734/1507 3970/1814
f 2834/920 2992/730 3970/1814
f 2538/1313 2862/1957 754/1311
f 1107/1345 645/1410 3000/1514
f 3000/1514 645/1410 3828/1409
f 3445/1432 555/818 3003/650
f 2363/820 3003/650 555/818
f 529/1413 3915/1875 3004/1923
f 2312/1874 3004/1923 3915/1875
f 578/1154 4045/1156 3005/1779
f 450/1817 3005/1779 3242/1876
f 3155/974 924/1956 2232/1801
f 2290/1979 439/1775 3007/961
f 2275/1758 3007/961 439/1775
f 1126/1317 2654/1992 359/719
f 672/925 1101/1080 3008/1976
f 4152/1402 3053/1877 3010/1675
f 2148/1087 363/1085 2163/1952
f 3013/759 2823/1411 3057/1982
f 123/251 1194/250 3014/842
f 477/1944 3014/842 1194/250
f 1144/1032 647/1466 2729/1033
f 2567/133 54/134 3021/131
f 1020/1571 752/763 3022/1279
f 3632/2003 3022/1279 752/763
f 3024/181 3031/180 395/2026
f 683/437 1022/439 3026/1847
f 451/5 3026/1847 1022/439
f 2878/431 741/430 3029/543
f 988/438 3029/543 741/430
f 2881/1661 3151/1221 3030/2037
f 1147/1124 3030/926 946/1268
f 1164/701 2758/1121 3603/1564
f 2937/392 626/1302 2492/390
f 2296/182 2977/2034 3031/180
f 783/1618 3031/180 2977/2034
f 4136/1418 894/1035 3032/1416
f 525/45 3852/47 3033/1334
f 3033/1334 3852/47 3274/1231
f 3726/2038 1106/1099 3035/1649
f 836/1101 3035/1649 1106/1099
f 687/125 743/1447 1161/949
f 2315/1954 3346/2039 3038/1699
f 558/1698 3038/1699 3346/2039
f 761/519 1028/391 3039/1456
f 2492/390 3039/1456 1028/391
f 609/868 976/1590 3040/1842
f 616/1570 3040/1842 976/1590
f 4041/1366 3304/1292 3041/1770
f 2697/663 3041/1770 429/661
f 913/1653 718/1516 3042/1654
f 2749/1374 3042/1654 718/1516
f 2349/829 2314/1469 703/1951
f 656/1788 1133/1379 3046/1821
f 680/1195 3046/1821 1133/1379
f 4133/1502 888/1763 2229/1960
f 530/1587 2224/1247 770/1246
f 3602/1260 801/1815 3047/1261
f 2164/1295 955/1294 3049/1959
f 3587/667 3049/1959 955/1294
f 2646/1866 628/848 811/847
f 618/1344 3052/1281 919/906
f 4152/1402 3457/1926 3053/1877
f 3053/1877 3457/1926 3984/575
f 2334/149 3056/1555 3744/1597
f 2823/1411 645/1410 3057/1982
f 667/1347 3057/1982 645/1410
f 734/983 3059/862 523/984
f 465/1179 463/1178 3060/1733
f 2146/1645 3060/1733 463/1178
f 3061/1177 465/1179 2987/1181
f 542/1627 3998/600 2469/382
f 936/596 799/1813 4035/1647
f 138/243 139/1599 3070/849
f 2895/1752 3070/849 879/239
f 2646/1866 811/847 3072/841
f 1066/1672 3072/841 811/847
f 2673/755 916/873 3073/872
f 2577/1792 911/761 3074/1127
f 376/307 2582/311 1180/308
f 2455/1802 925/844 3077/963
f 1150/1486 3077/963 925/844
f 1055/757 417/1213 3078/607
f 2835/1883 2205/1882 4065/1966
f 450/1817 940/1560 3080/743
f 3981/1135 3080/743 940/1560
f 622/115 3348/132 3082/1290
f 1026/129 3082/1290 3021/131
f 2151/1443 2772/1442 2165/1441
f 658/785 1136/1385 3083/1226
f 598/78 3083/1226 3233/1895
f 1000/114 512/1868 3084/1196
f 448/1147 3087/1146 3169/787
f 859/21 454/29 3831/28
f 990/34 3089/30 3073/872
f 464/97 44/84 3091/95
f 45/1851 3091/95 44/84
f 2770/496 559/498 2873/1496
f 398/506 886/2040 3479/1617
f 647/1466 930/1465 3095/1808
f 390/951 3095/1808 930/1465
f 2820/254 2939/408 2260/248
f 1008/509 1064/1742 2311/507
f 3981/1135 428/1137 3099/1955
f 1113/1144 3099/1955 428/1137
f 2763/1142 883/741 3101/1754
f 3101/1754 883/741 513/478
f 578/1154 443/2002 3102/1155
f 2957/1244 3102/1155 443/2002
f 3040/1842 3103/1255 609/868
f 2310/1070 714/693 3108/1401
f 3108/1401 714/693 3697/695
f 2881/1661 804/1658 596/1659
f 3110/1153 679/999 3712/1229
f 3412/737 833/1028 3112/1133
f 3112/1133 833/1028 4049/1027
f 395/2026 3031/180 783/1618
f 2625/1455 4078/207 3114/209
f 3763/643 742/939 3115/458
f 1176/938 3115/458 742/939
f 858/1943 1125/1312 3116/1823
f 594/1824 3116/1823 1125/1312
f 3118/327 3772/340 3755/339
f 2774/387 635/213 3119/1323
f 3781/1300 3119/1323 635/213
f 2851/1444 993/62 3121/1487
f 615/1420 3121/1487 3635/61
f 2334/149 83/151 3124/494
f 2894/495 3124/494 83/151
f 4156/162 362/156 2921/810
f 2300/1215 580/1208 3116/1823
f 3128/214 635/213 102/393
f 103/394 3128/214 102/393
f 914/839 773/1303 3133/840
f 2145/236 3133/840 773/1303
f 2324/603 917/1551 472/604
f 44/84 464/97 2141/82
f 91/447 619/169 2153/445
f 867/174 470/370 885/1760
f 2670/1834 885/1760 470/370
f 899/49 3229/2041 3146/50
f 2321/1039 3146/50 4021/1037
f 179/420 3148/421 2262/419
f 3010/1675 3053/1877 3242/1876
f 87/341 3772/340 3149/1737
f 2321/1039 3551/1984 3150/1827
f 3151/1221 2702/1220 946/929
f 3030/2037 3151/1221 946/929
f 175/683 176/418 3153/289
f 1149/979 887/1762 3154/569
f 1085/570 3154/569 887/1762
f 2144/825 3155/974 520/517
f 3128/214 4129/222 369/221
f 2957/1244 443/2002 2502/1242
f 1013/1861 947/1825 3157/1224
f 532/442 3157/1224 947/1825
f 794/878 414/877 3159/638
f 2477/555 3159/638 3966/1688
f 2189/1185 4065/1966 3160/1820
f 2205/1882 3160/1820 4065/1966
f 95/897 96/199 3162/183
f 2941/1263 1140/1436 3163/1749
f 4031/1262 3163/1749 1140/1436
f 2719/378 3266/178 144/377
f 2747/1705 2218/1525 3295/1128
f 3165/1048 2967/1047 932/532
f 618/1344 3165/1048 932/532
f 2189/1185 944/1089 3166/1183
f 3087/1146 3167/1948 3618/786
f 632/1838 1056/1837 3168/1937
f 678/738 1112/1134 3169/787
f 3169/787 1112/1134 448/1147
f 2726/1558 526/1998 2840/1620
f 2278/1641 2735/1640 712/1710
f 3635/61 418/1346 3178/1909
f 446/736 1147/1124 3182/1886
f 700/1123 3182/1886 1147/1124
f 610/1038 4021/1037 3211/1911
f 3659/2042 3347/191 3188/1683
f 3645/1744 3188/1683 665/190
f 2318/326 736/1157 3189/16
f 2768/1546 3189/16 736/1157
f 2360/1433 1036/1879 352/1434
f 1102/1081 352/1434 1036/1879
f 2337/1467 2460/1986 655/1656
f 667/1347 645/1410 3193/1348
f 1107/1345 3193/1348 645/1410
f 2869/501 2579/1989 792/1625
f 2833/559 3405/2012 3195/557
f 2113/1480 2130/1898 491/1481
f 2679/260 4014/410 372/1586
f 2526/790 3142/668 901/666
f 2668/1389 3354/2005 3198/1429
f 3198/1429 3354/2005 3876/1148
f 55/135 1026/129 3021/131
f 2638/538 608/537 3200/1557
f 745/71 3200/1557 608/537
f 2511/232 3133/840 3704/233
f 58/1446 3205/351 1002/124
f 2144/825 3257/1946 3208/826
f 1195/1945 3208/826 3257/1946
f 2289/1622 3211/1911 814/870
f 3357/636 751/2043 3212/637
f 3559/1069 3212/637 3813/1067
f 1005/147 3309/146 675/1243
f 1105/1091 675/1243 835/1702
f 2781/198 969/1483 3162/183
f 2247/57 355/56 2628/652
f 2459/1709 843/1237 2840/1620
f 4156/162 2921/810 776/367
f 2271/1969 423/960 2251/1652
f 2348/525 740/524 3214/858
f 3798/486 3095/1808 2624/1807
f 694/344 3746/941 3218/1731
f 2632/1730 3218/1731 430/140
f 850/580 707/1940 3219/578
f 3383/1856 776/367 4118/366
f 469/154 4118/366 3631/365
f 992/52 425/2044 2428/54
f 2531/1547 593/527 3221/1619
f 2218/1525 3221/1619 2722/1748
f 2221/1950 3659/2042 2217/1668
f 2804/1515 3225/612 527/415
f 3568/1809 825/32 3226/1690
f 1184/629 3226/1690 825/32
f 765/1719 976/1590 3229/2041
f 1181/1589 3229/2041 976/1590
f 628/848 957/402 2430/846
f 815/879 3157/1674 3661/2045
f 2123/1492 2833/559 461/558
f 2657/1384 407/1427 3233/1895
f 3233/1895 407/1427 3240/1008
f 982/1638 973/1559 3237/992
f 2840/1620 3237/992 973/1559
f 1041/1360 1088/24 3239/1900
f 524/23 3239/1900 1088/24
f 3233/1895 3240/1008 598/78
f 3242/1876 3005/1779 4045/1156
f 3010/1675 3242/1876 4045/1156
f 2542/931 822/933 3243/2046
f 506/935 3243/2046 822/933
f 3250/754 3448/753 486/317
f 790/2019 892/1769 2697/663
f 3026/1847 853/749 2711/9
f 2414/1826 3253/2001 948/1230
f 358/1319 781/347 3254/1318
f 3254/1318 781/347 3950/2025
f 32/452 33/2047 3255/44
f 893/1088 537/1026 3256/1151
f 3256/1151 537/1026 2959/1143
f 887/1762 1086/521 3257/1946
f 364/520 3257/1946 1086/521
f 2688/318 934/869 2606/1257
f 583/664 855/1461 3260/1176
f 2632/1730 3260/1176 855/1461
f 2944/1634 1078/924 3261/1072
f 729/707 382/706 3262/1902
f 1090/998 3262/1902 382/706
f 3004/1923 2347/1708 2257/1524
f 753/711 571/1051 2934/1309
f 888/1763 3094/515 3263/1764
f 2733/976 3263/1764 886/514
f 3264/1703 2572/1131 837/1786
f 441/65 3264/1703 837/1786
f 2263/1034 2457/1036 412/1853
f 3266/178 869/177 143/832
f 144/377 3266/178 143/832
f 1056/1837 1072/883 3267/1603
f 468/1380 3267/1603 1072/883
f 2390/1210 592/867 3270/1534
f 2805/1209 3270/1534 2829/1822
f 2257/1524 602/1240 720/1522
f 2200/1968 802/1975 2782/1006
f 2878/431 2266/19 2837/429
f 3534/705 873/766 3272/58
f 2467/330 3272/58 873/766
f 3274/1231 948/1230 719/692
f 3033/1334 3274/1231 719/692
f 3275/1919 2745/279 716/1056
f 1129/995 3275/1919 716/1056
f 2742/796 556/1090 2368/794
f 1103/1084 839/1568 3280/1005
f 3186/195 2774/387 876/1322
f 2921/810 362/156 2354/808
f 3281/244 2895/1752 772/1305
f 784/1304 3281/244 772/1305
f 3282/373 3957/564 779/1695
f 1042/634 3282/373 779/1695
f 2799/1108 3253/2001 3506/2020
f 3284/1591 4097/783 1172/1225
f 2595/1939 3284/1591 1172/1225
f 3257/1946 2627/973 887/1762
f 642/1585 3287/1583 3507/851
f 3288/1928 1156/1907 729/707
f 2372/545 502/544 3289/1621
f 706/916 3289/1621 502/544
f 2816/1238 3291/993 3237/992
f 3256/1151 2959/1143 727/1029
f 3295/1128 4086/1925 1153/1924
f 2747/1705 3295/1128 1153/1924
f 2784/2015 2800/1397 3297/626
f 3872/1941 794/878 3299/640
f 3159/638 3299/640 794/878
f 1111/697 2532/696 3300/1117
f 1100/1118 3300/1117 2532/696
f 133/265 134/264 3302/266
f 2887/1728 3302/266 134/264
f 1045/1367 849/1723 3304/1292
f 2891/1291 3304/1292 849/1723
f 2564/1046 545/1041 2814/1044
f 2521/986 3065/630 1184/629
f 2765/1140 574/1799 3308/102
f 4081/1264 3800/474 3308/102
f 2123/1492 707/1940 3312/1491
f 850/580 3312/1491 707/1940
f 1038/1065 3343/609 3313/1066
f 1098/1212 3313/1066 3343/609
f 2652/1454 761/519 3039/1456
f 1141/1234 965/1438 458/1282
f 2267/1914 952/1082 3314/1880
f 2647/1353 3314/1880 952/1082
f 2743/859 2822/623 3214/858
f 131/411 132/2048 3316/412
f 3705/267 3302/266 3316/412
f 991/38 4076/709 2754/36
f 3318/1810 2805/1209 787/1076
f 412/1853 1004/1852 862/487
f 567/1165 2479/1241 669/989
f 2465/1999 567/1165 669/989
f 538/353 875/355 3326/468
f 510/944 3326/468 875/355
f 2856/1286 2281/348 1137/350
f 511/472 3327/1696 4097/783
f 572/1130 2191/1132 3328/1887
f 3765/1204 590/1452 3332/1203
f 590/1452 1063/1772 3332/1203
f 2933/1426 3333/1428 673/1430
f 824/2010 416/2049 3334/2011
f 4063/1615 518/1484 3334/2011
f 594/1824 1038/1065 2333/1214
f 2752/499 3118/327 818/329
f 2410/1746 373/252 2260/248
f 150/35 151/2050 3089/30
f 3205/351 3527/112 3394/1556
f 99/196 3338/194 98/2029
f 4039/1892 377/1891 3339/1931
f 1159/622 3339/1931 377/1891
f 2673/755 2592/323 2966/322
f 771/1205 116/901 3342/1862
f 117/1298 3342/1862 116/901
f 3313/1066 1098/1212 3524/2051
f 4098/1798 3057/1982 667/1347
f 2809/725 935/1095 3346/2039
f 588/1198 791/1271 2853/485
f 3041/1770 892/1769 3079/788
f 2561/386 3347/191 3659/2042
f 3865/117 52/2052 3348/132
f 53/360 3348/132 52/2052
f 3954/1471 1042/634 779/1695
f 781/347 4052/96 3349/345
f 45/1851 3349/345 3091/95
f 452/325 163/324 3350/1310
f 164/2024 3350/1310 163/324
f 499/539 4166/758 724/726
f 1048/1531 3351/909 3684/1532
f 2385/1713 3353/1274 986/1714
f 2537/2006 3167/1948 3354/2005
f 3087/1146 3354/2005 3167/1948
f 2279/489 2838/1736 73/490
f 504/12 156/15 3359/747
f 157/2 3359/747 156/15
f 2867/898 3338/194 967/193
f 3363/756 3078/607 3716/606
f 3004/1923 2257/1524 1152/1523
f 2691/797 3752/2053 3364/349
f 1137/350 3364/349 3752/2053
f 177/292 3846/291 375/417
f 3366/1328 377/1891 1075/912
f 1158/911 3366/1328 1075/912
f 2190/1803 3405/2012 906/76
f 3368/836 3014/842 477/1944
f 453/271 169/750 3369/269
f 170/1859 3369/269 169/750
f 934/869 3318/1810 787/1076
f 657/876 1135/1922 3373/1981
f 610/1038 3373/1981 1135/1922
f 3308/102 661/104 2765/1140
f 3378/1545 3491/2022 3365/1753
f 881/425 3378/1545 3365/1753
f 2924/977 980/1630 3382/1858
f 1007/822 3382/1858 980/1630
f 3992/1197 512/1868 4148/2014
f 2637/1686 4148/2014 512/1868
f 4118/366 76/2054 3383/1856
f 77/1855 3383/1856 76/2054
f 1174/1509 3219/578 707/1940
f 949/1248 3384/722 2438/1075
f 433/674 2728/1055 3423/1932
f 1052/735 3182/1886 726/459
f 581/1014 975/806 3387/1576
f 757/1201 3387/1576 975/806
f 3388/426 2412/17 684/435
f 3574/914 4089/1929 1076/913
f 3392/1707 3835/653 3979/1511
f 582/1776 3392/1707 2655/1513
f 2886/143 1081/362 3393/1497
f 2383/454 2460/1986 2426/1472
f 3205/351 3394/1556 743/1447
f 3963/1997 3614/2055 3396/1060
f 421/680 3396/1060 3614/2055
f 517/1651 3299/640 823/639
f 897/625 3973/1996 3398/523
f 978/1600 3398/523 3973/1996
f 1102/1081 3314/1880 352/1434
f 4151/334 3255/44 33/2047
f 1023/460 507/644 3115/458
f 2147/1222 2799/1108 3506/2020
f 899/49 847/1720 765/1719
f 2861/1978 865/649 3402/2000
f 1163/1563 3402/2000 865/649
f 435/1107 2976/1517 797/1632
f 4160/227 2969/1457 1011/228
f 2595/1939 766/77 3405/2012
f 906/76 3405/2012 766/77
f 2787/346 3349/345 46/483
f 2713/1554 2334/149 3124/494
f 1073/1850 1095/1024 4130/885
f 1190/1697 3406/1904 1095/1024
f 878/407 666/1408 2466/405
f 1034/1722 3797/1897 3410/1896
f 2113/1480 3410/1896 3797/1897
f 3412/737 1112/1134 678/738
f 731/791 1119/100 3416/1811
f 2525/1913 3416/1811 1119/100
f 3368/836 477/1944 3417/1864
f 880/1306 3417/1864 477/1944
f 439/1775 2290/1979 3903/708
f 668/915 728/760 3786/1791
f 717/1040 1096/1211 3423/1932
f 433/674 3423/1932 1096/1211
f 651/881 1130/1463 3424/1168
f 732/1462 3424/1168 1130/1463
f 515/465 413/467 3425/670
f 1197/671 3425/670 3702/1942
f 920/917 483/1439 970/1490
f 1167/1575 3428/314 483/1439
f 847/1720 501/1349 3429/1277
f 3429/1277 501/1349 829/1412
f 532/442 3722/1684 3430/1167
f 2762/2023 3430/1167 3975/1202
f 709/804 3431/782 1178/943
f 2534/550 3168/1937 2211/1970
f 3435/688 2725/687 3799/895
f 2675/1784 3435/1844 3799/1783
f 450/1817 3053/1877 1032/1816
f 2345/1623 548/1504 3437/1505
f 2278/1641 3437/1505 4064/657
f 2581/942 694/344 3218/1731
f 3438/1519 3947/1518 917/1551
f 739/1550 3438/1519 917/1551
f 2492/390 2625/1455 691/1453
f 476/234 1017/238 3441/1962
f 692/838 3441/1962 1017/238
f 1164/701 3920/1935 2246/702
f 2977/2034 4114/2035 783/1618
f 984/773 383/440 3444/771
f 3444/771 383/440 3841/66
f 3003/650 865/649 3445/1432
f 3445/1432 865/649 2861/1978
f 2478/923 459/2056 3261/1072
f 2688/318 486/317 3448/753
f 585/1789 3046/1821 944/1089
f 3451/684 3853/1885 3935/1927
f 2855/1102 3451/684 3935/1927
f 2171/969 415/1628 2229/1960
f 574/1799 3452/590 411/1265
f 170/1859 3453/319 3369/269
f 2182/1965 662/1086 3454/1870
f 2148/1087 3454/1870 662/1086
f 2524/455 793/1631 3243/2004
f 4152/1402 3108/1401 3457/1926
f 905/703 3457/1926 3108/1401
f 165/1440 2860/1860 2165/1441
f 2564/1046 401/1045 3459/1254
f 74/155 3462/152 2279/489
f 518/1484 4063/1615 2666/1485
f 129/256 2939/408 2820/254
f 58/1446 1002/124 3468/123
f 801/1815 568/700 1051/1990
f 3047/1261 801/1815 1051/1990
f 3041/1770 3304/1292 429/661
f 3474/561 3670/560 2643/1768
f 2459/1709 3474/561 2643/1768
f 62/107 63/2028 3475/105
f 3094/515 2929/1501 3479/513
f 395/2026 3479/1617 2929/2057
f 3193/1348 3178/1909 418/1346
f 1031/954 516/1899 1170/955
f 3332/1203 366/1773 3482/1857
f 1007/822 3482/1857 3382/1858
f 410/1538 3410/1896 1082/1479
f 3457/1926 905/703 3486/576
f 566/704 3486/576 905/703
f 2891/1291 849/1723 3487/2030
f 1189/1878 3487/2030 849/1723
f 3491/2022 3378/1545 713/621
f 2743/859 3491/2022 713/621
f 2845/1849 3630/1605 4100/1604
f 163/324 2318/326 162/1987
f 3494/1288 848/1287 3698/1993
f 3492/1187 3494/1288 3698/1993
f 834/662 3111/79 3495/1701
f 2229/1960 2233/1743 3498/186
f 4135/187 3498/186 1064/1742
f 465/1179 2877/793 1116/792
f 2400/358 2654/1992 3504/589
f 3936/1228 598/78 3240/1008
f 2855/1102 3662/1104 3505/1650
f 3505/1650 3662/1104 3226/1690
f 1085/570 788/975 521/568
f 2850/1020 521/568 788/975
f 3253/2001 1089/1901 3506/2020
f 1089/1901 3840/1894 3506/2020
f 3287/1583 784/1304 3507/851
f 2129/1767 3507/851 784/1304
f 1105/1091 835/1702 3508/1092
f 3508/1092 835/1702 4053/1093
f 857/1332 759/988 3509/1692
f 826/990 3509/1692 759/988
f 394/1468 3869/502 2869/501
f 764/1573 1044/1884 3789/1186
f 1142/1819 3512/1289 1044/1884
f 845/1269 3516/775 505/1125
f 3990/1967 3267/1603 3519/1903
f 1091/1001 3519/1903 3267/1603
f 3995/1745 3833/1598 3523/1682
f 819/1666 3523/1682 2893/1206
f 3524/2051 3820/1161 3680/1249
f 3313/1066 3524/2051 3680/1249
f 2502/1242 3526/1644 558/1698
f 59/352 60/2033 3527/112
f 768/113 3527/112 60/2033
f 398/506 3528/1616 886/2040
f 3531/610 3343/609 1038/1065
f 594/1824 3531/610 1038/1065
f 2807/1721 848/1287 1059/803
f 533/1578 1168/1580 3532/1018
f 356/1019 3532/1018 1168/1580
f 2236/1324 2977/2034 3533/1888
f 2296/182 3533/1888 2977/2034
f 3272/58 149/60 3534/705
f 3492/1187 3752/2053 3536/2036
f 2905/2018 3536/2036 3752/2053
f 3328/1887 1062/824 572/1130
f 578/1154 3526/1644 443/2002
f 735/865 2307/864 2753/1930
f 3047/2058 3813/1067 3543/2059
f 3326/468 3544/477 389/1806
f 2845/1849 4100/1604 4127/91
f 3038/1699 3526/1644 798/1643
f 610/1038 1135/1922 3551/1984
f 2629/1079 3551/1984 1135/1922
f 422/1100 3453/319 915/542
f 2253/1448 471/1403 1192/171
f 3035/1649 3505/1650 562/751
f 3555/1356 4028/1270 417/1213
f 1108/1062 3555/1356 417/1213
f 2753/1930 3148/421 376/307
f 436/694 714/693 3559/1069
f 3559/1069 714/693 3751/641
f 2465/1999 3300/1117 567/1165
f 2528/1232 607/1828 2481/1521
f 3495/1701 3508/1092 3836/1908
f 2624/1807 514/950 3560/1735
f 447/764 990/34 3073/872
f 1025/479 389/1806 3544/477
f 2615/982 549/1694 2744/981
f 2315/1954 2316/723 3346/2039
f 3682/469 389/1806 3565/482
f 1025/479 3565/482 389/1806
f 639/1236 846/1273 3566/432
f 565/1219 3566/432 846/1273
f 3226/1690 3662/1104 3568/1809
f 933/1063 3568/1809 3662/1104
f 2247/57 37/1280 3569/55
f 38/581 3569/55 37/1280
f 140/237 141/230 3571/401
f 3571/401 141/230 2653/229
f 2642/1781 1170/955 3572/1938
f 3572/1938 1170/955 516/1899
f 3574/914 813/300 482/299
f 774/304 3574/914 482/299
f 2433/1609 3642/1608 3576/1611
f 527/415 421/680 3578/280
f 3614/2055 3578/280 421/680
f 2951/1239 3291/993 601/1009
f 992/52 2320/778 425/2044
f 3314/1880 554/1431 2267/1914
f 723/1110 3384/722 1110/721
f 953/591 3452/590 539/948
f 901/666 3587/667 3892/1780
f 445/1145 3589/1528 938/1839
f 469/154 3631/365 1061/1549
f 864/1738 469/154 1061/1549
f 2957/1244 3309/146 603/148
f 2171/969 3263/1764 2756/970
f 2260/248 2939/408 3591/246
f 2324/603 543/1629 3593/1800
f 107/219 1009/220 106/216
f 3154/569 521/568 2664/978
f 360/492 3918/887 3056/1555
f 3897/1665 3918/887 817/812
f 2679/260 372/1586 4096/1458
f 642/1585 4096/1458 372/1586
f 2164/1295 540/1771 2707/1293
f 2804/1515 2745/279 3275/1919
f 1111/697 3602/1260 3866/1259
f 1196/165 2602/173 146/1794
f 3603/1564 2758/1121 2776/1120
f 750/434 3603/1564 2776/1120
f 1197/671 3431/782 807/781
f 3178/1909 1107/1345 3604/1991
f 561/994 3604/1991 1107/1345
f 3082/1290 1026/129 3560/1735
f 861/130 3560/1735 1026/129
f 1083/957 1031/954 3605/956
f 356/1019 3605/956 1031/954
f 717/1040 3606/679 1096/1211
f 3298/1030 3609/1494 3687/784
f 2373/1482 818/329 3612/1676
f 80/157 3613/369 4125/158
f 3188/1683 3645/1744 3523/1682
f 2448/281 3578/280 3614/2055
f 3726/2038 1054/752 3615/270
f 453/271 3615/270 1054/752
f 1119/100 3617/1912 2525/1913
f 2509/959 3824/1759 995/1687
f 2285/379 493/381 3241/891
f 687/125 1003/126 3468/123
f 4131/294 637/1325 2496/1327
f 2263/1034 2838/1736 391/1739
f 3167/1948 1201/1833 3618/786
f 1114/740 3618/786 1201/1833
f 2293/908 3165/1048 919/906
f 1108/1062 3343/609 681/611
f 3624/1422 2932/1423 553/646
f 2288/1119 3624/1422 553/646
f 550/33 3568/1809 933/1063
f 3089/30 454/29 3073/872
f 2787/346 3629/108 3950/2025
f 358/1319 921/1606 3630/1605
f 3098/1031 3630/1605 921/1606
f 776/367 738/815 3631/365
f 1061/1549 3631/365 738/815
f 2945/1569 839/1568 3632/2003
f 677/1437 3632/2003 839/1568
f 3102/1155 679/999 3110/1153
f 582/991 3291/993 827/1693
f 2423/22 859/21 3388/426
f 705/63 418/1346 3635/61
f 745/71 1089/1901 2472/72
f 680/1195 3639/1391 977/1184
f 2489/592 411/1265 3452/590
f 1102/1081 555/818 3445/1432
f 4171/1315 1169/1581 3641/1316
f 632/1838 3641/1316 1169/1581
f 93/1296 94/896 3642/1608
f 495/1610 3642/1608 94/896
f 3643/1169 3424/1168 941/1425
f 3008/1424 3643/1169 941/1425
f 665/190 368/1582 3645/1744
f 4055/201 3645/1744 368/1582
f 3357/2060 3646/1977 3681/1566
f 3133/840 2145/236 3704/233
f 978/1600 2916/1053 740/524
f 1111/697 3866/1259 3510/698
f 581/1014 3424/1168 732/1462
f 2172/534 3059/862 643/422
f 991/38 31/272 3656/451
f 118/374 2442/2007 3657/1299
f 2290/1979 2577/1792 728/760
f 708/1388 3658/480 701/587
f 3188/1683 819/1666 3659/2042
f 2217/1668 3659/2042 819/1666
f 2211/1970 3168/1937 1056/1837
f 3267/1603 2211/1970 1056/1837
f 730/1648 3487/2030 1189/1878
f 488/934 1182/1354 3661/2045
f 815/879 3661/2045 1182/1354
f 725/1103 563/1061 3662/1104
f 933/1063 3662/1104 563/1061
f 3492/1187 3536/2036 3664/1188
f 2916/1053 2743/859 740/524
f 4114/2035 3668/404 877/504
f 2721/179 3266/178 2988/510
f 3576/1611 3642/1608 495/1610
f 3505/1650 3226/1690 562/751
f 4144/620 2643/1768 3670/560
f 2449/462 882/464 3061/1177
f 3087/1146 3618/786 3169/787
f 2471/1793 749/1915 3402/2000
f 3675/1159 4072/1936 1167/1575
f 483/1439 3675/1159 1167/1575
f 1070/1602 858/1943 3116/1823
f 899/49 765/1719 3229/2041
f 2945/1569 570/762 3280/1005
f 597/1577 2478/1805 928/1012
f 693/1078 3847/1077 3680/1249
f 3313/1066 3680/1249 711/1064
f 3255/44 1093/43 32/452
f 3543/1567 751/2061 3681/1566
f 3357/2060 3681/1566 751/2061
f 3041/1770 3079/788 3892/1780
f 3565/482 929/481 3682/469
f 538/353 3682/469 3969/1363
f 1004/1852 1131/1370 3683/1368
f 2632/1730 3683/1368 1131/1370
f 1059/803 848/1287 2395/801
f 3684/1532 3351/909 350/1357
f 896/608 3684/1532 350/1357
f 2864/69 3612/1676 699/67
f 3327/1696 652/1477 3687/784
f 3298/1030 3687/784 652/1477
f 576/1049 3736/1050 3200/1557
f 908/745 445/1145 2553/732
f 2992/730 2553/732 445/1145
f 1060/807 3693/1464 966/1540
f 4156/162 3383/1856 2444/160
f 2177/1122 801/1815 3602/1260
f 3571/401 2653/229 692/838
f 3108/1401 3697/695 905/703
f 1137/350 3698/1993 2422/111
f 3700/1016 2968/1015 828/565
f 3355/567 3700/1016 828/565
f 1202/675 546/1905 3701/1906
f 2385/1713 3701/1906 3353/1274
f 2958/1498 1178/943 3702/1942
f 1197/671 3702/1942 3431/782
f 3024/376 395/2031 2442/2007
f 739/1021 534/823 3438/889
f 3704/233 2343/235 772/1305
f 476/234 3704/233 772/1305
f 882/464 2441/1734 463/1178
f 3316/412 132/2048 3705/267
f 6/268 3705/267 132/2048
f 2561/386 3659/2042 2221/1950
f 841/1139 587/1190 3707/1138
f 977/1184 3707/1138 2397/1189
f 3565/482 701/587 3658/480
f 2888/1285 541/80 834/662
f 2891/1291 2888/1285 834/662
f 611/585 2368/794 3269/1182
f 2644/1757 884/594 3709/1755
f 968/1678 3709/1755 2740/500
f 677/1437 2518/1256 3632/2003
f 2204/1476 1148/1867 3711/1795
f 700/1123 3711/1795 1148/1867
f 637/1325 2605/413 812/286
f 1091/1001 579/1382 3712/1229
f 3110/1153 3712/1229 4045/1156
f 3715/1451 3012/170 866/172
f 590/1452 3715/1451 866/172
f 896/608 760/1774 3716/606
f 3716/606 760/1774 4032/1830
f 3786/1791 456/1790 3718/1276
f 616/1570 3718/1276 456/1790
f 502/544 3029/543 988/438
f 598/78 766/77 3083/1226
f 432/416 724/726 3842/1358
f 3935/1927 3720/1529 3351/909
f 532/442 947/1825 3722/1684
f 597/1577 3722/1684 947/1825
f 2410/1746 666/1408 698/241
f 870/257 2410/1746 698/241
f 1105/1091 3111/79 996/81
f 3725/1275 3353/1274 546/1905
f 1039/616 3725/1275 546/1905
f 3297/626 560/628 2784/2015
f 2206/548 787/1076 2805/1209
f 3035/1649 562/751 3726/2038
f 3726/2038 562/751 1054/752
f 2226/1971 3629/108 3727/1593
f 48/110 49/473 3727/1593
f 2145/236 773/1303 3728/1865
f 628/848 3728/1865 773/1303
f 1018/409 3316/412 3899/1729
f 474/184 495/1610 3731/185
f 94/896 3731/185 495/1610
f 892/1769 3814/1832 3079/788
f 2375/598 352/1434 2647/1353
f 2411/1655 3042/1654 2868/1920
f 2854/1542 3012/170 3715/1451
f 3732/380 2285/379 2675/1784
f 494/890 3732/380 2675/1784
f 445/1145 938/1839 3734/1507
f 566/704 3734/1507 938/1839
f 547/1043 1097/618 3736/1050
f 420/562 3736/1050 1097/618
f 547/1043 576/1049 2121/1711
f 3851/1845 984/773 3739/772
f 640/1337 3739/772 3444/771
f 2673/755 2966/322 3448/753
f 172/853 479/276 3766/854
f 405/659 2902/658 991/38
f 3613/369 81/368 3744/1597
f 82/150 3744/1597 81/368
f 791/1271 1121/1266 2489/592
f 2337/1467 696/633 1042/634
f 3083/1226 1136/1385 3233/1895
f 610/1038 3211/1911 3373/1981
f 69/593 430/140 3746/941
f 3218/1731 3746/941 430/140
f 2347/1708 2352/1836 965/1438
f 1109/1112 972/1111 3748/1527
f 566/704 3748/1527 3486/576
f 641/1717 4000/1934 3749/1340
f 1162/1338 3749/1340 4000/1934
f 3559/1069 3751/641 3212/637
f 3492/1187 3698/1993 3752/2053
f 1137/350 3752/2053 3698/1993
f 2896/1543 3491/2022 733/1054
f 3707/1138 3639/1391 767/103
f 87/341 88/888 3755/339
f 3118/327 3755/339 872/328
f 2951/1239 425/556 2320/2032
f 2417/1750 2471/1793 457/1562
f 831/715 985/1136 3758/1561
f 3981/1135 3758/1561 985/1136
f 611/585 3416/1811 4074/586
f 1109/1112 3589/1528 575/937
f 2611/962 1149/979 2664/978
f 32/452 1093/43 3656/451
f 2254/1114 3646/1977 3008/1976
f 3115/458 507/644 3763/643
f 438/1074 3384/722 3432/1910
f 1062/824 3765/1204 689/821
f 171/541 3766/854 915/542
f 627/1307 399/406 3769/852
f 2614/850 3769/852 399/406
f 2190/1803 3195/557 3405/2012
f 1170/955 528/1372 2552/953
f 510/944 359/719 2650/718
f 2752/499 467/141 3772/340
f 3149/1737 3772/340 467/141
f 2784/2015 2248/1973 629/860
f 856/1393 434/1059 3774/1058
f 2944/1634 3958/1633 3775/1848
f 2937/392 1028/391 3776/1321
f 634/1301 3776/1321 1028/391
f 2232/1801 885/1760 3779/1835
f 2182/1965 3779/1835 2670/1834
f 2937/392 3119/1323 3781/1300
f 3119/1323 2937/392 3776/1321
f 1183/1679 393/996 3782/1756
f 654/1373 3782/1756 393/996
f 2446/552 3168/1937 2534/550
f 1014/74 762/886 3785/336
f 1094/1022 3785/336 762/886
f 2393/1052 907/710 2345/1623
f 1199/614 2747/1705 840/1042
f 566/704 3697/695 3819/1506
f 3664/1188 764/1573 3789/1186
f 3512/1289 3789/1186 1044/1884
f 3318/1810 484/1535 3792/2027
f 2966/322 3792/2027 484/1535
f 3239/1900 3065/630 1041/1360
f 406/1843 3794/573 981/932
f 3353/1274 3459/1254 986/1714
f 2707/1293 540/1771 3797/1897
f 2896/1543 4124/290 375/417
f 3378/1545 2307/864 500/863
f 174/682 3345/278 173/277
f 147/166 2467/330 912/164
f 2179/1272 647/1466 3798/486
f 3095/1808 3798/486 647/1466
f 2589/528 2172/534 643/422
f 1024/476 841/1139 3800/474
f 767/103 3800/474 841/1139
f 2502/1242 558/1698 4149/1094
f 422/1100 2610/1796 937/1098
f 2825/727 2431/1831 663/1890
f 2712/313 756/1207 2947/874
f 492/363 2864/69 1146/68
f 458/1282 614/1217 3804/1216
f 805/1829 3804/1216 2913/769
f 1099/86 2933/1426 673/1430
f 643/422 1019/424 3805/1341
f 374/1326 3805/1341 1019/424
f 432/416 527/415 3225/612
f 892/1769 790/2019 3807/1365
f 1104/1097 790/2019 3836/1908
f 780/632 3932/371 3808/456
f 696/633 3808/456 3282/373
f 3809/601 3998/600 542/1627
f 2326/968 3809/601 415/1628
f 3428/314 2712/313 970/1490
f 2479/1241 2523/1414 602/1240
f 3727/1593 3629/108 48/110
f 752/763 1020/1571 3074/1127
f 2372/545 402/866 3029/543
f 3812/461 3832/583 39/582
f 40/2062 3812/461 39/582
f 909/1068 3813/1067 3986/921
f 892/1769 3807/1365 3814/1832
f 3188/1683 3347/191 665/190
f 597/1577 928/1012 3387/1576
f 2642/1781 4094/1782 654/1373
f 1154/577 3486/576 972/1111
f 3363/756 3716/606 805/1829
f 2577/1792 3786/1791 728/760
f 2657/1384 3333/1428 407/1427
f 4100/1604 3098/1031 387/354
f 2585/1689 2850/1020 3593/2009
f 3817/635 3949/1361 3357/636
f 2755/547 657/876 3373/1981
f 3697/695 436/694 3819/1506
f 1143/1250 3680/1249 3820/1161
f 1055/757 3820/1161 3524/2051
f 913/1653 971/1797 2983/894
f 3645/1744 3822/203 3995/1745
f 795/647 551/1636 3824/1759
f 995/1687 3824/1759 551/1636
f 2293/908 455/907 3013/759
f 2307/864 3148/421 2753/1930
f 394/1468 3794/573 1145/572
f 3718/1276 668/915 3786/1791
f 2539/188 3342/1862 3657/1299
f 4148/2014 4005/1193 4056/1192
f 3495/1701 3111/79 3508/1092
f 2756/970 2924/977 2326/968
f 476/234 2895/1752 879/239
f 1084/972 367/1680 3825/830
f 1065/828 3825/830 367/1680
f 611/585 3269/1182 731/791
f 550/33 3531/610 4034/1160
f 2823/1411 889/540 3828/1409
f 3000/1514 3828/1409 3225/612
f 3032/1416 864/1738 670/1417
f 2841/288 2431/1831 3153/289
f 3089/30 151/2050 3831/28
f 152/427 3831/28 151/2050
f 3832/583 3812/461 4020/655
f 355/56 3832/583 4020/655
f 3833/1598 771/1205 2893/1206
f 3523/1682 3833/1598 2893/1206
f 3834/669 3997/1664 799/1813
f 2507/952 3834/669 799/1813
f 3835/653 2628/652 954/1510
f 715/1624 3835/653 954/1510
f 795/647 553/646 2932/1423
f 4133/1502 3094/515 888/1763
f 3807/1365 790/2019 1104/1097
f 3495/1701 3836/1908 790/2019
f 2585/1689 3334/2011 518/1484
f 3840/1894 2702/1220 3506/2020
f 3445/1432 2861/1978 554/1431
f 441/65 3910/1787 3841/66
f 1046/414 432/416 3842/1358
f 3720/1529 3842/1358 724/726
f 1020/1571 3022/1279 3844/1278
f 3040/1842 3844/1278 3103/1255
f 178/293 881/425 3846/291
f 3365/1753 3846/291 881/425
f 2629/1079 487/1921 3847/1077
f 2556/1371 2457/1036 3049/1959
f 2458/1660 596/1659 3848/1917
f 1187/1218 3848/1917 596/1659
f 939/1129 3849/273 4111/275
f 2610/1796 3766/854 479/276
f 3739/772 460/453 3851/1845
f 699/67 3851/1845 460/453
f 4031/1262 1120/1083 3163/1749
f 2272/1916 3163/1749 1120/1083
f 2689/1445 3852/47 4048/2017
f 3720/1529 3935/1927 3853/1885
f 444/686 3853/1885 3451/684
f 2224/1247 748/1000 2815/1245
f 3854/884 1072/883 695/1539
f 489/1399 3854/884 695/1539
f 847/1720 3718/1276 3856/1718
f 976/1590 3856/1718 616/1570
f 1063/1772 945/1740 3859/1405
f 471/1403 3859/1405 945/1740
f 2896/1543 375/417 3365/1753
f 3814/1832 659/1364 3617/1912
f 3212/637 2175/642 3817/635
f 3863/1023 3969/1363 652/1477
f 832/656 3863/1023 3327/1696
f 3865/117 4132/122 51/121
f 52/2052 3865/117 51/121
f 3543/1567 3866/1259 3047/1261
f 2903/1712 2481/1521 951/1253
f 4157/208 690/397 3114/209
f 2689/1445 607/1828 2528/1232
f 3868/335 3812/461 40/2062
f 41/338 3868/335 40/2062
f 394/1468 1145/572 3869/502
f 363/1085 3869/502 1145/572
f 658/785 3687/784 3870/1386
f 3609/1494 3870/1386 3687/784
f 2701/1584 2463/1964 3871/245
f 2463/1964 2701/1584 3287/1583
f 3299/640 995/1687 3872/1941
f 3872/1941 995/1687 3775/1848
f 2579/1989 2488/1499 4040/1626
f 2809/725 3346/2039 2316/723
f 1151/1512 2527/1493 461/558
f 4160/227 1195/1945 3875/833
f 364/520 3875/833 1195/1945
f 3198/1429 3876/1148 673/1430
f 3635/61 3178/1909 615/1420
f 589/805 1169/1581 3878/1200
f 4171/1315 3878/1200 1169/1581
f 357/1150 962/1149 3882/1377
f 1201/1833 3882/1377 962/1149
f 4131/294 24/296 2605/413
f 504/12 1022/439 3883/10
f 988/438 3883/10 1022/439
f 2561/386 697/903 3885/385
f 634/1301 3885/385 4022/1470
f 2657/1384 3870/1386 3886/2016
f 2568/1387 3886/2016 3870/1386
f 2244/744 3981/1135 3099/1955
f 639/1236 857/1332 3888/1235
f 3253/2001 1049/690 948/1230
f 3587/667 4041/1366 3892/1780
f 3041/1770 3892/1780 4041/1366
f 730/1648 1157/1478 3860/779
f 3872/1941 3775/1848 3958/1633
f 3084/1196 3394/1556 1000/114
f 2473/1961 3895/845 914/839
f 3509/1692 1186/1164 2533/1691
f 808/809 4125/158 3897/1665
f 3056/1555 3897/1665 3744/1597
f 2887/1728 854/1459 3899/1729
f 1018/409 3899/1729 3591/246
f 2800/1397 1139/1394 3774/1058
f 2401/1552 2319/1983 2991/1544
f 2660/1841 890/546 2829/1822
f 2288/1119 1043/648 676/1115
f 437/1726 676/1115 1043/648
f 422/1100 1106/1099 3726/2038
f 1126/1317 3504/589 2654/1992
f 2280/1854 431/1812 3902/1778
f 961/1646 3902/1778 431/1812
f 3591/246 3899/1729 854/1459
f 728/760 3903/708 2290/1979
f 27/857 28/274 3921/660
f 2246/702 3920/1935 3906/918
f 596/1659 3906/918 3920/1935
f 2868/1920 837/1786 2572/1131
f 478/980 3895/845 925/844
f 837/1786 353/1335 3910/1787
f 3910/1787 353/1335 640/1337
f 1122/46 3888/1235 960/1342
f 4047/1685 768/113 3912/119
f 1001/800 3912/119 2965/118
f 2637/1686 3913/946 4005/1193
f 3417/1864 3072/841 3368/836
f 529/1413 501/1349 3915/1875
f 646/1350 3915/1875 501/1349
f 2253/1448 3076/1607 471/1403
f 580/1208 1134/1503 3916/875
f 657/876 3916/875 1134/1503
f 489/1399 3693/1464 1130/1463
f 4159/813 817/812 3918/887
f 3056/1555 3918/887 3897/1665
f 1094/1022 762/886 3406/1904
f 503/1704 1187/1218 3920/1935
f 596/1659 3920/1935 1187/1218
f 3856/1718 3718/1276 616/1570
f 440/283 480/282 3921/660
f 3921/660 480/282 4105/285
f 2725/687 2976/1517 718/1516
f 3083/1226 1172/1225 658/785
f 895/602 1063/1772 3924/383
f 3924/383 1063/1772 3859/1405
f 577/871 2941/1263 3250/754
f 3348/132 622/115 3865/117
f 3658/480 3609/1494 3298/1030
f 3368/836 2950/835 121/834
f 1057/770 3661/1223 3927/1011
f 2319/1983 1138/1395 663/1890
f 3866/1259 3681/1566 3510/698
f 3930/795 2368/794 1058/584
f 1115/1152 3930/795 1058/584
f 2446/552 3641/1316 3168/1937
f 1057/770 3932/371 780/632
f 3935/1927 3351/909 1048/1531
f 725/1103 3935/1927 1048/1531
f 805/1829 2913/769 1118/768
f 3240/1008 758/645 3936/1228
f 507/644 3936/1228 758/645
f 2638/538 2961/774 786/536
f 3683/1368 3938/88 1004/1852
f 689/821 3332/1203 3482/1857
f 3444/771 3841/66 3910/1787
f 2523/1414 3951/1166 3288/1928
f 4049/1027 428/1137 3940/1846
f 985/1136 3940/1846 428/1137
f 996/81 431/1812 3943/1435
f 2280/1854 3943/1435 431/1812
f 723/1110 1109/1112 3432/1910
f 3668/404 4114/2035 636/1995
f 957/402 3668/404 636/1995
f 2442/2007 118/374 3024/376
f 604/1227 1148/1867 3945/1785
f 2212/1475 3945/1785 1148/1867
f 971/1797 427/1449 3947/1518
f 2476/1450 3947/1518 427/1449
f 651/881 3949/1361 3817/635
f 3950/2025 2226/1971 874/356
f 3254/1318 3950/2025 874/356
f 2340/1116 1156/1907 3951/1166
f 3288/1928 3951/1166 1156/1907
f 4141/1747 3805/1341 1069/1673
f 2958/1498 509/817 3393/1497
f 3924/383 3859/1405 4070/1404
f 4141/1747 2722/1748 593/527
f 3355/567 3954/1471 779/1695
f 904/1355 3684/1532 4028/1270
f 588/1198 1161/949 3084/1196
f 557/1096 2809/725 2386/1949
f 2723/372 891/443 3957/564
f 2439/1017 3957/564 891/443
f 3498/186 2233/1743 1064/1742
f 2593/729 3345/278 2825/727
f 3261/1072 459/2056 3958/1633
f 1013/1635 3958/1633 459/2056
f 3396/1060 434/1059 3963/1997
f 2628/652 355/56 789/1508
f 758/645 552/1526 3763/643
f 3876/1148 3354/2005 3087/1146
f 3159/638 414/877 3966/1688
f 2488/1499 3966/1688 414/877
f 480/282 812/286 4105/285
f 25/855 3967/287 2605/413
f 2526/790 3892/1780 3079/788
f 598/78 3945/1785 906/76
f 2300/1215 711/1064 3847/1077
f 3969/1363 3682/469 929/481
f 652/1477 3969/1363 929/481
f 3297/626 2800/1397 903/1396
f 3516/775 3711/1795 505/1125
f 2987/1181 755/1180 3664/1188
f 2834/920 3970/1814 909/1068
f 381/1677 3851/1845 3612/1676
f 3963/1997 434/1059 3973/1996
f 978/1600 3973/1996 434/1059
f 401/1045 2903/1712 951/1253
f 3162/183 3731/185 95/897
f 597/1577 3975/1202 3722/1684
f 727/1029 1113/1144 4049/1027
f 1044/1884 764/1573 3976/1881
f 584/1258 3976/1881 764/1573
f 2465/1999 2635/2013 3978/1727
f 2177/1122 3978/1727 2635/2013
f 2733/976 3528/1761 416/965
f 2244/744 3080/743 3981/1135
f 2814/1044 2121/1711 401/1045
f 3198/1429 3333/1428 3886/2016
f 1154/577 1032/1816 3984/575
f 3053/1877 3984/575 1032/1816
f 3819/1506 436/694 3970/1814
f 2533/1691 960/1342 3888/1235
f 3680/1249 3847/1077 711/1064
f 2691/797 2905/2018 3752/2053
f 3849/273 3921/660 28/274
f 3986/921 3813/1067 3047/2058
f 1051/1990 3986/2063 3047/1261
f 4149/1094 4053/1093 835/1702
f 3212/637 751/2043 3813/1067
f 3902/1778 961/1646 2213/1004
f 3832/583 3569/55 38/581
f 3572/1938 516/1899 1171/1003
f 1174/1509 2527/1493 715/1624
f 3519/1903 748/1000 3990/1967
f 2224/1247 3990/1967 748/1000
f 802/1975 3991/554 2782/1006
f 1092/958 3991/554 802/1975
f 4148/2014 1024/476 3992/1197
f 588/1198 3992/1197 1024/476
f 2606/1257 609/868 3103/1255
f 2598/1953 3728/1865 3993/1918
f 3993/1918 3728/1865 2646/1866
f 3822/203 2798/899 3995/1745
f 557/1096 3807/1365 1104/1097
f 3808/456 3932/371 3282/373
f 415/1628 542/1627 2984/1972
f 3997/1664 4035/1647 799/1813
f 1197/671 3997/1664 3834/669
f 895/602 3924/383 3998/600
f 2469/382 3998/600 3924/383
f 3950/2025 3629/108 2226/1971
f 4050/1715 608/537 4000/1934
f 786/536 4000/1934 608/537
f 2886/143 392/137 4002/361
f 3429/1277 3718/1276 847/1720
f 3082/1290 3348/132 3021/131
f 3794/573 3435/1844 2124/571
f 923/967 3593/1800 543/1629
f 3913/946 686/802 4005/1193
f 943/1194 4005/1193 686/802
f 3993/1918 2646/1866 3417/1864
f 931/613 3606/679 419/678
f 3046/1821 3166/1183 944/1089
f 2188/450 641/776 3749/448
f 3645/1744 4055/201 3822/203
f 2984/1972 542/1627 4012/1681
f 2469/382 4012/1681 542/1627
f 785/535 2704/1933 2427/533
f 2134/827 2217/1668 3825/830
f 1074/892 3155/974 1027/1869
f 4014/410 2463/1964 3287/1583
f 2424/882 3207/1400 4168/1383
f 2232/1801 1027/1869 3155/974
f 660/98 998/94 2705/1592
f 2509/959 3007/961 3824/1759
f 2733/976 923/967 2756/970
f 2385/1713 2480/1421 615/1420
f 408/337 1033/579 4020/655
f 789/1508 4020/655 3219/578
f 4021/1037 3146/50 3229/2041
f 1181/1589 4021/1037 3229/2041
f 4022/1470 397/192 876/1322
f 634/1301 4022/1470 876/1322
f 662/1086 2363/820 702/819
f 3765/1204 3328/1887 3715/1451
f 3384/722 438/1074 2438/1075
f 396/518 1085/570 4023/516
f 2627/973 4023/516 887/1762
f 3707/1138 587/1190 2397/1189
f 2263/1034 391/1739 3032/1416
f 3078/607 417/1213 4028/1270
f 904/1355 4028/1270 3555/1356
f 3157/1224 532/442 3927/1011
f 1098/1212 1055/757 3524/2051
f 4030/673 649/672 903/1396
f 2385/1713 3178/1909 3604/1991
f 1140/1436 839/1568 4031/1262
f 1103/1084 4031/1262 839/1568
f 760/1774 3052/1281 4032/1830
f 3804/1216 4032/1830 3052/1281
f 2839/1871 2473/1961 4033/1765
f 2473/1961 2839/1871 522/843
f 3396/1060 903/1396 3774/1058
f 4035/1647 3997/1664 559/498
f 4035/1647 559/498 4150/497
f 424/651 3003/650 963/1392
f 2470/321 3270/1534 3792/2027
f 3339/1931 774/304 4039/1892
f 4040/1626 2488/1499 710/1500
f 1080/936 4040/1626 710/1500
f 2509/959 2251/1652 423/960
f 955/1294 4041/1366 3587/667
f 4045/1156 3712/1229 579/1382
f 3010/1675 4045/1156 579/1382
f 71/90 1004/1852 3938/88
f 2564/1046 3459/1254 3725/1275
f 2637/1686 1000/114 4047/1685
f 768/113 4047/1685 1000/114
f 3800/474 4081/1264 612/475
f 3005/1779 2980/742 578/1154
f 3675/1159 2768/1546 736/1157
f 4048/2017 3852/47 1122/46
f 2851/1444 4048/2017 1122/46
f 3940/1846 3112/1133 4049/1027
f 3112/1133 3940/1846 573/1700
f 694/344 4163/343 3914/940
f 2610/1796 479/276 2883/1974
f 4000/1934 1188/1716 4050/1715
f 613/1267 4050/1715 1188/1716
f 2448/281 3614/2055 3963/1997
f 781/347 358/1319 4052/96
f 2845/1849 4052/96 358/1319
f 68/1460 3746/941 3914/940
f 852/1407 777/1725 3576/1611
f 935/1095 1104/1097 4053/1093
f 3508/1092 4053/1093 3836/1908
f 368/1582 690/397 4055/201
f 113/389 4055/201 690/397
f 1141/1234 2810/1343 644/531
f 2258/699 3681/1566 3646/1977
f 3240/1008 407/1427 2915/1007
f 709/804 2644/1757 361/780
f 2762/2023 3975/1202 821/1199
f 1173/1601 4039/1892 774/304
f 3912/119 3913/946 4047/1685
f 586/1191 1044/1884 2835/1883
f 3355/567 4071/566 3954/1471
f 1030/549 3954/1471 4071/566
f 3763/643 2438/1075 742/939
f 3882/1377 3167/1948 4062/1376
f 2537/2006 4062/1376 3167/1948
f 3334/2011 416/2049 4063/1615
f 3528/1616 4063/1615 416/2049
f 863/139 1035/142 4002/361
f 405/659 796/1639 4064/657
f 2278/1641 4064/657 796/1639
f 2397/1189 586/1191 4065/1966
f 2835/1883 4065/1966 586/1191
f 3835/653 715/1624 3979/1511
f 420/562 1097/618 3670/560
f 3492/1187 3789/1186 3494/1288
f 2149/384 3924/383 4070/1404
f 2396/997 747/364 4071/566
f 1146/68 4071/566 747/364
f 4072/1936 3675/1159 631/1158
f 2286/1958 4072/1936 631/1158
f 3615/270 422/1100 3726/2038
f 3910/1787 640/1337 3444/771
f 821/1199 3878/1200 1117/1579
f 2856/1286 3475/105 63/2028
f 436/694 909/1068 3970/1814
f 2116/724 4074/586 3416/1811
f 920/917 502/544 4075/1488
f 988/438 4075/1488 502/544
f 1099/86 3876/1148 448/1147
f 2650/718 513/478 3544/477
f 587/1190 4056/1192 943/1194
f 494/1520 971/1797 3947/1518
f 753/711 939/1129 4076/709
f 2754/36 4076/709 939/1129
f 370/210 1010/225 4078/207
f 111/224 4078/207 1010/225
f 3308/102 574/1799 4081/1264
f 939/1129 440/283 3849/273
f 2455/1802 3668/404 1016/403
f 3716/606 4032/1830 805/1829
f 2460/1986 460/453 4082/1663
f 640/1337 4082/1663 3739/772
f 561/994 3701/1906 3604/1991
f 4083/1170 1198/1173 842/1172
f 1151/1512 4083/1170 2655/1513
f 4086/1925 2934/1309 571/1051
f 2393/1052 4086/1925 571/1051
f 3263/1764 3094/515 886/514
f 3543/2059 3813/1067 751/2043
f 3903/708 729/707 439/1775
f 4089/1929 3574/914 3339/1931
f 735/865 4089/1929 3339/1931
f 3214/858 2822/623 4092/1329
f 1015/457 2677/1105 435/1107
f 932/532 644/531 2810/1343
f 2873/1496 361/780 4094/1782
f 2644/1757 4094/1782 361/780
f 2315/1954 3038/1699 798/1643
f 86/138 3149/1737 863/139
f 754/1311 1166/1572 4034/1160
f 1151/1512 3195/557 4083/1170
f 642/1585 1128/904 4096/1458
f 498/247 4096/1458 1128/904
f 658/785 1172/1225 4097/783
f 511/472 4097/783 3284/1591
f 667/1347 705/63 4098/1798
f 3165/1048 4098/1798 705/63
f 387/354 1073/1850 4100/1604
f 357/1150 701/587 1025/479
f 3967/287 26/856 4105/285
f 3921/660 4105/285 27/857
f 910/739 4153/798 3412/737
f 683/437 2711/9 987/8
f 958/320 630/713 4109/284
f 4141/1747 4109/284 630/713
f 28/274 29/563 4111/275
f 2782/1006 403/1126 3280/1005
f 3589/1528 803/733 4113/1657
f 1176/938 4113/1657 803/733
f 877/504 398/506 4114/2035
f 783/1618 4114/2035 398/506
f 2754/36 4111/275 29/563
f 469/154 75/153 4118/366
f 76/2054 4118/366 75/153
f 764/1573 755/1180 4120/1574
f 1116/792 4120/1574 755/1180
f 2894/495 84/144 4122/493
f 2886/143 4122/493 84/144
f 3153/289 176/418 4124/290
f 375/417 4124/290 176/418
f 3613/369 3744/1597 4125/158
f 3897/1665 4125/158 3744/1597
f 50/120 4132/122 388/359
f 4100/1604 1073/1850 4127/91
f 490/73 4127/91 1073/1850
f 3727/1593 388/359 4128/1594
f 930/1465 4128/1594 388/359
f 103/394 3/2064 4129/222
f 104/1988 4129/222 3/2064
f 490/73 1073/1850 4130/885
f 3406/1904 4130/885 1095/1024
f 959/1330 481/302 4131/294
f 23/295 4131/294 481/302
f 4132/122 3865/117 769/116
f 2539/188 2442/2007 4133/1502
f 2929/1501 4133/1502 2442/2007
f 1008/509 771/1205 4135/187
f 3342/1862 4135/187 771/1205
f 2130/1898 3797/1897 4136/1418
f 540/1771 4136/1418 3797/1897
f 115/900 3822/203 114/202
f 4140/1141 2765/1140 661/104
f 680/1195 4140/1141 661/104
f 1069/1673 4109/284 4141/1747
f 1015/457 435/1107 793/1631
f 351/617 1153/1924 4144/620
f 2393/1052 4144/620 1153/1924
f 4074/586 893/1088 1058/584
f 4056/1192 841/1139 4148/2014
f 1024/476 4148/2014 841/1139
f 558/1698 3346/2039 4149/1094
f 935/1095 4149/1094 3346/2039
f 763/1002 961/1646 4150/497
f 4035/1647 4150/497 961/1646
f 33/2047 34/41 4151/334
f 384/40 4151/334 34/41
f 3010/1675 816/1381 4152/1402
f 3207/1400 4152/1402 816/1381
f 442/799 1115/1152 4153/798
f 727/1029 4153/798 1115/1152
f 78/161 79/159 4156/162
f 362/156 4156/162 79/159
f 4157/208 4078/207 112/223
f 113/389 4157/208 112/223
f 1179/491 1082/1479 4159/813
f 2113/1480 4159/813 1082/1479
f 2721/179 3208/826 4160/227
f 1195/1945 4160/227 3208/826
f 998/94 67/93 4163/343
f 3914/940 4163/343 67/93
f 3013/759 350/1357 4166/758
f 3351/909 4166/758 350/1357
f 750/434 639/1236 3566/432
f 2782/1006 570/762 2200/1968
f 4168/1383 3207/1400 816/1381
f 468/1380 4168/1383 816/1381
f 2921/810 808/809 2202/816
f 2446/552 3605/956 4171/1315
f 1168/1580 4171/1315 3605/956
g panel2
usemtl dragon
f 314/2065 1736/2066 16/2067
f 312/2068 313/2069 1895/2070
f 1736/2066 314/2065 1896/2071
f 2780/2072 1340/2073 2243/2074
f 1203/2075 1737/2076 2203/2077
f 312/2068 1895/2070 1566/2078
f 2203/2077 316/2079 317/2080
f 3703/2081 2000/2082 1977/2083
f 3161/2084 309/2085 310/2086
f 319/2087 3703/2081 318/2088
f 3086/2089 1500/2090 3161/2084
f 322/2091 1659/2092 321/2093
f 1342/2094 320/2095 321/2093
f 1644/2096 305/2097 3238/2098
f 1897/2099 306/2100 307/2101
f 326/2102 1533/2103 325/2104
f 1343/2105 1644/2096 3238/2098
f 2235/2106 1643/2107 1898/2108
f 2938/2109 1899/2110 1644/2096
f 328/2111 3549/2112 3944/2113
f 3974/2114 1545/2115 2536/2116
f 326/2102 327/2117 2634/2118
f 1503/2119 2031/2120 1738/2121
f 329/2122 330/2123 1900/2124
f 1437/2125 2078/2126 299/2127
f 1739/2128 1900/2124 330/2123
f 2328/2129 2135/2130 1298/2131
f 3620/2132 1572/2133 2633/2134
f 1277/2135 1920/2136 286/2137
f 297/2138 2389/2139 296/2140
f 2295/2141 1740/2142 1622/2143
f 1347/2144 2812/2145 2416/2146
f 1238/2147 3980/2148 2811/2149
f 2562/2150 279/2151 280/2152
f 250/2153 2084/2154 249/2155
f 3344/2156 250/2153 251/2157
f 253/2158 2847/2159 3515/2160
f 2870/2161 2978/2162 2402/2163
f 1660/2164 276/2165 1902/2166
f 1350/2167 2045/2168 1800/2169
f 3473/2170 1381/2171 257/2172
f 3861/2173 258/2174 2547/2175
f 2291/2176 274/2177 275/2178
f 1546/2179 1351/2180 1903/2181
f 1891/2182 1743/2183 3723/2184
f 1241/2185 259/2186 3713/2187
f 1354/2188 1662/2189 3337/2190
f 3760/2191 271/2192 272/2193
f 264/2194 3293/2195 263/2196
f 1661/2197 1354/2188 3337/2190
f 3293/2195 3850/2198 2493/2199
f 2493/2199 261/2200 13/2201
f 3880/2202 270/2203 271/2192
f 1213/2204 1891/2182 2687/2205
f 14/2206 269/2207 3132/2208
f 288/2209 1623/2210 287/2211
f 1243/2212 1414/2213 2303/2214
f 1244/2215 1623/2210 3397/2216
f 4093/2217 292/2218 293/2219
f 3125/2220 4093/2217 293/2219
f 292/2218 4093/2217 1904/2221
f 3249/2222 2703/2223 2057/2224
f 2928/2225 1904/2221 1215/2226
f 290/2227 291/2228 2421/2229
f 290/2227 1567/2230 3249/2222
f 3999/2231 332/2232 333/2233
f 3738/2234 334/2235 335/2236
f 1325/2237 1958/2238 2399/2239
f 1634/2240 1942/2241 1496/2242
f 1258/2243 1673/2244 198/2245
f 3279/2246 1905/2247 1339/2248
f 3126/2249 1228/2250 2530/2251
f 2407/2252 1360/2253 1906/2254
f 3126/2249 200/2255 201/2256
f 1837/2257 1361/2258 1907/2259
f 2180/2260 203/2261 1229/2262
f 3955/2263 1924/2264 1908/2265
f 2601/2266 1307/2267 215/2268
f 1364/2269 1620/2270 1652/2271
f 4090/2272 3637/2273 3477/2274
f 1507/2275 247/2276 3855/2277
f 246/2278 1746/2279 245/2280
f 1319/2281 245/2280 1746/2279
f 2982/2282 218/2283 219/2284
f 1365/2285 1963/2286 1224/2287
f 2513/2288 1508/2289 3190/2290
f 3874/2291 1366/2292 2956/2293
f 2238/2294 3055/2295 220/2296
f 2734/2297 240/2298 241/2299
f 2369/2300 1747/2301 238/2302
f 2608/2303 3874/2291 2956/2293
f 222/2304 223/2305 4170/2306
f 1366/2292 1747/2301 2369/2300
f 3830/2307 231/2308 1748/2309
f 1227/2310 235/2311 4079/2312
f 2656/2313 236/2314 237/2315
f 1367/2316 3830/2307 1748/2309
f 1910/2317 1575/2318 225/2319
f 3745/2320 3496/2321 1749/2322
f 3496/2321 1226/2323 228/2324
f 1749/2322 230/2325 3830/2307
f 228/2324 1226/2323 227/2326
f 227/2326 2699/2327 10/2328
f 1610/2329 3538/2330 1911/2331
f 235/2311 1227/2310 234/2332
f 11/2333 234/2332 2237/2334
f 3216/2335 212/2336 1361/2258
f 204/2337 1229/2262 203/2261
f 1581/2338 2064/2339 3517/2340
f 3640/2341 209/2342 210/2343
f 3640/2341 2169/2344 209/2342
f 1705/2345 2085/2346 1912/2347
f 2131/2348 207/2349 2268/2350
f 2131/2348 206/2351 207/2349
f 2551/2352 206/2351 2131/2348
f 2971/2353 3988/2354 1690/2355
f 3837/2356 3939/2357 1913/2358
f 2388/2359 340/2360 341/2361
f 3456/2362 2096/2363 1752/2364
f 4080/2365 343/2366 1372/2367
f 1914/2368 1373/2369 2367/2370
f 342/2371 343/2366 4080/2365
f 344/2372 1263/2373 1372/2367
f 1411/2374 191/2375 2367/2370
f 1725/2376 1412/2377 1915/2378
f 3942/2379 4103/2380 3403/2381
f 2133/2382 188/2383 189/2384
f 347/2385 1916/2386 346/2387
f 187/2388 188/2383 2239/2389
f 1629/2390 184/2391 1917/2392
f 184/2391 1629/2390 3232/2393
f 1918/2394 182/2395 1570/2396
f 183/2397 1570/2396 182/2395
f 182/2395 1918/2394 17/2398
f 3816/2399 1501/2400 2952/2401
f 3585/2402 1571/2403 2453/2404
f 323/2405 1975/2406 322/2091
f 2440/2407 1317/2408 3564/2409
f 1466/2410 2026/2411 3069/2412
f 3933/2413 1739/2128 331/2414
f 1577/2415 1978/2416 1206/2417
f 3170/2418 1919/2419 1437/2125
f 1277/2135 1678/2420 1920/2136
f 3691/2421 2086/2422 1272/2423
f 2259/2424 282/2425 283/2426
f 3036/2427 4099/2428 1474/2429
f 1209/2430 2935/2431 4091/2432
f 2594/2433 1351/2180 4167/2434
f 2793/2435 3535/2436 1420/2437
f 3773/2438 2978/2162 2870/2161
f 1525/2439 1864/2440 2359/2441
f 2594/2433 1921/2442 3064/2443
f 260/2444 2808/2445 3713/2187
f 258/2174 259/2186 1241/2185
f 1354/2188 1661/2197 3729/2446
f 3723/2184 1764/2447 2715/2448
f 1572/2133 1876/2449 3458/2450
f 295/2451 1572/2133 3458/2450
f 2220/2452 1573/2453 1214/2454
f 334/2235 3738/2234 4038/2455
f 3787/2456 3738/2234 1382/2457
f 199/2458 1258/2243 198/2245
f 3320/2459 3803/2460 1517/2461
f 1557/2462 1295/2463 3426/2464
f 1556/2465 2052/2466 1923/2467
f 3955/2263 2007/2468 1924/2264
f 2927/2469 3131/2470 2731/2471
f 3336/2472 3449/2473 1468/2474
f 3862/2475 1907/2259 214/2476
f 2309/2477 215/2268 1307/2267
f 3321/2478 1757/2479 1639/2480
f 3767/2481 1286/2482 1253/2483
f 1652/2271 218/2283 2982/2282
f 3055/2295 219/2284 220/2296
f 2919/2484 1665/2485 221/2486
f 3140/2487 1665/2485 2919/2484
f 1575/2318 1655/2488 224/2489
f 238/2302 1747/2301 1698/2490
f 1610/2329 1883/2491 1368/2492
f 224/2489 225/2319 1575/2318
f 1910/2317 226/2493 2699/2327
f 232/2494 233/2495 2237/2334
f 1758/2496 1539/2497 3692/2498
f 2530/2251 1258/2243 199/2458
f 4142/2499 1805/2500 205/2501
f 1320/2502 1838/2503 1759/2504
f 2169/2344 208/2505 209/2342
f 1582/2506 1522/2507 2522/2508
f 2769/2509 337/2510 338/2511
f 2737/2512 338/2511 339/2513
f 193/2514 194/2515 2682/2516
f 3537/2517 4080/2365 1657/2518
f 345/2519 1263/2373 344/2372
f 1822/2520 190/2521 1411/2374
f 3791/2522 1316/2523 1683/2524
f 1925/2525 1604/2526 1329/2527
f 3750/2528 1262/2529 2828/2530
f 346/2387 1997/2531 345/2519
f 3490/2532 1916/2386 347/2385
f 1899/2110 305/2097 1644/2096
f 1643/2107 2235/2106 1342/2094
f 2667/2533 4042/2534 1576/2535
f 1245/2536 1761/2537 1484/2538
f 3197/2539 1577/2415 1206/2417
f 1270/2540 1645/2541 2898/2542
f 2474/2543 2303/2214 2370/2544
f 2827/2545 3292/2546 1732/2547
f 1668/2548 1404/2549 3959/2550
f 281/2551 2086/2422 280/2152
f 1240/2552 1399/2553 1763/2554
f 3535/2436 2926/2555 1420/2437
f 1662/2189 1354/2188 1764/2447
f 257/2172 258/2174 3861/2173
f 1400/2556 3466/2557 1651/2558
f 1667/2559 1927/2560 2667/2533
f 286/2137 287/2211 1277/2135
f 1929/2561 1219/2562 3164/2563
f 1605/2564 1296/2565 1930/2566
f 3547/2567 3522/2568 1294/2569
f 1247/2570 1932/2571 3563/2572
f 3450/2573 4146/2574 1260/2575
f 1279/2576 1767/2577 1679/2578
f 1765/2579 3761/2580 1932/2571
f 3839/2581 2803/2582 1726/2583
f 2779/2584 1669/2585 1439/2586
f 4115/2587 3252/2588 2284/2589
f 4145/2590 1768/2591 3653/2592
f 3968/2593 3305/2594 1563/2595
f 3596/2596 2852/2597 1542/2598
f 3647/2599 3953/2600 1224/2287
f 2832/2601 1390/2602 3434/2603
f 1527/2604 1255/2605 1771/2606
f 3898/2607 1432/2608 1936/2609
f 3179/2610 3679/2611 3147/2612
f 1673/2244 3421/2613 4169/2614
f 202/2615 203/2261 2180/2260
f 1912/2347 3088/2616 1705/2345
f 2613/2617 340/2360 2388/2359
f 190/2521 191/2375 1411/2374
f 2329/2618 1260/2575 4146/2574
f 3400/2619 3768/2620 1583/2621
f 1412/2377 1725/2376 1937/2622
f 1234/2623 1982/2624 3977/2625
f 2350/2626 1621/2627 2155/2628
f 3152/2629 1265/2630 3043/2631
f 1593/2632 1344/2633 1266/2634
f 1398/2635 1423/2636 1267/2637
f 1271/2638 1204/2639 3411/2640
f 4102/2641 1579/2642 1279/2576
f 1294/2569 2783/2643 1848/2644
f 1781/2645 2099/2646 1300/2647
f 2597/2648 3762/2649 1679/2578
f 1504/2650 301/2651 302/2652
f 1204/2639 2062/2653 1585/2654
f 4051/2655 3546/2656 1939/2657
f 281/2551 282/2425 2671/2658
f 1404/2549 2102/2659 1274/2660
f 2824/2661 1421/2662 3934/2663
f 1546/2179 1903/2181 1940/2664
f 3307/2665 2068/2666 1779/2667
f 1402/2668 1939/2657 3592/2669
f 2717/2670 1941/2671 1244/2215
f 3184/2672 3097/2673 1920/2136
f 1338/2674 2187/2675 2475/2676
f 3063/2677 3996/2678 1781/2645
f 2379/2679 1942/2241 1634/2240
f 1313/2680 325/2104 1533/2103
f 1247/2570 3563/2572 1943/2681
f 2208/2682 3139/2683 1760/2684
f 1777/2685 1418/2686 1809/2687
f 1426/2688 2003/2689 1776/2690
f 1268/2691 1579/2642 3006/2692
f 1844/2693 1216/2694 1944/2695
f 1769/2696 1935/2697 4046/2698
f 1284/2699 1589/2700 1945/2701
f 3843/2702 3784/2703 1783/2704
f 1363/2705 1653/2706 3477/2274
f 1223/2707 2033/2708 1946/2709
f 3209/2710 1253/2483 2607/2711
f 247/2276 1507/2275 246/2278
f 4158/2712 1252/2713 2696/2714
f 1258/2243 2530/2251 4024/2715
f 1232/2716 1680/2717 2137/2718
f 3400/2619 1880/2719 1537/2720
f 1262/2529 1878/2721 2590/2722
f 1325/2237 2399/2239 1784/2723
f 3488/2724 1433/2725 1324/2726
f 2380/2727 1333/2728 1458/2729
f 2491/2730 1583/2621 2791/2731
f 325/2104 1313/2680 2574/2732
f 3048/2733 1681/2734 1205/2735
f 3158/2736 3187/2737 2432/2738
f 1236/2739 1985/2740 1948/2741
f 3001/2742 3319/2743 2557/2744
f 1358/2745 1949/2746 1802/2747
f 3644/2748 3867/2749 1950/2750
f 1734/2751 2083/2752 2447/2753
f 1786/2754 1476/2755 1426/2688
f 3174/2756 3310/2757 2495/2758
f 3170/2418 2328/2129 1919/2419
f 1788/2759 2183/2760 3268/2761
f 3546/2656 2381/2762 2425/2763
f 2949/2764 1855/2765 2234/2766
f 1299/2767 1421/2662 3980/2148
f 1429/2768 1783/2704 3784/2703
f 1553/2769 1934/2770 1952/2771
f 1953/2772 1613/2773 1315/2774
f 4162/2775 1944/2695 3104/2776
f 1261/2777 2791/2731 1954/2778
f 3251/2779 3788/2780 2392/2781
f 2604/2782 1283/2783 1448/2784
f 2669/2785 1563/2595 3929/2786
f 3588/2787 1471/2788 3501/2789
f 3286/2790 1553/2769 1952/2771
f 3908/2791 1442/2792 1327/2793
f 3625/2794 1286/2482 2674/2795
f 214/2476 215/2268 2309/2477
f 3413/2796 1287/2797 3276/2798
f 3688/2799 1443/2800 1789/2801
f 1759/2504 2095/2802 1320/2502
f 2482/2803 1322/2804 1750/2805
f 2663/2806 1249/2807 3179/2610
f 1790/2808 1443/2800 3688/2799
f 2884/2809 1539/2497 3493/2810
f 2143/2811 1410/2812 1957/2813
f 4164/2814 2108/2815 1917/2392
f 2630/2816 1584/2817 4029/2818
f 4112/2819 1958/2238 1382/2457
f 1571/2403 3585/2402 1959/2820
f 323/2405 324/2821 2995/2822
f 3956/2823 3793/2824 1269/2825
f 1415/2826 2001/2827 1960/2828
f 1538/2829 1554/2830 1205/2735
f 1760/2684 3139/2683 1961/2831
f 1219/2562 1929/2561 1962/2832
f 3790/2833 1509/2834 1963/2286
f 2964/2835 1964/2836 1759/2504
f 2276/2837 3623/2838 1700/2839
f 2738/2840 1965/2841 2110/2842
f 1611/2843 2036/2844 1966/2845
f 1369/2846 2069/2847 1794/2848
f 3818/2849 2080/2850 1688/2851
f 1674/2852 1937/2622 1725/2376
f 1433/2725 3488/2724 1967/2853
f 1811/2854 1795/2855 1331/2856
f 2035/2857 1968/2858 2882/2859
f 1316/2523 1961/2831 1796/2860
f 2535/2861 1449/2862 3922/2863
f 2626/2864 2920/2865 2338/2866
f 1669/2585 1318/2867 2573/2868
f 1819/2869 2104/2870 2617/2871
f 1784/2723 1795/2855 1325/2237
f 2971/2353 1370/2872 2292/2873
f 1329/2527 1797/2874 3381/2875
f 1316/2523 1329/2527 1604/2526
f 3107/2876 3381/2875 1797/2874
f 1382/2457 1958/2238 3390/2877
f 3352/2878 1463/2879 3138/2880
f 3138/2880 2076/2881 2830/2882
f 1332/2883 1970/2884 1971/2885
f 2101/2886 1427/2887 2789/2888
f 2676/2889 2020/2890 3085/2891
f 1333/2728 1972/2892 1336/2893
f 1543/2894 1974/2895 3376/2896
f 1799/2897 1326/2898 1632/2899
f 3672/2900 2979/2901 1692/2902
f 2355/2903 1799/2897 1632/2899
f 1330/2904 1744/2905 1696/2906
f 2618/2907 2240/2908 2578/2909
f 2187/2675 1561/2910 3374/2911
f 1736/2066 1895/2070 313/2069
f 1737/2076 315/2912 316/2079
f 310/2086 311/2913 2374/2914
f 1659/2092 322/2091 1975/2406
f 2890/2915 1976/2916 1728/2917
f 1897/2099 307/2101 2952/2401
f 2255/2918 1434/2919 3017/2920
f 317/2080 318/2088 1977/2083
f 3753/2921 2541/2922 1930/2566
f 328/2111 329/2122 3549/2112
f 1281/2923 1834/2924 3608/2925
f 3674/2926 2406/2927 1377/2928
f 3105/2929 3201/2930 2389/2139
f 1753/2931 1206/2417 1978/2416
f 3097/2673 1347/2144 2416/2146
f 283/2426 284/2932 1348/2933
f 3783/2934 1210/2935 1979/2936
f 3773/2438 277/2937 278/2938
f 3796/2939 1211/2940 3554/2941
f 1648/2942 1901/2943 2302/2944
f 1381/2171 1921/2442 256/2945
f 3362/2946 2580/2947 2256/2948
f 1399/2553 2061/2949 1763/2554
f 274/2177 2291/2176 1801/2950
f 4126/2951 2544/2952 3222/2953
f 4121/2954 1651/2558 3466/2557
f 266/2955 1661/2197 265/2956
f 2370/2544 2207/2957 1237/2958
f 1904/2221 291/2228 292/2218
f 1526/2959 3370/2960 1780/2961
f 3891/2962 333/2233 334/2235
f 3937/2963 1949/2746 2676/2889
f 1789/2801 1599/2964 1980/2965
f 3685/2966 2109/2967 2693/2968
f 211/2969 212/2336 2994/2970
f 212/2336 213/2971 1361/2258
f 1362/2972 1519/2973 2112/2974
f 2738/2840 3075/2975 1965/2841
f 1457/2976 1223/2707 4087/2977
f 1598/2978 1994/2979 2599/2980
f 1865/2981 2037/2982 1981/2983
f 1430/2984 1652/2271 1620/2270
f 2796/2985 242/2986 1509/2834
f 3663/2987 239/2988 240/2298
f 3271/2989 1366/2292 3874/2291
f 1656/2990 1911/2331 3695/2991
f 3496/2321 3745/2320 1226/2323
f 237/2315 238/2302 1698/2490
f 1520/2992 1883/2491 1391/2993
f 2806/2994 2152/2995 1966/2845
f 3380/2996 1229/2262 1805/2500
f 1495/2997 2082/2998 1806/2999
f 3650/3000 1913/2358 3414/3001
f 3421/2613 1218/3002 2282/3003
f 3011/3004 2137/2718 2692/3005
f 2308/3006 3622/3007 2761/3008
f 343/2366 344/2372 1372/2367
f 3815/3009 1773/3010 3372/3011
f 192/3012 1914/2368 2367/2370
f 2709/3013 3488/2724 1324/2726
f 1893/3014 1289/3015 2828/2530
f 3590/3016 3741/3017 1688/2851
f 186/3018 187/2388 2353/3019
f 3340/3020 1982/2624 1234/2623
f 3177/3021 1375/3022 3340/3020
f 1475/3023 1969/3024 1983/3025
f 2332/3026 1808/3027 1465/3028
f 3665/3029 1293/3030 1984/3031
f 1235/3032 1782/3033 2274/3034
f 1282/3035 1684/3036 3050/3037
f 1809/2687 3245/3038 3259/3039
f 1810/3040 1588/3041 2362/3042
f 2731/2471 1274/2660 2793/2435
f 256/2945 257/2172 1381/2171
f 336/3043 1958/2238 4112/2819
f 3390/2877 1325/2237 1811/2854
f 1605/2564 1734/2751 1296/2565
f 3971/3044 1985/2740 3180/3045
f 3325/3046 1755/3047 2927/2469
f 4099/2428 3036/2427 2785/3048
f 3422/3049 3043/2631 1761/2537
f 1314/3050 2041/3051 1792/3052
f 1385/3053 3623/2838 2276/2837
f 1518/3054 1884/3055 3518/3056
f 1633/3057 1986/3058 1464/3059
f 3235/3060 1534/3061 1405/3062
f 2708/3063 3747/3064 2506/3065
f 1482/3066 1820/3067 1812/3068
f 1614/3069 2529/3070 2138/3071
f 2658/3072 2583/3073 2115/3074
f 1363/2705 1598/2978 3719/3075
f 1520/2992 1770/3076 1368/2492
f 1528/3077 1863/3078 1988/3079
f 1220/3080 1450/3081 1392/3082
f 2339/3083 1601/3084 2885/3085
f 3054/3086 1631/3087 2245/3088
f 1644/2096 1343/2105 1813/3089
f 3210/3090 3570/3091 3582/3092
f 2748/3093 1982/2624 2119/3094
f 1403/3095 1817/3096 4084/3097
f 1384/3098 1851/3099 3793/2824
f 1682/3100 1396/3101 1989/3102
f 3120/3103 1815/3104 2609/3105
f 3303/3106 1530/3107 2940/3108
f 3771/3109 3395/3110 2356/3111
f 2926/2555 1239/3112 1420/2437
f 2818/3113 1423/2636 1398/2635
f 1267/2637 2039/3114 1398/2635
f 3742/3115 1399/2553 1240/2552
f 3356/3116 3881/3117 2061/2949
f 1400/2556 1651/2558 3541/3118
f 1213/2204 271/2192 3760/2191
f 1608/3119 1242/3120 1353/3121
f 4001/3122 3258/3123 1990/3124
f 1401/3125 2474/2543 3599/3126
f 1243/2212 1401/3125 1991/3127
f 1618/3128 1991/3127 1401/3125
f 3621/3129 2486/3130 1285/3131
f 2831/3132 1992/3133 1685/3134
f 1730/3135 1288/3136 2346/3137
f 3783/2934 2302/2944 1210/2935
f 1816/3138 2102/2659 1979/2936
f 3002/3139 1251/3140 2678/3141
f 1441/3142 1879/3143 1406/3144
f 3610/3145 2011/3146 2603/3147
f 1253/2483 1670/3148 1407/3149
f 1252/2713 3767/2481 1407/3149
f 1697/3150 2037/2982 1364/2269
f 3202/3151 1993/3152 1654/3153
f 2429/3154 2909/3155 1946/2709
f 1994/2979 1598/2978 1408/3156
f 3306/3157 1995/3158 1819/2869
f 1256/3159 1528/3077 3322/3160
f 1556/2465 1923/2467 1410/2812
f 1453/3161 1231/3162 3227/3163
f 189/2384 190/2521 1822/2520
f 1997/2531 346/2387 1916/2386
f 3317/3164 4019/3165 3686/3166
f 1693/3167 1976/2916 2890/2915
f 1550/3168 1984/3031 1293/3030
f 3476/3169 1823/3170 1557/2462
f 4009/3171 1436/3172 1824/3173
f 1413/3174 3180/3045 2569/3175
f 2986/3176 3972/3177 2420/3178
f 1203/2075 1977/2083 2000/2082
f 2912/3179 1243/2212 1402/2668
f 1314/3050 1960/2828 3497/3180
f 4104/3181 1817/3096 1415/2826
f 3228/3182 3019/3183 1596/3184
f 1278/3185 1300/2647 1416/3186
f 3470/3187 3556/3188 1379/3189
f 1707/3190 1551/3191 2327/3192
f 2648/3193 1418/2686 2434/3194
f 3600/3195 1273/3196 2381/2762
f 2176/3197 3248/3198 1779/2667
f 2571/3199 1417/3200 2685/3201
f 1272/2423 3109/3202 3691/2421
f 1238/2147 1870/3203 3980/2148
f 1422/3204 1212/3205 2560/3206
f 1623/2210 1941/2671 2002/3207
f 1277/2135 287/2211 1623/2210
f 3996/2678 3063/2677 3246/3208
f 1823/3170 1245/2536 1484/2538
f 1217/3209 1846/3210 1386/3211
f 3905/3212 3539/3213 1335/3214
f 3426/2464 4069/3215 1624/3216
f 1793/3217 2789/2888 3191/3218
f 2570/3219 1829/3220 1335/3214
f 3469/3221 3335/3222 4073/3223
f 1594/3224 2357/3225 2005/3226
f 1248/3227 1485/3228 2006/3229
f 2601/2266 4090/2272 1653/2706
f 1518/3054 1924/2264 2007/2468
f 1635/3230 3580/3231 1222/3232
f 1696/2906 2109/2967 1548/3233
f 2908/3234 1710/3235 1540/3236
f 1308/3237 2107/3238 1790/2808
f 3450/2573 4155/3239 2622/3240
f 1433/2725 4155/3239 1446/3241
f 3791/2522 1961/2831 1316/2523
f 3044/3242 1926/3243 2227/3244
f 1681/2734 3048/2733 3203/3245
f 2746/3246 2783/2643 1294/2569
f 1682/3100 1989/3102 1919/2419
f 1646/3247 2078/2126 1814/3248
f 1596/3184 1835/3249 1278/3185
f 1461/3250 2043/3251 1831/3252
f 2819/3253 3778/3254 2462/3255
f 2269/3256 3164/2563 3252/2588
f 2831/3132 3948/3257 2462/3255
f 3025/3258 3577/3259 1628/3260
f 1387/3261 1955/3262 2392/2781
f 4018/3263 1638/3264 2077/3265
f 2154/3266 4067/3267 1635/3230
f 1635/3230 1222/3232 1837/2257
f 3419/3268 1964/2836 2964/2835
f 1839/3269 2075/3270 2012/3271
f 2826/3272 1451/3273 2110/2842
f 2505/3274 3689/3275 2198/3276
f 1443/2800 1881/3277 1789/2801
f 2693/2968 2407/2252 1599/2964
f 1512/3278 1658/3279 1841/3280
f 185/3281 1917/2392 184/2391
f 1324/2726 1433/2725 3573/3282
f 3066/3283 2329/2618 2208/2682
f 2842/3284 1533/2103 2917/3285
f 1659/2092 1890/3286 1693/3167
f 2979/2901 3611/3287 1692/2902
f 3062/3288 1335/3214 2918/3289
f 1555/3290 1409/3291 1842/3292
f 1838/2503 1839/3269 2012/3271
f 1451/3273 2826/3272 2403/3293
f 1321/3294 1392/3082 3231/3295
f 1450/3081 1714/3296 3231/3295
f 1611/2843 2069/2847 1750/2805
f 3626/3297 1393/3298 2245/3088
f 2323/3299 3655/3300 3051/3301
f 3741/3017 3590/3016 3051/3301
f 1821/3302 1453/3161 2981/3303
f 2757/3304 1626/3305 3290/3306
f 1494/3307 1548/3233 2186/3308
f 1630/3309 2075/3270 2014/3310
f 1475/3023 1492/3311 1560/3312
f 1699/3313 1442/2792 2955/3314
f 2662/3315 3904/3316 1457/2976
f 3381/2875 3107/2876 2404/3317
f 3710/3318 3352/2878 2016/3319
f 1690/2355 2082/2998 1798/3320
f 3067/3321 2484/3322 2714/3323
f 1280/3324 1950/2750 3867/2749
f 3937/2963 1280/3324 1469/3325
f 3616/3326 2018/3327 1559/3328
f 2197/3329 1461/3250 2140/3330
f 1425/3331 1708/3332 2760/3333
f 3062/3288 1462/3334 1335/3214
f 3562/3335 3611/3287 2454/3336
f 1479/3337 1986/3058 1633/3057
f 2795/3338 1386/3211 1846/3210
f 1633/3057 1889/3339 2773/3340
f 3579/3341 2355/2903 1632/2899
f 1808/3027 2174/3342 2435/3343
f 3045/3344 1857/3345 2512/3346
f 1552/3347 2090/3348 3489/3349
f 1246/3350 1942/2241 2379/2679
f 3301/3351 2019/3352 2963/3353
f 1973/3354 1460/3355 2020/2890
f 3905/3212 3649/3356 1828/3357
f 1280/3324 2001/2827 1469/3325
f 1473/3358 1470/3359 3894/3360
f 3864/3361 1471/2788 1590/3362
f 2325/3363 3185/3364 3929/2786
f 1636/3365 1221/3366 3780/3367
f 3391/3368 3689/3275 1840/3369
f 1299/2767 1778/3370 1421/2662
f 1778/3370 1826/3371 1474/2429
f 1475/3023 1983/3025 1492/3311
f 1549/3372 2277/3373 1969/3024
f 1420/2437 1239/3112 1718/3374
f 2216/3375 2127/3376 3028/3377
f 3952/3378 2073/3379 1624/3216
f 2857/3380 2021/3381 3810/3382
f 3122/3383 2813/3384 1479/3337
f 1472/3385 1519/2973 2273/3386
f 3481/3387 2024/3388 3143/3389
f 3185/3364 1221/3366 2022/3390
f 4009/3171 2008/3391 4101/3392
f 3925/3393 1484/2538 2724/3394
f 1395/3395 1269/2825 1851/3099
f 1300/2647 1783/2704 2880/3396
f 1846/3210 1756/3397 3336/2472
f 1640/3398 1867/3399 2619/3400
f 1331/2856 1487/3401 1852/3402
f 2387/3403 1535/3404 2686/3405
f 2813/3384 1488/3406 2612/3407
f 3481/3387 1569/3408 2024/3388
f 2007/2468 2058/3409 1385/3053
f 1489/3410 1548/3233 1494/3307
f 1845/3411 2016/3319 3352/2878
f 1720/3412 1498/3413 3919/3414
f 3922/2863 3391/3368 3894/3360
f 4057/3415 2054/3416 4137/3417
f 1291/3418 3570/3091 2875/3419
f 3043/2631 1491/3420 3194/3421
f 1513/3422 2025/3423 1735/3424
f 1439/2586 1669/2585 2573/2868
f 1517/2461 1638/3264 2440/2407
f 2101/2886 1715/3425 3067/3321
f 3777/3426 1458/2729 2378/3427
f 4106/3428 3923/3429 2519/3430
f 1494/3307 1339/2248 1489/3410
f 1733/3431 2066/3432 1806/2999
f 1370/2872 1798/3320 2170/3433
f 1717/3434 2899/3435 2027/3436
f 1496/2242 2963/3353 4058/3437
f 3877/3438 4058/3437 1328/3439
f 1590/3362 1471/2788 1853/3440
f 3172/3441 1854/3442 2517/3443
f 1474/2429 4099/2428 2028/3444
f 1499/3445 1856/3446 1720/3412
f 1565/3447 3320/2459 1722/3448
f 3803/2460 2710/3449 1515/3450
f 1498/3413 1720/3412 1856/3446
f 1535/3404 2970/3451 3898/2607
f 1716/3452 2029/3453 3770/3454
f 1501/2400 3816/2399 2030/3455
f 2946/3456 4154/3457 2435/3343
f 1502/3458 1270/2540 1694/3459
f 1530/3107 2899/3435 1857/3345
f 3023/3460 303/3461 304/3462
f 2940/3108 2031/2120 3548/3463
f 302/2652 303/3461 3461/3464
f 3296/3465 2093/3466 3181/3467
f 1281/2923 3608/2925 3514/3468
f 1348/2933 284/2932 2812/2145
f 1723/3469 1347/2144 1858/3470
f 2510/3471 1649/3472 1208/3473
f 1731/3474 1894/3475 1349/3476
f 1739/2128 3933/2413 4043/3477
f 1506/3478 2032/3479 1769/2696
f 3619/3480 1686/3481 3595/3482
f 12/3483 1909/3484 247/2276
f 3127/3485 1859/3486 1542/2598
f 241/2299 242/2986 2796/2985
f 242/2986 243/3487 3190/2290
f 2034/3488 1256/3159 3322/3160
f 1656/2990 2079/3489 3377/3490
f 4004/3491 1583/2621 3768/2620
f 2491/2730 1261/2777 2015/3492
f 3678/3493 1841/3280 1658/3279
f 2640/3494 2846/3495 2283/3496
f 3016/3497 2174/3342 2406/2927
f 4008/3498 3674/2926 1377/2928
f 1237/2958 2207/2957 1514/3499
f 1860/3500 2993/3501 1516/3502
f 1467/3503 1968/2858 2035/2857
f 1861/3504 2661/3505 2936/3506
f 4077/3507 4066/3508 2214/3509
f 1611/2843 1884/3055 2036/2844
f 1361/2258 1837/2257 1862/3510
f 2125/3511 1388/3512 2142/3513
f 1519/2973 1362/2972 2583/3073
f 1390/2602 2072/3514 1770/3076
f 1257/3515 1445/3516 1521/3517
f 1522/2507 1393/3298 3626/3297
f 1702/3518 1815/3104 3244/3519
f 2510/3471 2359/2441 1864/2440
f 3638/3520 4117/3521 2158/3522
f 3838/3523 3480/3524 1267/2637
f 2703/2223 1526/2959 2717/2670
f 2249/3525 1772/3526 2185/3527
f 1772/3526 4162/2775 3821/3528
f 1757/2479 1283/2783 3311/3529
f 1697/3150 1981/2983 2037/2982
f 1771/2606 1255/2605 3322/3160
f 1247/2570 1866/3530 3651/3531
f 3821/3528 1943/2681 3761/2580
f 2161/3532 1323/3533 3740/3534
f 3740/3534 3590/3016 1529/3535
f 1276/3536 1732/2547 1531/3537
f 4095/3538 1677/3539 2587/3540
f 3521/3541 1829/3220 2570/3219
f 2301/3542 3801/3543 1627/3544
f 3558/3545 3440/3546 1205/2735
f 2371/3547 1713/3548 1302/3549
f 3982/3550 1405/3062 1534/3061
f 2342/3551 1303/3552 2803/2582
f 3172/3441 2387/3403 2686/3405
f 1337/3553 2240/2908 2451/3554
f 2884/2809 4085/3555 1539/2497
f 1288/3136 1218/3002 3485/3556
f 1374/3557 3754/3558 1289/3015
f 1537/2720 3768/2620 3400/2619
f 1538/2829 2040/3559 1675/3560
f 2565/3561 1521/3517 3692/2498
f 3553/3562 1288/3136 1791/3563
f 1295/2463 1557/2462 1868/3564
f 1482/3066 1812/3068 3136/3565
f 3890/3566 1710/3235 2908/3234
f 1450/3081 3483/3567 1700/2839
f 3987/3568 1852/3402 1487/3401
f 2485/3569 1625/3570 2194/3571
f 3137/3572 1974/2895 3928/3573
f 1568/3574 1905/2247 3279/2246
f 3977/2625 3989/3575 3686/3166
f 3015/3576 4134/3577 2906/3578
f 3857/3579 3974/2114 2536/2116
f 2487/3580 2045/2168 2847/2159
f 1903/2181 1351/2180 3064/2443
f 3890/3566 2046/3581 1710/3235
f 2042/3582 1555/3290 1547/3583
f 3409/3584 1310/3585 2047/3586
f 1849/3587 1969/3024 2048/3588
f 1711/3589 2996/3590 3540/3591
f 1707/3190 2327/3192 2049/3592
f 1617/3593 2946/3456 2050/3594
f 3827/3595 4115/2587 2284/2589
f 1685/3134 1553/2769 3286/2790
f 1403/3095 4084/3097 3960/3596
f 1721/3597 2432/2738 2051/3598
f 1871/3599 1547/3583 1555/3290
f 2437/3600 1842/3292 3567/3601
f 1705/2345 1996/3602 1556/2465
f 1943/2681 1866/3530 1247/2570
f 2364/3603 2503/3604 2335/3605
f 1525/2439 1703/3606 1397/3607
f 1384/3098 1868/3564 1557/2462
f 2053/3608 1624/3216 1424/3609
f 2088/3610 2029/3453 1716/3452
f 3319/2743 3001/2742 1558/3611
f 2128/3612 1559/3328 2132/3613
f 2576/3614 1376/3615 2892/3616
f 3449/2473 1756/3397 2700/3617
f 1830/3618 3666/3619 1217/3209
f 1873/3620 2578/2909 1561/2910
f 1472/3385 2273/3386 2306/3621
f 1664/3622 3810/3382 1875/3623
f 1565/3447 1729/3624 1383/3625
f 3648/3626 1722/3448 3564/2409
f 1383/3625 1729/3624 3907/3627
f 311/2913 312/2068 1566/2078
f 2555/3628 3009/3629 2304/3630
f 2555/3628 3131/2470 2516/3631
f 3433/3632 3881/3117 3356/3116
f 1816/3138 2103/3633 3552/3634
f 267/3635 268/3636 3132/2208
f 270/2203 3880/2202 3092/3637
f 2872/3638 3323/3639 1215/2226
f 2514/3640 3370/2960 2056/3641
f 289/3642 15/3643 3249/2222
f 3418/3644 2963/3353 2019/3352
f 1499/3445 1882/3645 1568/3574
f 1309/3646 1385/3053 2058/3409
f 197/3647 3421/2613 3414/3001
f 3490/2532 3633/3648 3654/3649
f 1918/2394 2059/3650 349/3651
f 2866/3652 2415/3653 2117/3654
f 295/2451 296/2140 3367/3655
f 3620/2132 1214/2454 1573/2453
f 2872/3638 1573/2453 2413/3656
f 219/2284 3055/2295 1574/3657
f 1574/3657 2034/3488 1697/3150
f 1575/2318 1910/2317 1609/3658
f 1225/3659 1655/2488 1575/2318
f 2931/3660 1237/2958 2060/3661
f 2930/3662 1237/2958 1514/3499
f 2402/2163 1731/3474 1349/3476
f 2299/3663 1268/2691 3006/2692
f 1248/3227 1579/2642 4102/2641
f 1767/2577 1579/2642 2062/2653
f 2486/3130 3621/3129 1580/3664
f 2160/3665 1835/3249 2136/3666
f 3305/2594 3968/2593 3401/3667
f 1769/2696 3413/2796 1506/3478
f 201/2256 202/2615 3517/2340
f 1877/3668 1230/3669 2225/3670
f 1582/2506 1393/3298 1522/2507
f 2137/2718 1583/2621 4004/3491
f 1592/3671 2382/3672 2904/3673
f 3385/3674 2596/3675 2751/3676
f 1235/3032 1576/2535 2596/3675
f 1587/3677 4068/3678 1271/2638
f 1618/3128 3599/3126 2065/3679
f 1762/3680 2827/2545 2425/2763
f 3113/3681 1417/3200 2571/3199
f 1560/3312 1810/3040 2362/3042
f 3556/3188 3470/3187 1551/3191
f 1850/3682 1284/2699 1477/3683
f 2250/3684 3439/3685 3176/3686
f 1441/3142 2081/3687 1879/3143
f 1287/2797 1768/2591 1591/3688
f 2727/3689 1374/3557 3942/2379
f 1261/2777 1954/2778 2261/3690
f 1262/2529 3750/2528 1592/3671
f 1370/2872 2170/3433 1880/2719
f 1266/2634 1728/2917 1593/2632
f 1626/3305 2005/3226 2357/3225
f 2040/3559 1594/3224 2746/3246
f 3019/3183 3228/3182 2584/3691
f 1825/3692 2106/3693 1595/3694
f 1279/2576 2003/2689 4143/3695
f 1596/3184 1416/3186 3228/3182
f 1216/2694 1796/2860 1597/3696
f 1440/3697 1628/3260 2508/3698
f 1317/2408 2010/3699 2338/2866
f 1598/2978 2599/2980 1615/3700
f 1672/3701 1598/2978 1363/2705
f 1360/2253 2407/2252 2693/2968
f 1496/2242 4058/3437 1600/3702
f 1495/2997 1806/2999 2066/3432
f 1393/3298 1582/2506 1601/3084
f 1584/2817 3037/3703 4029/2818
f 2904/3673 2366/3704 3020/3705
f 1603/3706 2767/3707 3183/3708
f 1683/2524 1954/2778 3011/3004
f 1535/3404 1727/3709 3923/3429
f 2962/3710 3436/3711 2420/3178
f 1476/2755 1786/2754 1734/2751
f 3181/3467 1709/3712 4073/3223
f 1346/3713 3677/3714 2067/3715
f 2559/3716 1608/3119 1353/3121
f 1422/3204 1650/3717 4001/3122
f 1743/2183 1213/2204 3760/2191
f 1744/2905 1906/2254 1360/2253
f 1367/2316 2079/3489 2801/3718
f 1225/3659 1575/2318 1609/3658
f 3471/3719 2656/2313 1698/2490
f 1520/2992 1368/2492 1883/2491
f 1369/2846 1750/2805 2069/2847
f 1518/3054 2036/2844 1884/3055
f 3655/3300 2323/3299 3714/3720
f 2231/3721 1613/2773 2119/3094
f 1953/2772 1774/3722 2350/2626
f 1885/3723 2547/2175 2181/3724
f 1608/3119 1990/3124 3265/3725
f 3759/3726 3575/3727 3616/3326
f 3075/2975 1614/3069 2138/3071
f 2126/3728 3983/3729 2529/3070
f 1653/2706 1363/2705 2071/3730
f 1655/2488 1225/3659 2072/3514
f 2683/3731 1616/3732 1225/3659
f 1552/3347 2050/3594 3016/3497
f 1343/2105 1897/2099 1617/3593
f 3599/3126 1618/3128 1401/3125
f 4042/2534 2667/2533 1927/2560
f 3192/3733 1932/2571 3581/3734
f 3460/3735 1754/3736 3651/3531
f 1387/3261 1639/2480 2294/3737
f 3637/2273 2450/3738 3285/3739
f 2748/3093 2350/2626 2155/2628
f 2167/3740 2901/3741 2764/3742
f 2162/3743 3699/3744 3964/3745
f 1647/3746 1740/2142 2295/2141
f 1780/2961 1941/2671 2717/2670
f 1207/3747 2002/3207 1941/2671
f 1486/3748 1867/3399 2114/3749
f 3358/3750 1986/3058 2197/3329
f 3952/3378 2216/3375 2073/3379
f 1245/2536 1823/3170 3476/3169
f 1358/2745 2301/3542 2194/3571
f 2379/2679 2485/3569 3215/3751
f 1317/2408 2025/3423 1513/3422
f 3465/3752 2338/2866 2508/3698
f 1850/3682 2483/3753 3217/3754
f 2219/3755 2925/3756 2483/3753
f 1706/3757 1998/3758 1511/3759
f 1706/3757 1233/3760 2074/3761
f 3407/3762 2075/3270 1839/3269
f 1881/3277 1630/3309 3685/2966
f 1393/3298 1601/3084 3054/3086
f 2230/3763 1631/3087 2152/2995
f 1887/3764 1632/2899 2076/2881
f 1847/3765 3579/3341 3341/3766
f 1326/2898 2076/2881 1632/2899
f 1326/2898 1971/2885 1970/2884
f 1640/3398 1889/3339 1464/3059
f 1600/3702 2004/3767 1496/2242
f 1625/3570 2485/3569 3521/3541
f 1222/3232 1862/3510 1837/2257
f 1761/2537 1637/3768 2724/3394
f 1602/3769 3020/3705 2997/3770
f 1517/2461 1861/3504 1638/3264
f 4018/3263 2626/2864 2010/3699
f 1633/3057 1464/3059 1889/3339
f 2178/3771 1640/3398 1464/3059
f 1228/2250 2063/3772 1641/3773
f 1642/3774 2136/3666 2128/3612
f 3086/2089 3161/2084 2374/2914
f 1342/2094 1693/3167 2890/2915
f 1266/2634 1898/2108 1643/2107
f 1343/2105 2050/3594 1813/3089
f 1503/2119 1899/2110 2938/2109
f 1645/2541 1270/2540 1502/3458
f 2512/3346 1645/2541 1502/3458
f 1437/2125 1814/3248 2078/2126
f 1206/2417 1753/2931 1646/3247
f 1272/2423 2671/2658 2259/2424
f 1348/2933 1723/3469 1647/3746
f 251/2157 252/3775 3144/3776
f 252/3775 253/2158 3515/2160
f 3467/3777 1208/3473 1649/3472
f 3554/2941 3433/3632 1731/3474
f 1546/2179 2045/2168 2487/3580
f 1381/2171 1827/3778 3627/3779
f 261/2200 1922/3780 260/2444
f 274/2177 1801/2950 3466/2557
f 1353/3121 1242/3120 1651/2558
f 1652/2271 1430/2984 3230/3781
f 217/3782 218/2283 1652/2271
f 2071/3730 1363/2705 3719/3075
f 1509/2834 1508/2289 1654/3153
f 2104/2870 1993/3152 3202/3151
f 223/2305 224/2489 1655/2488
f 1616/3732 2072/3514 1225/3659
f 1367/2316 1748/2309 3377/3490
f 1656/2990 1227/2310 4079/2312
f 1372/2367 4025/3783 1657/2518
f 3204/3784 1658/3279 1512/3278
f 3204/3784 1323/3533 2161/3532
f 1693/3167 1890/3286 3743/3785
f 1342/2094 321/2093 1659/2092
f 1824/3173 3220/3786 2766/3787
f 277/2937 1902/2166 276/2165
f 2698/3788 1505/3789 1660/2164
f 266/2955 3420/3790 1661/2197
f 3723/2184 2715/2448 1891/2182
f 3850/2198 3293/2195 1662/2189
f 2341/3791 1414/2213 2220/2452
f 4107/3792 1825/3692 1663/3793
f 3601/3794 1663/3793 1416/3186
f 1718/3374 1664/3622 2927/2469
f 2832/2601 3140/2487 1390/2602
f 3887/3795 3055/2295 2238/2294
f 204/2337 1805/2500 1229/2262
f 4142/2499 1877/3668 1666/3796
f 1292/3797 1435/3798 3187/2737
f 2381/2762 4051/2655 3071/3799
f 1927/2560 1667/2559 1991/3127
f 2998/3800 3823/3801 1306/3802
f 1833/3803 2006/3229 1485/3228
f 1209/2430 1704/3804 1668/2548
f 2926/2555 3667/3805 1397/3607
f 1669/2585 2779/2584 2317/3806
f 1670/3148 2055/3807 1407/3149
f 4145/2590 3209/2710 1768/2591
f 3904/3316 1671/3808 1457/2976
f 1408/3156 1598/2978 1672/3701
f 1363/2705 3477/2274 1672/3701
f 2358/3809 3919/3414 2377/3810
f 2298/3811 3446/3812 3503/3813
f 1529/3535 1688/2851 2080/2850
f 3478/3814 1675/3560 3522/2568
f 4139/3815 1885/3723 2181/3724
f 1241/2185 3713/2187 2494/3816
f 1414/2213 1243/2212 2912/3179
f 1277/2135 2002/3207 1678/2420
f 4011/3817 1640/3398 2619/3400
f 2760/3333 2475/2676 2911/3818
f 1296/2565 1776/2690 2597/2648
f 1579/2642 1767/2577 1279/2576
f 3502/3819 1251/3140 3002/3139
f 1430/2984 1620/2270 3637/2273
f 2228/3820 3477/2274 3285/3739
f 1680/2717 3330/3821 1371/3822
f 1371/3822 3511/3823 1680/2717
f 1681/2734 3203/3245 3442/3824
f 1814/3248 1989/3102 3197/2539
f 3546/2656 4051/2655 2381/2762
f 2183/2760 2381/2762 3071/3799
f 1683/2524 1316/2523 1604/2526
f 1282/3035 3911/3825 2889/3826
f 1304/3827 1992/3133 2831/3132
f 1327/2793 3050/3037 2344/3828
f 1542/2598 1859/3486 2623/3829
f 1872/3830 1681/2734 3442/3824
f 1315/2774 1959/2820 3585/2402
f 2535/2861 3407/3762 1449/2862
f 2166/3831 4165/3832 3922/2863
f 1701/3833 1687/3834 3607/3835
f 1612/3836 3173/3837 3655/3300
f 1448/2784 1757/2479 1689/3838
f 3777/3426 1334/3839 1690/2355
f 1495/2997 1798/3320 2082/2998
f 2484/3322 1334/3839 2378/3427
f 1691/3840 1458/2729 1333/2728
f 1692/2902 1462/3334 3062/3288
f 1692/2902 3062/3288 2714/3323
f 1462/3334 1692/2902 3611/3287
f 1659/2092 1693/3167 1342/2094
f 3977/2625 1976/2916 1234/2623
f 1465/3028 4137/3417 3015/3576
f 2665/3841 1502/3458 1694/3459
f 3399/3842 3290/3306 3301/3351
f 1742/3843 3721/3844 1505/3789
f 3597/3845 4001/3122 1990/3124
f 1696/2906 1548/3233 1489/3410
f 1489/3410 1330/2904 1696/2906
f 1408/3156 1672/3701 2871/3846
f 1364/2269 1574/3657 1697/3150
f 1527/2604 1981/2983 1255/2605
f 3538/2330 1616/3732 2683/3731
f 3360/3847 1609/3658 2910/3848
f 3815/3009 3818/2849 1523/3849
f 2277/3373 1549/3372 3050/3037
f 1327/2793 1442/2792 1699/3313
f 1282/3035 1549/3372 2193/3850
f 1478/3851 2857/3380 2331/3852
f 3810/3382 2021/3381 1564/3853
f 1700/2839 3623/2838 1714/3296
f 1220/3080 3483/3567 1450/3081
f 3607/3835 2738/2840 1451/3273
f 3757/3854 1309/3646 2802/3855
f 2500/3856 1787/3857 2495/2758
f 1702/3518 1297/3858 1524/3859
f 2027/3436 1413/3174 2569/3175
f 1734/2751 1605/2564 2083/2752
f 2359/2441 1703/3606 1525/2439
f 4007/3860 1668/2548 1704/3804
f 250/2153 3344/2156 2084/2154
f 1581/2338 1912/2347 2085/2346
f 2600/3861 1229/2262 3380/2996
f 1725/2376 1915/2378 3283/3862
f 1570/2396 2074/3761 3633/3648
f 3248/3198 2571/3199 2685/3201
f 4015/3863 1423/2636 2818/3113
f 1732/2547 3946/3864 2818/3113
f 3691/2421 3408/3865 2158/3522
f 281/2551 2671/2658 2086/2422
f 1708/3332 1425/3331 3649/3356
f 1346/3713 2067/3715 1709/3712
f 3983/3729 1710/3235 4026/3866
f 1264/3867 1984/3031 1711/3589
f 1436/3172 1985/2740 3971/3044
f 1712/3868 3463/3869 3152/2629
f 1571/2403 2907/3870 2371/3547
f 2842/3284 1313/2680 1533/2103
f 2603/3147 2437/3600 3175/3871
f 3879/3872 1669/2585 2317/3806
f 1450/3081 1700/2839 1714/3296
f 1701/3833 3607/3835 2403/3293
f 1465/3028 1808/3027 3415/3873
f 1500/2090 2029/3453 2088/3610
f 3199/3874 1718/3374 2858/3875
f 1718/3374 1380/3876 1420/2437
f 2241/3877 1569/3408 3481/3387
f 1481/3878 3896/3879 1431/3880
f 1487/3401 2066/3432 3858/3881
f 3247/3882 1869/3883 1719/3884
f 1497/3885 1854/3442 3172/3441
f 1499/3445 1720/3412 4016/3886
f 3194/3421 1721/3597 3386/3887
f 1926/3243 3044/3242 3158/2736
f 1722/3448 2089/3888 1729/3624
f 1858/3470 1347/2144 3184/2672
f 3694/3889 3677/3714 3294/3890
f 1654/3153 1963/2286 1509/2834
f 3790/2833 1365/2285 3027/3891
f 1512/3278 4108/3892 3714/3720
f 2026/2411 1724/3893 3674/2926
f 1552/3347 3016/3497 2090/3348
f 4066/3508 1923/2467 2052/2466
f 1947/3894 3223/3895 3081/3896
f 4059/3897 1863/3078 3690/3898
f 1725/2376 2038/3899 1674/2852
f 1233/3760 1915/2378 3654/3649
f 3401/3667 1726/2583 3305/2594
f 3235/3060 1933/3900 3839/2581
f 2387/3403 1727/3709 1535/3404
f 2255/2918 1593/2632 1728/2917
f 1266/2634 1643/2107 1728/2917
f 2503/3604 2364/3603 3460/3735
f 1397/3607 1703/3606 2865/3901
f 1565/3447 1722/3448 1729/3624
f 2545/3902 2925/3756 2999/3903
f 1218/3002 1288/3136 1730/3135
f 2346/3137 3192/3733 3581/3734
f 3433/3632 3554/2941 3881/3117
f 4147/3904 1349/3476 1894/3475
f 3292/2546 3946/3864 1732/2547
f 1398/2635 1531/3537 1732/2547
f 1715/3425 1793/3217 1733/3431
f 3858/3881 3987/3568 1487/3401
f 2083/2752 1605/2564 3771/3109
f 2447/2753 1236/2739 2690/3905
f 3577/3259 1836/3906 1735/3424
f 3106/3907 1735/3424 1439/2586
f 313/2069 16/2067 1736/2066
f 315/2912 1896/2071 314/2065
f 1340/2073 1896/2071 1737/2076
f 1203/2075 2962/3710 2243/2074
f 3461/3464 1738/2121 3857/3579
f 1302/3549 1713/3548 2917/3285
f 330/2123 331/2414 1739/2128
f 1346/3713 1709/3712 2093/3466
f 3941/3908 3371/3909 2811/2149
f 1945/2701 1741/3910 3917/3911
f 279/2151 2562/2150 3926/3912
f 1208/3473 3467/3777 3926/3912
f 1505/3789 2786/3913 1742/3843
f 1742/3843 1212/3205 3597/3845
f 3541/3118 3760/2191 1400/2556
f 1860/3500 1743/2183 3541/3118
f 1360/2253 1696/2906 1744/2905
f 3331/3914 4138/3915 1744/2905
f 3276/2798 1745/3916 1506/3478
f 246/2278 1507/2275 1746/2279
f 1859/3486 1319/2281 1746/2279
f 1747/2301 1366/2292 3271/2989
f 4060/3917 1698/2490 1747/2301
f 1227/2310 1656/2990 3377/3490
f 229/3918 230/2325 1749/2322
f 1367/2316 2801/3718 1749/2322
f 3329/3919 1322/2804 2482/2803
f 1322/2804 1611/2843 1750/2805
f 339/2513 340/2360 2613/2617
f 2630/2816 3503/3813 1584/2817
f 341/2361 342/2371 3537/2517
f 1259/3920 3446/3812 2298/3811
f 1371/3822 2761/3008 2550/3921
f 1324/2726 3573/3282 1752/2364
f 309/2085 3161/2084 3816/2399
f 1500/2090 2030/3455 3816/2399
f 1214/2454 2633/2134 2094/3922
f 3427/3923 3201/2930 1753/2931
f 1274/2660 1399/2553 3742/3115
f 1240/2552 2943/3924 3742/3115
f 2510/3471 3796/2939 1649/3472
f 1208/3473 4117/3521 2359/2441
f 1424/3609 1624/3216 4069/3215
f 2575/3925 1755/3047 3325/3046
f 1477/3683 3009/3629 2516/3631
f 1756/3397 3449/2473 3336/2472
f 1689/3838 1757/2479 3321/2478
f 1448/2784 1283/2783 1757/2479
f 1521/3517 3147/2612 1758/2496
f 1791/3563 1288/3136 3485/3556
f 1759/2504 1392/3082 1321/3294
f 1444/3926 1320/2502 2095/2802
f 3456/2362 2208/2682 2096/2363
f 3985/3927 3422/3049 2097/3928
f 3043/2631 1637/3768 1761/2537
f 2176/3197 1762/3680 2571/3199
f 1211/2940 1864/2440 1763/2554
f 1764/2447 3723/2184 1516/3502
f 1516/3502 1892/3929 1764/2447
f 1249/2807 2663/2806 2185/3527
f 1248/3227 2006/3229 1766/3930
f 2062/2653 1579/2642 1268/2691
f 3802/3931 1767/2577 1204/2639
f 1769/2696 4046/2698 2098/3932
f 2098/3932 4046/2698 3653/2592
f 1616/3732 1368/2492 1770/3076
f 1528/3077 1988/3079 1771/2606
f 3647/2599 1527/2604 1771/2606
f 3192/3733 2346/3137 3673/3933
f 2590/2722 1773/3010 1262/2529
f 1774/3722 2227/3244 2167/3740
f 1414/2213 2912/3179 2672/3934
f 2413/3656 1775/3935 4119/3936
f 1786/2754 1776/2690 1296/2565
f 3762/2649 1279/2576 1679/2578
f 1777/2685 1417/3200 3113/3681
f 1273/3196 3600/3195 1777/2685
f 1299/2767 1826/3371 1778/3370
f 2515/3937 2028/3444 2336/3938
f 1587/3677 2636/3939 4068/3678
f 1586/3940 3802/3931 4068/3678
f 3248/3198 1419/3941 1779/2667
f 3594/3942 1607/3943 1779/2667
f 1663/3793 3601/3794 2099/2646
f 1300/2647 2880/3396 1781/2645
f 1235/3032 2596/3675 1782/3033
f 1782/3033 3385/3674 3911/3825
f 2879/3944 3586/3945 2497/3946
f 1359/3947 1871/3599 2100/3948
f 1429/2768 1833/3803 1783/2704
f 1783/2704 1300/2647 1278/3185
f 3737/3949 2565/3561 3692/2498
f 1257/3515 1521/3517 2565/3561
f 1795/2855 1784/2723 3171/3950
f 1830/3618 4036/3951 2844/3952
f 2322/3953 1476/2755 1734/2751
f 1426/2688 1776/2690 1786/2754
f 1296/2565 1734/2751 1786/2754
f 2500/3856 2541/2922 1787/3857
f 1297/3858 1702/3518 3174/2756
f 1235/3032 2274/3034 1788/2759
f 1788/2759 3873/3954 2684/3955
f 2022/3390 1221/3366 1636/3365
f 2407/2252 1980/2965 1599/2964
f 1789/2801 1445/3516 1257/3515
f 1257/3515 2565/3561 3404/3956
f 1539/2497 1758/2496 1791/3563
f 1791/3563 1536/3957 2222/3958
f 3961/3959 1427/2887 2101/2886
f 1440/3697 2508/3698 2242/3960
f 1540/3236 1710/3235 3983/3729
f 1470/3359 1473/3358 4026/3866
f 1794/2848 2885/3085 2156/3961
f 1795/2855 4029/2818 1602/3769
f 1795/2855 1602/3769 1331/2856
f 1216/2694 1797/2874 1796/2860
f 1796/2860 1329/2527 1316/2523
f 1329/2527 1796/2860 1797/2874
f 1797/2874 1216/2694 3156/3962
f 1370/2872 1690/2355 1798/3320
f 1495/2997 3764/3963 1798/3320
f 1459/3964 1845/3411 3352/2878
f 3352/2878 3710/3318 1463/2879
f 1799/2897 2454/3336 2979/2901
f 2942/3965 1799/2897 2979/2901
f 3296/3465 3514/3468 3034/3966
f 1546/2179 1940/2664 1800/2169
f 1801/2950 1695/3967 1353/3121
f 1353/3121 1651/2558 4121/2954
f 3480/3524 3838/3523 1780/2961
f 1802/2747 1949/2746 1848/2644
f 1361/2258 1862/3510 1803/3968
f 1322/2804 3329/3919 1803/3968
f 1804/3969 3625/2794 2674/2795
f 204/2337 205/2501 1805/2500
f 1805/2500 4142/2499 1666/3796
f 1334/3839 2484/3322 2566/3970
f 1715/3425 1733/3431 1806/2999
f 2070/3971 1612/3836 4108/3892
f 1453/3161 1967/2853 1807/3972
f 1512/3278 2846/3495 2640/3494
f 2070/3971 1231/3162 1453/3161
f 1808/3027 2435/3343 4154/3457
f 3811/3973 1808/3027 4154/3457
f 1707/3190 3224/3974 3259/3039
f 1777/2685 1809/2687 1417/3200
f 1379/3189 1588/3041 1810/3040
f 1325/2237 1795/2855 1811/2854
f 1331/2856 1852/3402 1811/2854
f 1812/3068 3175/3871 3567/3601
f 2498/3975 3136/3565 1812/3068
f 1644/2096 1813/3089 2938/2109
f 1206/2417 1646/3247 1814/3248
f 1815/3104 1702/3518 1524/3859
f 2938/2109 1813/3089 3548/3463
f 1466/2410 3069/2412 3303/3106
f 2359/2441 4117/3521 3638/3520
f 1208/3473 3926/3912 2821/3976
f 1404/2549 1979/2936 2102/2659
f 1403/3095 1415/2826 1817/3096
f 1817/3096 1269/2825 1395/3395
f 3324/3977 1818/3978 2639/3979
f 195/3980 1913/2358 3939/2357
f 1671/3808 3904/3316 2104/2870
f 2617/2871 1865/2981 1819/2869
f 1482/3066 3780/3367 1820/3067
f 2603/3147 2105/3981 3610/3145
f 1411/2374 1373/2369 1821/3302
f 1967/2853 1821/3302 2732/3982
f 1411/2374 1821/3302 2981/3303
f 1264/3867 1711/3589 3277/3983
f 1851/3099 1823/3170 1484/2538
f 1823/3170 1384/3098 1557/2462
f 2376/3984 1824/3173 3180/3045
f 2766/3787 4009/3171 1824/3173
f 1416/3186 1663/3793 1825/3692
f 3100/3985 3470/3187 1379/3189
f 1622/2143 1740/2142 2680/3986
f 1827/3778 1381/2171 3473/2170
f 1885/3723 1827/3778 3473/2170
f 3649/3356 3905/3212 1708/3332
f 1427/2887 3961/3959 1829/3220
f 2792/3987 3666/3619 1830/3618
f 1217/3209 1386/3211 3575/3727
f 1438/3988 2173/3989 3376/2896
f 1285/3131 1956/3990 1832/3991
f 1485/3228 1781/2645 2880/3396
f 1833/3803 1429/2768 2974/3992
f 1558/3611 2736/3993 3724/3994
f 2160/3665 1580/3664 1835/3249
f 1580/3664 3621/3129 1835/3249
f 3520/3995 2009/3996 3025/3258
f 1439/2586 1735/3424 1836/3906
f 1615/3700 2775/3997 2645/3998
f 213/2971 1907/2259 1361/2258
f 1320/2502 1839/3269 1838/2503
f 1443/2800 1790/2808 2107/3238
f 1320/2502 1444/3926 2198/3276
f 1455/3999 2075/3270 3407/3762
f 3922/2863 1449/2862 3689/3275
f 186/3018 2353/3019 2108/2815
f 1841/3280 2846/3495 1512/3278
f 2842/3284 2907/3870 2866/3652
f 1305/4000 2497/3946 1842/3292
f 1448/2784 2651/4001 2849/4002
f 1221/3366 3185/3364 2325/3363
f 1312/4003 3273/4004 3403/2381
f 1330/2904 1845/3411 3331/3914
f 3123/4005 2558/4006 1844/2693
f 1597/3696 1944/2695 1216/2694
f 1459/3964 3107/2876 3183/3708
f 1489/3410 2016/3319 1330/2904
f 1217/3209 1756/3397 1846/3210
f 1846/3210 1486/3748 2114/3749
f 2454/3336 2355/2903 1338/2674
f 1802/2747 1848/2644 2783/2643
f 3547/2567 3893/4007 1931/4008
f 1221/3366 2461/4009 3780/3367
f 3780/3367 1482/3066 1636/3365
f 2408/4010 3636/4011 2434/3194
f 2157/4012 1849/3587 1378/4013
f 1589/2700 1284/2699 1850/3682
f 1478/3851 2331/3852 2336/3938
f 2223/4014 2515/3937 2443/4015
f 2813/3384 3122/3383 1488/3406
f 1389/4016 1252/2713 4158/2712
f 4158/2712 3143/3389 3896/3879
f 1384/3098 1823/3170 1851/3099
f 1851/3099 1484/2538 3925/3393
f 1869/3883 1852/3402 3987/3568
f 3390/2877 1811/2854 2923/4017
f 1318/2867 3321/2478 2790/4018
f 4017/4019 1853/3440 1471/2788
f 1497/3885 1853/3440 4017/4019
f 1428/4020 3137/3572 2612/3407
f 1499/3445 1568/3574 3135/4021
f 2186/3308 1856/3446 3135/4021
f 3045/3344 1545/2115 1857/3345
f 1857/3345 3730/4022 1530/3107
f 1607/3943 3594/3942 1858/3470
f 1508/2289 2513/2288 2313/4023
f 1242/3120 1608/3119 2993/3501
f 1638/3264 1861/3504 2936/3506
f 2215/4024 1861/3504 1517/2461
f 1924/2264 1862/3510 1222/3232
f 1518/3054 3518/3056 1862/3510
f 1863/3078 4059/3897 1391/2993
f 1391/2993 3874/2291 1863/3078
f 1864/2440 1525/2439 2943/3924
f 1240/2552 1763/2554 1864/2440
f 1405/3062 3002/3139 2419/4025
f 1527/2604 1995/3158 3306/3157
f 2195/4026 1865/2981 2617/2871
f 1867/3399 1486/3748 2384/4027
f 1384/3098 3901/4028 1868/3564
f 2106/3693 1868/3564 3530/4029
f 2042/3582 2908/3234 2498/3975
f 1540/3236 2716/4030 3136/3565
f 1869/3883 4010/4031 2923/4017
f 1852/3402 1869/3883 2923/4017
f 2049/3592 1870/3203 1238/2147
f 1826/3371 1299/2767 2549/4032
f 3845/4033 1554/2830 1538/2829
f 1538/2829 1675/3560 3478/3814
f 1555/3290 2778/4034 1871/3599
f 1359/3947 1936/2609 1871/3599
f 1558/3611 3001/2742 3558/3545
f 1205/2735 1681/2734 1872/3830
f 1561/2910 2187/2675 3341/3766
f 4006/4035 1874/4036 3525/4037
f 2975/4038 3907/3627 2999/3903
f 1477/3683 1755/3047 2575/3925
f 1666/3796 1877/3668 3206/4039
f 1584/2817 3503/3813 3145/4040
f 1878/2721 1262/2529 1592/3671
f 1879/3143 4013/4041 2989/4042
f 1592/3671 1537/2720 1880/2719
f 1599/2964 1789/2801 1881/3277
f 3455/4043 1881/3277 1443/2800
f 1599/2964 1881/3277 3685/2966
f 1696/2906 1360/2253 2109/2967
f 1568/3574 1882/3645 4106/3428
f 2970/3451 4016/3886 1432/2608
f 1883/2491 1610/2329 4060/3917
f 1884/3055 1611/2843 1322/2804
f 1322/2804 3518/3056 1884/3055
f 4139/3815 2993/3501 3265/3725
f 1650/3717 1827/3778 3258/3123
f 1886/4044 1625/3570 3389/4045
f 2020/2890 1886/4044 3389/4045
f 1463/2879 3735/4046 1887/3764
f 1634/2240 2004/3767 1888/4047
f 1427/2887 1829/3220 3521/3541
f 1635/3230 4067/3267 2645/3998
f 3580/3231 1481/3878 1431/3880
f 1889/3339 1640/3398 4011/3817
f 1532/4048 1337/3553 1889/3339
f 1659/2092 1975/2406 1890/3286
f 3379/4049 2117/3654 3669/4050
f 1661/2197 3420/3790 3584/4051
f 1213/2204 1743/2183 1891/2182
f 1764/2447 1892/3929 1662/2189
f 1516/3502 1676/4052 2494/3816
f 1219/2562 1962/2832 3500/4053
f 1223/2707 1457/2976 3596/2596
f 3741/3017 1893/3014 1688/2851
f 1289/3015 1893/3014 1374/3557
f 1894/3475 1731/3474 3433/3632
f 1352/4054 2256/2948 1894/3475
f 1736/2066 1896/2071 1895/2070
f 1340/2073 1566/2078 1895/2070
f 315/2912 1737/2076 1896/2071
f 1895/2070 1896/2071 1340/2073
f 1617/3593 1897/2099 1501/2400
f 1343/2105 3238/2098 1897/2099
f 1898/2108 1266/2634 1344/2633
f 1344/2633 3703/2081 1898/2108
f 1503/2119 3461/3464 3023/3460
f 304/3462 305/2097 1899/2110
f 1739/2128 2093/3466 1900/2124
f 1648/2942 3515/2160 2847/2159
f 1350/2167 2103/3633 1901/2943
f 2698/3788 2870/2161 1349/3476
f 1903/2181 1650/3717 1422/3204
f 1422/3204 1940/2664 1903/2181
f 1356/4055 2421/2229 1904/2221
f 1905/2247 1544/4056 2788/4057
f 3123/4005 2249/3525 2620/4058
f 213/2971 214/2476 1907/2259
f 1907/2259 3862/2475 1837/2257
f 1431/3880 2024/3388 1908/2265
f 1251/3140 3236/4059 1909/3484
f 3140/2487 2832/2601 1665/2485
f 225/2319 226/2493 1910/2317
f 1226/2323 3745/2320 1910/2317
f 1911/2331 1656/2990 4088/4060
f 4088/4060 3471/3719 1911/2331
f 1581/2338 3517/2340 2180/2260
f 1458/2729 3777/3426 3988/2354
f 195/3980 196/4061 1913/2358
f 192/3012 193/2514 2914/4062
f 1915/2378 1233/3760 1706/3757
f 1706/3757 1511/3759 1915/2378
f 3654/3649 3633/3648 1233/3760
f 186/3018 2108/2815 4164/2814
f 3678/3493 1998/3758 1917/2392
f 1570/2396 2059/3650 1918/2394
f 349/3651 17/2398 1918/2394
f 300/4063 301/2651 2328/2129
f 1682/3100 1919/2419 1298/2131
f 3097/2673 3184/2672 1347/2144
f 285/4064 286/2137 1920/2136
f 4099/2428 2785/3048 4061/4065
f 255/4066 256/2945 1921/2442
f 1921/2442 1381/2171 3627/3779
f 1922/3780 3850/2198 2808/2445
f 1311/4067 1957/2813 1923/2467
f 1518/3054 1862/3510 1924/2264
f 1222/3232 3696/4068 1924/2264
f 1329/2527 3381/2875 1925/2525
f 1332/2883 3443/4069 3795/4070
f 1926/3243 1491/3420 1265/2630
f 1402/2668 1991/3127 1667/2559
f 1618/3128 4042/2534 1927/2560
f 1928/4071 1526/2959 1356/4055
f 1356/4055 1904/2221 2928/2225
f 2499/4072 1929/2561 3164/2563
f 1304/3827 3234/4073 1929/2561
f 1930/2566 1345/4074 3395/3110
f 3893/4007 3547/2567 1469/3325
f 1415/2826 1403/3095 1931/4008
f 1247/2570 1619/4075 1932/2571
f 1932/2571 3192/3733 1765/2579
f 3141/4076 1933/3900 3235/3060
f 1283/2783 2604/2782 2342/3551
f 1438/3988 1952/2771 1934/2770
f 1769/2696 2032/3479 1935/2697
f 1935/2697 1534/3061 3839/2581
f 1936/2609 2358/3809 3117/4077
f 1547/3583 1871/3599 1936/2609
f 1666/3796 3206/4039 3529/4078
f 1938/4079 1937/2622 1674/2852
f 1263/2373 1997/2531 1937/2622
f 1937/2622 1938/4079 3068/4080
f 1674/2852 2080/2850 1938/4079
f 1291/3418 3317/3164 3989/3575
f 1939/2657 1402/2668 1667/2559
f 1940/2664 1422/3204 2560/3206
f 2560/3206 2580/2947 1940/2664
f 1531/3537 2039/3114 2587/3540
f 1780/2961 3838/3523 1941/2671
f 1941/2671 1623/2210 1244/2215
f 1246/3350 2757/3304 3399/3842
f 1496/2242 1942/2241 2963/3353
f 1943/2681 3821/3528 3806/4081
f 1945/2701 2972/4082 2678/3141
f 12/3483 1741/3910 1945/2701
f 2909/3155 1408/3156 1946/2709
f 1408/3156 2871/3846 1946/2709
f 1947/3894 1220/3080 1392/3082
f 1392/3082 1964/2836 1947/3894
f 1228/2250 1641/3773 2222/3958
f 3754/3558 1374/3557 2727/3689
f 3768/2620 3754/3558 2727/3689
f 4019/3165 1434/2919 2255/2918
f 1436/3172 1712/3868 1948/2741
f 3985/3927 2876/4083 2690/3905
f 1469/3325 1848/2644 1949/2746
f 1280/3324 3937/2963 3085/2891
f 1950/2750 1460/3355 2700/3617
f 1297/3858 1787/3857 1951/4084
f 1951/4084 2541/2922 3499/4085
f 1682/3100 1298/2131 2540/4086
f 1545/2115 3045/3344 3557/4087
f 1438/3988 1974/2895 1952/2771
f 1315/2774 3203/3245 1953/2772
f 1292/3797 1774/3722 1953/2772
f 1954/2778 1683/2524 1604/2526
f 1387/3261 2506/3065 1955/3262
f 3884/4088 2545/3902 2089/3888
f 2710/3449 3803/2460 1383/3625
f 1515/3450 2661/3505 2215/4024
f 1832/3991 1956/3990 3660/4089
f 1410/2812 1923/2467 1957/2813
f 1311/4067 4085/3555 1957/2813
f 1325/2237 3390/2877 1958/2238
f 1315/2774 1613/2773 2231/3721
f 2415/3653 1959/2820 1375/3022
f 1314/3050 1792/3052 3956/2823
f 1269/2825 1817/3096 4104/3181
f 1597/3696 1796/2860 1961/2831
f 1961/2831 3791/2522 1760/2684
f 2436/4090 1442/2792 1962/2832
f 1442/2792 3908/2791 1962/2832
f 3889/4091 1963/2286 1654/3153
f 1963/2286 1365/2285 3790/2833
f 3419/3268 3223/3895 1964/2836
f 1964/2836 1392/3082 1759/2504
f 3623/2838 1385/3053 1309/3646
f 1687/3834 1614/3069 3075/2975
f 2152/2995 2806/2994 1541/4092
f 1452/4093 2069/2847 1966/2845
f 1453/3161 1821/3302 1967/2853
f 1467/3503 3677/3714 3694/3889
f 3628/4094 1699/3313 2955/3314
f 1475/3023 2048/3588 1969/3024
f 1332/2883 1925/2525 3361/4095
f 1970/2884 3361/4095 2830/2882
f 1326/2898 1972/2892 1971/2885
f 1333/2728 2380/2727 3443/4069
f 1971/2885 1972/2892 1333/2728
f 1326/2898 1799/2897 2942/3965
f 3706/4096 1828/3357 1973/3354
f 1973/3354 1468/2474 1460/3355
f 3137/3572 1952/2771 1974/2895
f 1975/2406 323/2405 2995/2822
f 3379/4049 3669/4050 2995/2822
f 1693/3167 1234/2623 1976/2916
f 1344/2633 2000/2082 3703/2081
f 1203/2075 2203/2077 1977/2083
f 1514/3499 2094/3922 1978/2416
f 1210/2935 1816/3138 1979/2936
f 1404/2549 1668/2548 4007/3860
f 1980/2965 1445/3516 1789/2801
f 1697/3150 1255/2605 1981/2983
f 1981/2983 1527/2604 3306/3157
f 1394/4097 3977/2625 1982/2624
f 1474/2429 1826/3371 3100/3985
f 1379/3189 1810/3040 2576/3614
f 1983/3025 3628/4094 1456/4098
f 1456/4098 2077/3265 1983/3025
f 1550/3168 1711/3589 1984/3031
f 1984/3031 1264/3867 3671/4099
f 1436/3172 1948/2741 1985/2740
f 1479/3337 2043/3251 1986/3058
f 1461/3250 2197/3329 1986/3058
f 3757/3854 1987/4100 1701/3833
f 2802/3855 1569/3408 2241/3877
f 1988/3079 3874/2291 2608/2303
f 3953/2600 1771/2606 1988/3079
f 1989/3102 1814/3248 1437/2125
f 1437/2125 1919/2419 1989/3102
f 1650/3717 3258/3123 4001/3122
f 1608/3119 2559/3716 1990/3124
f 1618/3128 1927/2560 1991/3127
f 1991/3127 1402/2668 1243/2212
f 1304/3827 1929/2561 2499/4072
f 1992/3133 1553/2769 1685/3134
f 3778/3254 2819/3253 3520/3995
f 1819/2869 1995/3158 1993/3152
f 1224/2287 1963/2286 3889/4091
f 1408/3156 2909/3155 1994/2979
f 1286/2482 3625/2794 1994/2979
f 1224/2287 1993/3152 1995/3158
f 1260/2575 3066/3283 4155/3239
f 1412/2377 1937/2622 1997/2531
f 1263/2373 345/2519 1997/2531
f 1706/3757 2074/3761 1998/3758
f 1629/2390 1917/2392 1998/3758
f 1434/2919 2054/3416 1999/4101
f 1344/2633 1593/2632 2000/2082
f 2000/2082 3436/3711 2962/3710
f 1415/2826 1931/4008 3893/4007
f 1280/3324 3867/2749 2001/2827
f 1207/3747 3676/4102 2002/3207
f 2002/3207 1277/2135 1623/2210
f 1279/2576 3762/2649 2003/2689
f 2003/2689 1426/2688 3246/3208
f 1634/2240 1496/2242 2004/3767
f 2004/3767 1600/3702 3191/3218
f 1626/3305 3472/4103 2005/3226
f 2005/3226 4161/4104 2746/3246
f 2006/3229 1833/3803 2974/3992
f 4027/4105 3823/3801 2974/3992
f 216/4106 217/3782 3230/3781
f 3230/3781 1430/2984 4090/2272
f 3955/2263 2058/3409 2007/2468
f 2996/3590 1711/3589 1550/3168
f 1550/3168 2418/4107 4008/3498
f 1292/3797 1953/2772 3203/3245
f 2008/3391 4009/3171 1483/4108
f 1483/4108 2764/3742 2008/3391
f 1406/3144 2009/3996 3520/3995
f 1456/4098 2920/2865 2626/2864
f 2011/3146 3610/3145 2681/4109
f 2989/4042 2681/4109 1406/3144
f 1630/3309 1881/3277 3455/4043
f 2107/3238 2012/3271 3455/4043
f 3483/3567 2954/4110 2230/3763
f 1220/3080 1947/3894 2013/4111
f 1455/3999 2047/3586 2014/3310
f 1458/2729 3988/2354 2015/3492
f 2015/3492 1261/2777 2261/3690
f 1845/3411 1330/2904 2016/3319
f 2016/3319 1489/3410 1339/2248
f 2792/3987 2017/4112 3644/2748
f 1314/3050 3497/3180 3058/4113
f 1386/3211 2795/3338 2140/3330
f 1461/3250 1831/3252 2297/4114
f 2019/3352 1454/4115 1467/3503
f 1467/3503 2035/2857 2019/3352
f 2020/2890 3706/4096 1973/3354
f 2199/4116 1636/3365 2716/4030
f 1476/2755 2322/3953 2216/3375
f 1478/3851 2710/3449 2021/3381
f 1383/3625 1564/3853 2021/3381
f 1636/3365 2199/4116 2022/3390
f 2022/3390 1472/3385 2306/3621
f 1637/3768 3194/3421 2023/4117
f 1569/3408 2649/4118 2024/3388
f 1431/3880 3896/3879 2024/3388
f 1317/2408 2338/2866 3465/3752
f 3577/3259 3025/3258 1836/3906
f 1466/2410 1724/3893 2026/2411
f 2028/3444 1778/3370 1474/2429
f 2029/3453 1341/4119 2986/3176
f 1500/2090 2088/3610 2030/3455
f 3730/4022 1738/2121 2031/2120
f 2031/2120 1503/2119 2938/2109
f 1251/3140 3502/3819 1506/3478
f 1534/3061 1935/2697 2032/3479
f 1287/2797 1591/3688 2033/2708
f 1223/2707 1686/3481 3619/3480
f 3055/2295 3887/3795 2034/3488
f 1255/2605 1697/3150 2034/3488
f 3418/3644 4058/3437 2963/3353
f 1518/3054 2007/2468 3513/4120
f 3513/4120 2806/2994 2036/2844
f 1865/2981 2195/4026 2037/2982
f 1620/2270 1364/2269 2037/2982
f 1529/3535 1674/2852 2038/3899
f 2038/3899 1725/2376 3283/3862
f 1531/3537 1398/2635 2039/3114
f 3440/3546 2750/4121 2040/3559
f 1294/2569 1675/3560 2040/3559
f 3196/4122 3530/4029 2041/3051
f 2041/3051 1314/3050 3058/4113
f 1409/3291 1555/3290 2042/3582
f 1547/3583 3826/4123 2042/3582
f 1220/3080 2013/4111 2954/4110
f 1461/3250 1986/3058 2043/3251
f 4019/3165 2255/2918 2044/4124
f 1728/2917 1976/2916 2044/4124
f 1546/2179 1800/2169 2045/2168
f 1350/2167 1901/2943 2045/2168
f 2874/4125 2046/3581 3826/4123
f 2046/3581 1470/3359 1710/3235
f 1310/3585 2014/3310 2047/3586
f 1455/3999 4165/3832 2184/4126
f 1475/3023 1560/3312 2048/3588
f 2048/3588 3636/4011 2408/4010
f 2049/3592 1238/2147 3371/3909
f 1419/3941 3248/3198 2049/3592
f 1552/3347 1813/3089 2050/3594
f 2050/3594 1343/2105 1617/3593
f 3588/2787 3137/3572 1428/4020
f 3965/4127 3829/4128 3501/2789
f 3960/3596 2051/3598 3845/4033
f 3386/3887 4084/3097 2023/4117
f 1556/2465 1996/3602 2052/2466
f 2052/2466 3626/3297 2490/4129
f 1426/2688 1476/2755 2053/3608
f 1434/2919 4134/3577 2054/3416
f 2054/3416 4057/3415 1716/3452
f 1828/3357 1562/4130 1468/2474
f 1468/2474 1973/3354 1828/3357
f 4006/4035 2669/2785 1874/4036
f 1407/3149 2055/3807 3525/4037
f 3323/3639 2413/3656 2056/3641
f 2056/3641 3542/4131 2514/3640
f 2703/2223 3249/2222 1567/2230
f 1244/2215 3397/2216 2057/2224
f 1569/3408 2802/3855 2058/3409
f 348/4132 349/3651 2059/3650
f 2059/3650 1570/2396 3633/3648
f 2060/3661 1237/2958 2930/3662
f 1577/2415 1815/3104 2060/3661
f 1399/2553 2102/2659 2061/2949
f 1268/2691 2751/3676 2062/2653
f 2062/2653 1204/2639 1767/2577
f 1228/2250 2064/2339 2063/3772
f 1581/2338 2085/2346 2063/3772
f 1581/2338 2063/3772 2064/2339
f 1228/2250 3126/2249 2064/2339
f 1584/2817 3145/4040 3037/3703
f 2065/3679 1587/3677 1271/2638
f 1271/2638 3411/2640 2065/3679
f 1733/3431 2092/4133 2066/3432
f 1487/3401 2997/3770 3764/3963
f 2067/3715 1454/4115 1606/4134
f 1606/4134 3469/3221 2067/3715
f 1423/2636 4015/3863 1207/3747
f 1610/2329 1911/2331 3471/3719
f 1611/2843 1966/2845 2069/2847
f 1452/4093 2885/3085 2069/2847
f 2070/3971 1453/3161 1807/3972
f 2071/3730 1307/2267 1653/2706
f 1616/3732 1770/3076 2072/3514
f 1390/2602 4170/2306 2072/3514
f 1557/2462 3426/2464 3476/3169
f 3472/4103 1246/3350 1627/3544
f 1570/2396 183/2397 3232/2393
f 1629/2390 1998/3758 2074/3761
f 1455/3999 2014/3310 2075/3270
f 1630/3309 2012/3271 2075/3270
f 1326/2898 1970/2884 2076/2881
f 2076/2881 3138/2880 1887/3764
f 1492/3311 1983/3025 2077/3265
f 2078/2126 1646/3247 3105/2929
f 298/4135 299/2127 2078/2126
f 2079/3489 1656/2990 3695/2991
f 3818/2849 2848/4136 2080/2850
f 2080/2850 1674/2852 1529/3535
f 3965/4127 3286/2790 3829/4128
f 1471/2788 3864/3361 3501/2789
f 2082/2998 1690/2355 1334/3839
f 2566/3970 2082/2998 1334/3839
f 1987/4100 2115/3074 1701/3833
f 2201/4137 1687/3834 2115/3074
f 2083/2752 3550/4138 1236/2739
f 2084/2154 1704/3804 1209/2430
f 1209/2430 4091/2432 2084/2154
f 2085/2346 1705/2345 1410/2812
f 1410/2812 2143/2811 2085/2346
f 1275/4139 280/2152 2086/2422
f 1716/3452 3415/3873 2088/3610
f 4154/3457 2030/3455 3811/3973
f 1722/3448 3648/3626 3251/2779
f 2090/3348 1724/3893 1466/2410
f 1466/2410 3303/3106 2090/3348
f 1727/3709 2387/3403 2091/4140
f 2091/4140 1488/3406 3122/3383
f 1733/3431 1793/3217 3191/3218
f 2092/4133 1600/3702 3877/3438
f 3296/3465 1900/2124 2093/3466
f 2093/3466 1739/2128 1346/3713
f 1753/2931 1978/2416 2094/3922
f 1514/3499 2341/3791 2990/4141
f 2095/2802 1759/2504 1321/3294
f 1760/2684 3900/4142 2096/2363
f 2097/3928 1761/2537 1245/2536
f 1245/2536 2127/3376 2097/3928
f 2098/3932 1768/2591 1287/2797
f 1287/2797 3413/2796 2098/3932
f 2099/2646 1781/2645 3996/2678
f 1424/3609 4069/3215 2099/2646
f 2100/3948 3586/3945 2879/3944
f 2101/2886 1793/3217 1715/3425
f 1816/3138 2061/2949 2102/2659
f 1399/2553 1274/2660 2102/2659
f 2103/3633 1816/3138 1210/2935
f 1210/2935 2302/2944 2103/3633
f 1819/2869 1993/3152 2104/2870
f 2104/2870 3202/3151 2852/2597
f 2105/3981 1820/3067 3717/4143
f 2651/4001 2105/3981 3717/4143
f 2106/3693 1825/3692 4107/3792
f 1295/2463 1868/3564 2106/3693
f 2107/3238 1308/3237 2964/2835
f 1838/2503 2012/3271 2107/3238
f 2108/2815 1841/3280 3678/3493
f 3678/3493 1917/2392 2108/2815
f 1310/3585 1548/3233 2109/2967
f 2505/3274 1444/3926 2110/2842
f 2095/2802 2826/3272 2110/2842
f 2529/3070 1614/3069 2111/4144
f 2112/2974 2111/4144 2201/4137
f 2142/3513 1388/3512 2112/2974
f 2111/4144 2112/2974 1388/3512
f 2178/3771 2795/3338 2114/3749
f 2583/3073 1362/2972 2115/3074
f 2415/3653 1375/3022 2117/3654
f 2117/3654 1375/3022 3177/3021
f 1982/2624 3340/3020 2119/3094
f 1375/3022 2231/3721 2119/3094
f 1472/3385 2125/3511 2142/3513
f 2022/3390 2125/3511 1472/3385
f 2111/4144 1388/3512 2126/3728
f 2716/4030 3983/3729 2126/3728
f 2216/3375 1785/4145 2127/3376
f 2127/3376 1785/4145 2876/4083
f 1559/3328 2128/3612 1301/4146
f 1877/3668 2131/2348 1230/3669
f 1559/3328 2297/4114 2132/3613
f 2132/3613 1831/3252 3376/2896
f 189/2384 1822/2520 2133/2382
f 2328/2129 301/2651 2135/2130
f 2135/2130 301/2651 1504/2650
f 1835/3249 1596/3184 2136/3666
f 2128/3612 2136/3666 3019/3183
f 4026/3866 1473/3358 2138/3071
f 1840/3369 3075/2975 2138/3071
f 1461/3250 2018/3327 2140/3330
f 2140/3330 2018/3327 3616/3326
f 2112/2974 1519/2973 2142/3513
f 2884/2809 1641/3773 2143/2811
f 2063/3772 2143/2811 1641/3773
f 1631/3087 1452/4093 2152/2995
f 1966/2845 2152/2995 1452/4093
f 2071/3730 2154/3266 1307/2267
f 1774/3722 1621/2627 2350/2626
f 2155/2628 1621/2627 3582/3092
f 2225/3670 1230/3669 2156/3961
f 1794/2848 2156/3961 2268/2350
f 1563/2595 1303/3552 3929/2786
f 3929/2786 1303/3552 2604/2782
f 2157/4012 2192/4147 2193/3850
f 2239/2389 188/2383 2133/2382
f 2160/3665 1642/3774 2173/3989
f 2161/3532 3283/3862 1511/3759
f 2161/3532 1511/3759 2718/4148
f 2865/3901 3408/3865 2162/3743
f 3210/3090 1621/2627 2167/3740
f 1774/3722 2167/3740 1621/2627
f 1369/2846 1794/2848 2169/2344
f 2169/2344 1794/2848 2268/2350
f 1798/3320 2366/3704 2170/3433
f 2382/3672 2366/3704 2904/3673
f 1438/3988 1934/2770 2173/3989
f 2160/3665 2173/3989 3827/3595
f 2332/3026 2174/3342 1808/3027
f 2174/3342 1377/2928 2406/2927
f 2176/3197 3946/3864 3292/2546
f 2114/3749 1867/3399 2178/3771
f 1640/3398 2178/3771 1867/3399
f 2600/3861 1912/2347 2180/2260
f 4139/3815 2181/3724 1676/4052
f 2865/3901 3638/3520 2158/3522
f 2684/3955 3600/3195 2183/2760
f 2183/2760 3600/3195 2381/2762
f 1498/3413 3561/4149 2184/4126
f 2047/3586 2184/4126 3561/4149
f 1772/3526 1765/2579 2185/3527
f 1249/2807 2185/3527 1765/2579
f 3409/3584 3561/4149 2186/3308
f 1338/2674 1847/3765 2187/2675
f 1282/3035 2192/4147 3911/3825
f 1282/3035 2193/3850 2192/4147
f 1625/3570 1886/4044 2194/3571
f 1358/2745 2194/3571 1886/4044
f 2617/2871 1254/4150 2195/4026
f 2195/4026 1254/4150 2450/3738
f 1464/3059 3358/3750 2178/3771
f 3689/3275 1449/2862 2198/3276
f 1839/3269 2198/3276 3407/3762
f 2199/4116 1388/3512 2125/3511
f 2111/4144 1614/3069 2201/4137
f 1687/3834 2201/4137 1614/3069
f 1260/2575 2329/2618 3066/3283
f 4073/3223 3335/3222 2394/4151
f 3545/4152 3223/3895 2214/3509
f 1517/2461 3803/2460 2215/4024
f 1476/2755 2216/3375 3952/3378
f 1804/3969 3896/3879 1481/3878
f 2922/4153 1875/3623 2219/3755
f 2219/3755 1875/3623 2975/4038
f 2672/3934 1775/3935 2220/2452
f 1573/2453 2220/2452 1775/3935
f 2222/3958 1641/3773 3493/2810
f 4116/4154 1855/2765 2223/4014
f 2223/4014 1855/2765 2949/2764
f 2156/3961 1582/2506 2225/3670
f 2167/3740 2227/3244 2901/3741
f 2871/3846 1672/3701 2228/3820
f 2228/3820 1672/3701 3477/2274
f 2152/2995 1541/4092 2230/3763
f 2231/3721 1375/3022 1959/2820
f 1315/2774 2231/3721 1959/2820
f 3699/3744 2234/2766 3964/3745
f 1581/2338 2180/2260 1912/2347
f 1898/2108 319/2087 2235/2106
f 320/2095 2235/2106 319/2087
f 234/2332 1227/2310 2237/2334
f 1748/2309 2237/2334 1227/2310
f 221/2486 1665/2485 2238/2294
f 4044/4155 3887/3795 2238/2294
f 2133/2382 2283/3496 2239/2389
f 187/2388 2239/2389 2353/3019
f 2618/2907 2694/4156 2240/2908
f 2240/2908 2694/4156 2519/3430
f 2241/3877 1480/4157 2658/3072
f 2436/4090 3447/4158 2242/3960
f 2242/3960 3447/4158 3234/4073
f 1340/2073 1737/2076 2243/2074
f 1203/2075 2243/2074 1737/2076
f 2954/4110 2013/4111 2245/3088
f 2245/3088 2013/4111 3081/3896
f 2157/4012 2193/3850 1849/3587
f 2185/3527 2953/4159 2249/3525
f 2250/3684 2708/3063 2391/4160
f 2252/4161 3285/3739 1254/4150
f 2662/3315 2252/4161 1254/4150
f 2580/2947 2786/3913 2256/2948
f 2786/3913 2580/2947 2560/3206
f 1348/2933 1647/3746 2259/2424
f 2259/2424 1647/3746 2295/2141
f 3795/4070 3443/4069 2261/3690
f 2261/3690 3443/4069 2380/2727
f 2826/3272 2095/2802 1321/3294
f 207/2349 208/2505 2268/2350
f 2169/2344 2268/2350 208/2505
f 1553/2769 2269/3256 4115/2587
f 1992/3133 2269/3256 1553/2769
f 2900/4162 2696/2714 2273/3386
f 1782/3033 2192/4147 2274/3034
f 2274/3034 2192/4147 2157/4012
f 1385/3053 2276/2837 2759/4163
f 1327/2793 1699/3313 2277/3373
f 2277/3373 1699/3313 3628/4094
f 1464/3059 1986/3058 3358/3750
f 1218/3002 1730/3135 2282/3003
f 1818/3978 2282/3003 2639/3979
f 2283/3496 2133/2382 1231/3162
f 1231/3162 2640/3494 2283/3496
f 2269/3256 3252/2588 4115/2587
f 1580/3664 2284/2589 2486/3130
f 1370/2872 1880/2719 2292/2873
f 3400/2619 2292/2873 1880/2719
f 2391/4160 2708/3063 2294/3737
f 2294/3737 2708/3063 2506/3065
f 3109/3202 1272/2423 2295/2141
f 1559/3328 2018/3327 2297/4114
f 1461/3250 2297/4114 2018/3327
f 1290/4164 3994/4165 2298/3811
f 2140/3330 2795/3338 2197/3329
f 1766/3930 2998/3800 2299/3663
f 2194/3571 2301/3542 3215/3751
f 2302/2944 3783/2934 3344/2156
f 1648/2942 2302/2944 3144/3776
f 2474/2543 1401/3125 2303/2214
f 1243/2212 2303/2214 1401/3125
f 1741/3910 2935/2431 2304/3630
f 1668/2548 2304/3630 1209/2430
f 2669/2785 3185/3364 2306/3621
f 2154/3266 3862/2475 2309/2477
f 214/2476 2309/2477 3862/2475
f 1319/2281 1859/3486 2313/4023
f 2313/4023 1859/3486 3127/3485
f 2681/4109 3610/3145 2317/3806
f 3037/3703 3020/3705 1602/3769
f 1734/2751 2447/2753 2322/3953
f 2216/3375 2322/3953 1785/4145
f 3130/4166 1323/3533 2323/3299
f 3714/3720 2323/3299 3204/3784
f 2325/3363 1843/4167 2461/4009
f 2623/3829 2843/4168 3315/4169
f 2287/4170 3315/4169 2843/4168
f 2549/4032 1870/3203 2327/3192
f 2049/3592 2327/3192 1870/3203
f 300/4063 2328/2129 3170/2418
f 3139/2683 2329/2618 2817/4171
f 2021/3381 2857/3380 1478/3851
f 2331/3852 3199/3874 2443/4015
f 1465/3028 2616/4172 2332/3026
f 2174/3342 2332/3026 1377/2928
f 2732/3982 2335/3605 2622/3240
f 2335/3605 1373/2369 1914/2368
f 2331/3852 2443/4015 2336/3938
f 1452/4093 1631/3087 2339/3083
f 2339/3083 1631/3087 3054/3086
f 2207/2957 1355/4173 2341/3791
f 2341/3791 1355/4173 1414/2213
f 2342/3551 1933/3900 3311/3529
f 3134/4174 3500/4053 2344/3828
f 2344/3828 3500/4053 3908/2791
f 1288/3136 3673/3933 2346/3137
f 2350/2626 2748/3093 1613/2773
f 1953/2772 2350/2626 1613/2773
f 2353/3019 2239/2389 2846/3495
f 2355/2903 3579/3341 1847/3765
f 2355/2903 1847/3765 1338/2674
f 3395/3110 3278/4175 2356/3111
f 3278/4175 3395/3110 1345/4074
f 2394/4151 3335/3222 2357/3225
f 1936/2609 1432/2608 2358/3809
f 2648/3193 3636/4011 2362/3042
f 2199/4116 2125/3511 2022/3390
f 2335/3605 1914/2368 2364/3603
f 2364/3603 1914/2368 2914/4062
f 1798/3320 3764/3963 2366/3704
f 192/3012 2367/2370 191/2375
f 2369/2300 239/2988 3663/2987
f 2303/2214 1355/4173 2370/2544
f 2207/2957 2370/2544 1355/4173
f 1302/3549 3724/3994 2371/3547
f 1571/2403 2371/3547 1447/4176
f 311/2913 1566/2078 2374/2914
f 2374/2914 1566/2078 2780/2072
f 3464/4177 3220/3786 2376/3984
f 2376/3984 3220/3786 1824/3173
f 2166/3831 3894/3360 2377/3810
f 2377/3810 3894/3360 2874/4125
f 1458/2729 1691/3840 2378/3427
f 1493/4178 2378/3427 1691/3840
f 1246/3350 2379/2679 3215/3751
f 2261/3690 2380/2727 2015/3492
f 1592/3671 1880/2719 2382/3672
f 2170/3433 2382/3672 1880/2719
f 1562/4130 1425/3331 2384/4027
f 2384/4027 1425/3331 2911/3818
f 1411/2374 2367/2370 1373/2369
f 341/2361 3994/4165 2388/2359
f 1290/4164 2388/2359 3994/4165
f 3201/2930 3427/3923 2389/2139
f 296/2140 2389/2139 3367/3655
f 3141/4076 3756/4179 2391/4160
f 2250/3684 2391/4160 3756/4179
f 2790/4018 1387/3261 2392/2781
f 1219/2562 1956/3990 2398/4180
f 1285/3131 2398/4180 1956/3990
f 336/3043 337/2510 2399/2239
f 2399/2239 337/2510 2769/2509
f 2978/2162 1649/3472 2402/2163
f 2402/2163 1649/3472 3796/2939
f 2087/4181 2403/3293 1714/3296
f 1459/3964 3138/2880 2404/3317
f 2404/3317 3138/2880 2830/2882
f 2090/3348 2406/2927 1724/3893
f 2620/4058 2953/4159 2407/2252
f 1378/4013 1849/3587 2408/4010
f 2048/3588 2408/4010 1849/3587
f 2931/3660 1578/4182 1237/2958
f 1573/2453 1775/3935 2413/3656
f 2812/2145 284/2932 2416/2146
f 285/4064 2416/2146 284/2932
f 2418/4107 3220/3786 2026/2411
f 1589/2700 3176/3686 2419/4025
f 3436/3711 1999/4101 2420/3178
f 3770/3454 2420/3178 1999/4101
f 1356/4055 1567/2230 2421/2229
f 290/2227 2421/2229 1567/2230
f 2381/2762 1273/3196 2425/2763
f 1762/3680 2425/2763 3113/3681
f 1946/2709 2033/2708 2429/3154
f 2033/2708 1591/3688 2429/3154
f 3370/2960 3480/3524 1780/2961
f 3187/2737 1435/3798 2432/2738
f 2432/2738 1435/3798 2588/4183
f 2408/4010 2434/3194 1378/4013
f 2174/3342 3016/3497 2435/3343
f 2242/3960 2920/2865 2436/4090
f 2436/4090 2920/2865 2955/3314
f 2011/3146 1305/4000 2437/3600
f 1842/3292 2437/3600 1305/4000
f 1638/3264 4018/3263 2440/2407
f 1317/2408 2440/2407 2010/3699
f 2223/4014 2443/4015 1239/3112
f 2322/3953 2447/2753 1785/4145
f 1620/2270 2037/2982 2450/3738
f 2195/4026 2450/3738 2037/2982
f 1728/2917 2044/4124 2255/2918
f 2091/4140 2451/3554 1727/3709
f 1571/2403 1447/4176 2453/2404
f 2453/2404 1447/4176 2736/3993
f 2355/2903 2454/3336 1799/2897
f 2461/4009 2849/4002 3780/3367
f 1304/3827 2462/3255 3234/4073
f 2374/2914 3161/2084 310/2086
f 1320/2502 2198/3276 1839/3269
f 1777/2685 3909/4184 1418/2686
f 3962/4185 3599/3126 2474/2543
f 2187/2675 3374/2911 2475/2676
f 2475/2676 3374/2911 2911/3818
f 2406/2927 3674/2926 1724/3893
f 1617/3593 4154/3457 2946/3456
f 2482/2803 3640/2341 210/2343
f 210/2343 3329/3919 2482/2803
f 2219/3755 2483/3753 2922/4153
f 2378/3427 1493/4178 2484/3322
f 1634/2240 1888/4047 2485/3569
f 2284/2589 3252/2588 2486/3130
f 2486/3130 3252/2588 2398/4180
f 2847/2159 4167/2434 2487/3580
f 1546/2179 2487/3580 1351/2180
f 3081/3896 3223/3895 2490/4129
f 2490/4129 3223/3895 3545/4152
f 2015/3492 1510/4186 2491/2730
f 1583/2621 2491/2730 1510/4186
f 265/2956 3337/2190 264/2194
f 3850/2198 1922/3780 2493/2199
f 261/2200 2493/2199 1922/3780
f 2808/2445 1892/3929 2494/3816
f 1516/3502 2494/3816 1892/3929
f 3310/2757 1270/2540 2495/2758
f 2495/2758 1270/2540 2898/2542
f 2778/4034 2497/3946 3586/3945
f 2498/3975 3567/3601 1409/3291
f 2042/3582 2498/3975 1409/3291
f 2269/3256 1992/3133 2499/4072
f 2500/3856 2898/2542 1345/4074
f 1930/2566 2500/3856 1345/4074
f 3460/3735 1866/3530 2503/3604
f 3450/2573 2503/3604 1866/3530
f 2110/2842 1965/2841 2505/3274
f 1840/3369 2505/3274 1965/2841
f 2294/3737 2506/3065 1387/3261
f 2242/3960 2508/3698 2338/2866
f 1208/3473 2359/2441 2510/3471
f 1645/2541 2512/3346 1717/3434
f 243/3487 244/4187 2513/2288
f 2313/4023 2513/2288 244/4187
f 3542/4131 4095/3538 2514/3640
f 1267/2637 2514/3640 2039/3114
f 3934/2663 2949/2764 2824/2661
f 3959/2550 3131/2470 2555/3628
f 1477/3683 2516/3631 1755/3047
f 1854/3442 1488/3406 2517/3443
f 2091/4140 2517/3443 1488/3406
f 3923/3429 1727/3709 2519/3430
f 2240/2908 2519/3430 2451/3554
f 2132/3613 1642/3774 2128/3612
f 1687/3834 1701/3833 2115/3074
f 2522/2508 3088/2616 3529/4078
f 2111/4144 2126/3728 2529/3070
f 2138/3071 2529/3070 4026/3866
f 199/2458 200/2255 2530/2251
f 3922/2863 4165/3832 2535/2861
f 1455/3999 2535/2861 4165/3832
f 2540/4086 1298/2131 2536/2116
f 2536/2116 1298/2131 2135/2130
f 2536/2116 1545/2115 2540/4086
f 2985/4188 2540/4086 3557/4087
f 1951/4084 1787/3857 2541/2922
f 1930/2566 2541/2922 2500/3856
f 1660/2164 1505/3789 2544/2952
f 1505/3789 3721/3844 2544/2952
f 1729/3624 2089/3888 2545/3902
f 3747/3064 2545/3902 3884/4088
f 1241/2185 1676/4052 2547/2175
f 2181/3724 2547/2175 1676/4052
f 2327/3192 1551/3191 2549/4032
f 2549/4032 1551/3191 3470/3187
f 1324/2726 1752/2364 2550/3921
f 2550/3921 1752/2364 3511/3823
f 2131/2348 1877/3668 2551/2352
f 4142/2499 2551/2352 1877/3668
f 2304/3630 1668/2548 2555/3628
f 2555/3628 1668/2548 3959/2550
f 2357/3225 1594/3224 2557/2744
f 2558/4006 4138/3915 2767/3707
f 1353/3121 1695/3967 2559/3716
f 280/2152 1275/4139 2562/2150
f 2562/2150 1275/4139 2821/3976
f 2519/3430 2694/4156 4106/3428
f 1801/2950 2563/4189 1695/3967
f 1758/2496 3692/2498 1521/3517
f 2082/2998 2566/3970 1806/2999
f 2569/3175 3550/4138 2356/3111
f 3539/3213 3389/4045 2570/3219
f 1625/3570 2570/3219 3389/4045
f 2790/4018 3106/3907 2573/2868
f 1439/2586 2573/2868 3106/3907
f 2995/2822 324/2821 2574/2732
f 1664/3622 1875/3623 3325/3046
f 2575/3925 1875/3623 2922/4153
f 1376/3615 2576/3614 3634/4190
f 2240/2908 1337/3553 2578/2909
f 2580/2947 3362/2946 1800/2169
f 1940/2664 2580/2947 1800/2169
f 2583/3073 2658/3072 1480/4157
f 1825/3692 1595/3694 2584/3691
f 2201/4137 1362/2972 2112/2974
f 3592/2669 2587/3540 3090/4191
f 2710/3449 1478/3851 4061/4065
f 3845/4033 2051/3598 2588/4183
f 2432/2738 2588/4183 2051/3598
f 3145/4040 3446/3812 2590/2722
f 254/4192 255/4066 2594/2433
f 1921/2442 2594/2433 255/4066
f 1576/2535 3411/2640 2596/3675
f 3499/4085 3753/2921 2597/2648
f 3753/2921 3499/4085 2541/2922
f 1615/3700 2599/2980 2775/3997
f 3529/4078 3088/2616 2600/3861
f 2600/3861 3088/2616 1912/2347
f 215/2268 216/4106 2601/2266
f 3230/3781 2601/2266 216/4106
f 2294/3737 1639/2480 2391/4160
f 2011/3146 2437/3600 2603/3147
f 2342/3551 2604/2782 1303/3552
f 1253/2483 1286/2482 2607/2711
f 1994/2979 2607/2711 1286/2482
f 1988/3079 2608/2303 3953/2600
f 1815/3104 1577/2415 2609/3105
f 2609/3105 1577/2415 3197/2539
f 1682/3100 2540/4086 2985/4188
f 1488/3406 1854/3442 2612/3407
f 1428/4020 2612/3407 1854/3442
f 1290/4164 1751/4193 2613/2617
f 339/2513 2613/2617 1751/4193
f 2996/3590 1377/2928 2616/4172
f 2332/3026 2616/4172 1377/2928
f 1241/2185 2494/3816 1676/4052
f 1544/4056 2618/2907 1873/3620
f 2911/3818 3374/2911 2619/3400
f 2487/3580 4167/2434 1351/2180
f 2407/2252 1906/2254 2620/4058
f 2620/4058 1906/2254 2558/4006
f 2335/3605 2503/3604 2622/3240
f 3450/2573 2622/3240 2503/3604
f 2028/3444 4099/2428 2336/3938
f 3315/4169 1686/3481 2623/3829
f 1542/2598 2623/3829 3596/2596
f 2338/2866 2010/3699 2626/2864
f 1456/4098 2626/2864 4018/3263
f 2634/2118 327/2117 3944/2113
f 328/2111 3944/2113 327/2117
f 4110/4194 2636/3939 3962/4185
f 4029/2818 3171/3950 2630/2816
f 1290/4164 2630/2816 1751/4193
f 3367/3655 3427/3923 2633/2134
f 2636/3939 4110/4194 2794/4195
f 2282/3003 1730/3135 2639/3979
f 1512/3278 2640/3494 4108/3892
f 2641/4196 2696/2714 2900/4162
f 1350/2167 1800/2169 4123/4197
f 4123/4197 1800/2169 3362/2946
f 1481/3878 3580/3231 2645/3998
f 1635/3230 2645/3998 3580/3231
f 2362/3042 1588/3041 2648/3193
f 2648/3193 1588/3041 3245/3038
f 3955/2263 1908/2265 2649/4118
f 2024/3388 2649/4118 1908/2265
f 1689/3838 3879/3872 2651/4001
f 2105/3981 2651/4001 3879/3872
f 237/2315 1698/2490 2656/2313
f 11/2333 2237/2334 233/2495
f 2115/3074 1987/4100 2658/3072
f 2241/3877 1987/4100 2802/3855
f 2215/4024 2661/3505 1861/3504
f 2110/2842 1444/3926 2095/2802
f 1457/2976 4087/2977 2662/3315
f 2252/4161 2662/3315 4087/2977
f 1414/2213 1355/4173 2303/2214
f 2185/3527 2663/2806 2953/4159
f 1694/3459 2985/4188 2665/3841
f 2665/3841 2985/4188 3557/4087
f 1576/2535 3268/2761 2667/2533
f 1667/2559 2667/2533 3071/3799
f 2517/3443 2091/4140 2387/3403
f 2669/2785 2306/3621 1874/4036
f 1563/2595 2669/2785 4006/4035
f 2086/2422 2671/2658 1272/2423
f 2672/3934 4119/3936 1775/3935
f 1286/2482 3767/2481 2674/2795
f 1804/3969 2674/2795 1389/4016
f 1949/2746 1358/2745 2676/2889
f 1886/4044 2676/2889 1358/2745
f 2238/2294 1665/2485 4044/4155
f 4044/4155 1665/2485 2832/2601
f 1251/3140 1909/3484 2678/3141
f 2680/3986 3980/2148 3018/4198
f 2317/3806 2009/3996 2681/4109
f 2681/4109 2009/3996 1406/3144
f 2682/2516 3484/4199 2914/4062
f 3538/2330 2683/3731 3375/4200
f 3909/4184 3600/3195 2684/3955
f 3224/3974 1707/3190 2685/3201
f 2049/3592 2685/3201 1707/3190
f 2686/3405 3898/2607 1359/3947
f 2100/3948 2686/3405 1359/3947
f 2687/2205 3584/4051 3092/3637
f 1236/2739 1948/2741 2690/3905
f 3985/3927 2690/3905 1948/2741
f 2549/4032 1299/2767 1870/3203
f 1680/2717 4037/4201 2692/3005
f 1599/2964 3685/2966 2693/2968
f 2618/2907 1544/4056 2694/4156
f 1905/2247 2694/4156 1544/4056
f 3525/4037 1874/4036 2696/2714
f 2273/3386 2696/2714 1874/4036
f 1349/3476 4147/3904 2698/3788
f 227/2326 1226/2323 2699/2327
f 1910/2317 2699/2327 1226/2323
f 2700/3617 3666/3619 3644/2748
f 1356/4055 2703/2223 1567/2230
f 2170/3433 2366/3704 2382/3672
f 2250/3684 1250/4202 2708/3063
f 3747/3064 2708/3063 1250/4202
f 1206/2417 1814/3248 3197/2539
f 2484/3322 1493/4178 2714/3323
f 1692/2902 2714/3323 1493/4178
f 1764/2447 1354/2188 2715/2448
f 2715/2448 1354/2188 3729/2446
f 2126/3728 1388/3512 2716/4030
f 1780/2961 2717/2670 1526/2959
f 3678/3493 1658/3279 2718/4148
f 2161/3532 2718/4148 3204/3784
f 2620/4058 2249/3525 2953/4159
f 317/2080 1977/2083 2203/2077
f 1637/3768 2023/4117 2724/3394
f 2023/4117 3925/3393 2724/3394
f 1383/3625 2021/3381 2710/3449
f 3131/2470 3959/2550 2731/2471
f 2237/2334 1748/2309 232/2494
f 1821/3302 1373/2369 2732/3982
f 2335/3605 2732/3982 1373/2369
f 241/2299 3790/2833 2734/2297
f 2734/2297 3790/2833 3027/3891
f 339/2513 1751/4193 2737/2512
f 2737/2512 1751/4193 3171/3950
f 2110/2842 1451/3273 2738/2840
f 1687/3834 2738/2840 3607/3835
f 2005/3226 2746/3246 1594/3224
f 2155/2628 1394/4097 2748/3093
f 1982/2624 2748/3093 1394/4097
f 2557/2744 1594/3224 2750/4121
f 2040/3559 2750/4121 1594/3224
f 2596/3675 1585/2654 2751/3676
f 2062/2653 2751/3676 1585/2654
f 13/2201 262/4203 2493/2199
f 1246/3350 3472/4103 2757/3304
f 1626/3305 2757/3304 3472/4103
f 2276/2837 1541/4092 2759/4163
f 2759/4163 1541/4092 2806/2994
f 3562/3335 1338/2674 2760/3333
f 2475/2676 2760/3333 1338/2674
f 3273/4004 1312/4003 2761/3008
f 2308/3006 2761/3008 1312/4003
f 2536/2116 2135/2130 3857/3579
f 3671/4099 1264/3867 2764/3742
f 2167/3740 2764/3742 1264/3867
f 2613/2617 2388/2359 1290/4164
f 2766/3787 1293/3030 3665/3029
f 3156/3962 2767/3707 1603/3706
f 2558/4006 2767/3707 1844/2693
f 2737/2512 1784/2723 2769/2509
f 2399/2239 2769/2509 1784/2723
f 1889/3339 1337/3553 2773/3340
f 2773/3340 1337/3553 2451/3554
f 2599/2980 1804/3969 2775/3997
f 1481/3878 2775/3997 1804/3969
f 3837/2356 1754/3736 2777/4204
f 3460/3735 2777/4204 1754/3736
f 1439/2586 1836/3906 2779/2584
f 2009/3996 2779/2584 3025/3258
f 2243/2074 3972/3177 2780/2072
f 2783/2643 2746/3246 4161/4104
f 1947/3894 3081/3896 2013/4111
f 2661/3505 1515/3450 2785/3048
f 2788/4057 3735/4046 1463/2879
f 1463/2879 3710/3318 2788/4057
f 1427/2887 1888/4047 2789/2888
f 2004/3767 2789/2888 1888/4047
f 2392/2781 3106/3907 2790/4018
f 2137/2718 3011/3004 2791/2731
f 1954/2778 2791/2731 3011/3004
f 2792/3987 3583/4205 3058/4113
f 2731/2471 2793/2435 1380/3876
f 1228/2250 4024/2715 2530/2251
f 1586/3940 4068/3678 2794/4195
f 2636/3939 2794/4195 4068/3678
f 2114/3749 2795/3338 1846/3210
f 1509/2834 3790/2833 2796/2985
f 241/2299 2796/2985 3790/2833
f 3909/4184 2434/3194 1418/2686
f 220/2296 221/2486 2238/2294
f 2801/3718 3375/4200 3360/3847
f 2801/3718 3360/3847 2910/3848
f 1309/3646 2058/3409 2802/3855
f 3305/2594 1726/2583 2803/2582
f 2342/3551 2803/2582 3839/2581
f 2785/3048 2892/3616 2661/3505
f 3331/3914 3183/3708 2767/3707
f 1966/2845 2036/2844 2806/2994
f 2759/4163 2806/2994 3513/4120
f 1902/2166 2698/3788 1660/2164
f 2156/3961 1230/3669 2268/2350
f 2680/3986 1740/2142 2811/2149
f 3941/3908 2811/2149 1740/2142
f 2812/2145 1347/2144 1723/3469
f 1348/2933 2812/2145 1723/3469
f 2612/3407 3928/3573 2813/3384
f 2329/2618 3213/4206 2817/4171
f 1597/3696 2817/4171 3104/2776
f 2818/3113 3946/3864 2068/2666
f 2462/3255 3948/3257 2819/3253
f 2819/3253 3948/3257 1441/3142
f 2562/2150 2821/3976 3926/3912
f 2234/2766 3699/3744 2824/2661
f 2824/2661 3699/3744 3018/4198
f 1615/3700 2645/3998 4067/3267
f 2157/4012 3873/3954 1788/2759
f 2274/3034 2157/4012 1788/2759
f 2826/3272 1321/3294 3231/3295
f 1732/2547 1276/3536 2827/2545
f 2425/2763 2827/2545 3546/2656
f 1262/2529 1773/3010 2828/2530
f 1523/3849 2828/2530 1773/3010
f 2076/2881 1970/2884 2830/2882
f 2404/3317 2830/2882 3361/4095
f 1685/3134 3948/3257 2831/3132
f 1969/3024 1849/3587 1549/3372
f 2309/2477 1307/2267 2154/3266
f 2842/3284 1713/3548 2907/3870
f 1746/2279 1507/2275 2843/4168
f 2287/4170 2843/4168 1507/2275
f 1830/3618 2844/3952 2792/3987
f 1841/3280 2108/2815 2846/3495
f 2353/3019 2846/3495 2108/2815
f 1732/2547 2818/3113 1398/2635
f 2045/2168 1901/2943 2847/2159
f 1648/2942 2847/2159 1901/2943
f 2848/4136 3372/3011 4025/3783
f 2461/4009 1843/4167 2849/4002
f 1448/2784 2849/4002 1843/4167
f 2852/2597 3596/2596 1671/3808
f 2104/2870 2852/2597 1671/3808
f 3810/3382 3199/3874 2857/3380
f 2331/3852 2857/3380 3199/3874
f 1718/3374 1239/3112 2858/3875
f 2443/4015 2858/3875 1239/3112
f 2566/3970 2484/3322 1715/3425
f 2516/3631 3009/3629 2555/3628
f 1701/3833 2403/3293 2087/4181
f 2162/3743 3964/3745 2865/3901
f 2117/3654 3379/4049 2866/3652
f 2563/4189 2291/2176 3222/2953
f 2291/2176 2563/4189 1801/2950
f 1902/2166 2870/2161 2698/3788
f 2156/3961 1601/3084 1582/2506
f 3125/2220 1876/2449 2872/3638
f 1573/2453 2872/3638 1876/2449
f 1470/3359 2046/3581 2874/4125
f 2377/3810 2874/4125 3117/4077
f 3277/3983 1711/3589 2875/3419
f 2875/3419 1711/3589 3540/3591
f 3985/3927 2097/3928 2876/4083
f 2127/3376 2876/4083 2097/3928
f 1590/3362 1853/3440 2879/3944
f 1497/3885 2879/3944 1853/3440
f 1783/2704 1833/3803 2880/3396
f 3236/4059 1251/3140 1506/3478
f 2032/3479 1506/3478 3502/3819
f 2882/2859 4010/4031 1869/3883
f 3493/2810 1641/3773 2884/2809
f 2069/2847 2885/3085 1794/2848
f 1306/3802 1684/3036 2889/3826
f 1282/3035 2889/3826 1684/3036
f 1728/2917 1643/2107 2890/2915
f 2892/3616 3036/2427 4054/4207
f 2576/3614 2892/3616 4054/4207
f 1397/3607 2865/3901 3964/3745
f 1926/3243 2901/3741 2227/3244
f 1571/2403 1959/2820 2415/3653
f 1645/2541 3278/4175 2898/2542
f 2495/2758 2898/2542 2500/3856
f 3733/4208 3129/4209 2899/3435
f 2027/3436 2899/3435 3129/4209
f 1519/2973 2583/3073 2900/4162
f 2641/4196 2900/4162 1480/4157
f 1926/3243 1265/2630 2901/3741
f 2008/3391 2901/3741 1265/2630
f 3037/3703 1878/2721 2904/3673
f 1592/3671 2904/3673 1878/2721
f 3317/3164 1291/3418 2906/3578
f 1490/4210 2906/3578 2875/3419
f 1571/2403 2415/3653 2907/3870
f 2498/3975 2908/3234 3136/3565
f 2909/3155 2429/3154 1591/3688
f 2909/3155 1591/3688 2607/2711
f 2801/3718 2910/3848 1749/2322
f 1533/2103 2634/2118 2917/3285
f 1302/3549 2917/3285 3931/4211
f 2259/2424 2671/2658 282/2425
f 1335/3214 1829/3220 2918/3289
f 1829/3220 3961/3959 2918/3289
f 221/2486 222/2304 2919/2484
f 4170/2306 2919/2484 222/2304
f 2242/3960 2338/2866 2920/2865
f 1477/3683 2922/4153 1850/3682
f 3747/3064 1250/4202 2925/3756
f 2483/3753 2925/3756 1250/4202
f 1397/3607 1855/2765 2926/2555
f 2926/2555 1855/2765 4116/4154
f 1718/3374 2927/2469 1380/3876
f 1215/2226 3323/3639 2928/2225
f 2731/2471 1380/3876 2927/2469
f 1978/2416 1577/2415 2930/3662
f 2060/3661 2930/3662 1577/2415
f 2060/3661 1524/3859 2931/3660
f 1236/2739 2447/2753 2083/2752
f 1997/2531 1916/2386 1412/2377
f 2917/3285 1713/3548 2842/3284
f 2304/3630 2935/2431 1209/2430
f 1376/3615 3652/4212 2936/3506
f 2077/3265 2936/3506 1492/3311
f 2031/2120 2938/2109 3548/3463
f 1530/3107 3730/4022 2940/3108
f 2031/2120 2940/3108 3730/4022
f 2842/3284 2866/3652 1313/2680
f 1336/2893 1972/2892 2942/3965
f 1326/2898 2942/3965 1972/2892
f 3667/3805 3535/2436 2943/3924
f 3535/2436 3667/3805 2926/2555
f 2435/3343 3016/3497 2946/3456
f 2050/3594 2946/3456 3016/3497
f 3759/3726 1301/4146 2948/4213
f 1595/3694 2948/4213 2584/3691
f 2234/2766 2824/2661 2949/2764
f 2223/4014 2949/2764 2515/3937
f 1897/2099 2952/2401 1501/2400
f 2663/2806 1445/3516 2953/4159
f 1980/2965 2953/4159 1445/3516
f 2230/3763 2954/4110 1631/3087
f 1456/4098 2955/3314 2920/2865
f 2208/2682 2329/2618 3139/2683
f 1365/2285 2956/2293 3027/3891
f 1815/3104 1524/3859 2060/3661
f 2000/2082 2962/3710 1203/2075
f 2107/3238 2964/2835 1838/2503
f 2970/3451 3923/3429 1882/3645
f 1499/3445 2970/3451 1882/3645
f 2292/2873 1510/4186 2971/2353
f 1945/2701 1589/2700 2972/4082
f 2419/4025 2972/4082 1589/2700
f 1429/2768 4027/4105 2974/3992
f 2006/3229 2974/3992 3823/3801
f 263/2196 2493/2199 262/4203
f 3810/3382 1564/3853 2975/4038
f 2219/3755 2975/4038 2999/3903
f 3926/3912 3467/3777 2978/2162
f 2942/3965 2979/2901 1336/2893
f 2399/2239 1958/2238 336/3043
f 1453/3161 3227/3163 2981/3303
f 1411/2374 2981/3303 1822/2520
f 1574/3657 1364/2269 2982/2282
f 1652/2271 2982/2282 1364/2269
f 3120/3103 1396/3101 2985/4188
f 1682/3100 2985/4188 1396/3101
f 2634/2118 1533/2103 326/2102
f 2420/3178 3770/3454 2986/3176
f 4013/4041 1879/3143 3864/3361
f 1214/2454 2094/3922 2990/4141
f 1514/3499 2990/4141 2094/3922
f 2619/3400 1867/3399 2911/3818
f 1242/3120 2993/3501 1860/3500
f 248/4214 4091/2432 2935/2431
f 212/2336 3216/2335 2994/2970
f 1803/3968 3329/3919 2994/2970
f 2574/2732 3379/4049 2995/2822
f 1975/2406 2995/2822 3669/4050
f 2616/4172 1490/4210 2996/3590
f 1619/4075 2639/3979 3581/3734
f 1342/2094 2890/2915 1643/2107
f 1487/3401 1331/2856 2997/3770
f 1602/3769 2997/3770 1331/2856
f 1827/3778 1885/3723 3258/3123
f 1306/3802 2889/3826 2998/3800
f 2299/3663 2998/3800 3911/3825
f 3907/3627 1729/3624 2999/3903
f 2545/3902 2999/3903 1729/3624
f 219/2284 1574/3657 2982/2282
f 2557/2744 2750/4121 3001/2742
f 1987/4100 2241/3877 2658/3072
f 2678/3141 2972/4082 3002/3139
f 1579/2642 1248/3227 3006/2692
f 1766/3930 3006/2692 1248/3227
f 1477/3683 1284/2699 3009/3629
f 1741/3910 3009/3629 3917/3911
f 1967/2853 2732/3982 3598/4215
f 2692/3005 3900/4142 3011/3004
f 1683/2524 3011/3004 3900/4142
f 2906/3578 1490/4210 3015/3576
f 3015/3576 1490/4210 2616/4172
f 2406/2927 2090/3348 3016/3497
f 3436/3711 2000/2082 3017/2920
f 1593/2632 3017/2920 2000/2082
f 2824/2661 3018/4198 1421/2662
f 3019/3183 2584/3691 1301/4146
f 2128/3612 3019/3183 1301/4146
f 2997/3770 3020/3705 3764/3963
f 304/3462 1899/2110 3023/3460
f 1503/2119 3023/3460 1899/2110
f 2779/2584 1836/3906 3025/3258
f 2734/2297 3027/3891 3663/2987
f 2127/3376 1245/2536 3028/3377
f 3028/3377 1245/2536 3476/3169
f 1528/3077 1256/3159 3690/3898
f 4044/4155 3690/3898 1256/3159
f 2020/2890 2676/2889 1886/4044
f 3944/2113 3549/2112 3034/3966
f 4147/3904 1894/3475 2786/3913
f 2256/2948 2786/3913 1894/3475
f 3036/2427 3100/3985 4054/4207
f 2785/3048 3036/2427 2892/3616
f 3020/3705 3037/3703 2904/3673
f 3522/2568 1675/3560 1294/2569
f 2682/2516 2914/4062 193/2514
f 2304/3630 3009/3629 1741/3910
f 1550/3168 1293/3030 2418/4107
f 1265/2630 1491/3420 3043/2631
f 2227/3244 1774/3722 3044/3242
f 1292/3797 3044/3242 1774/3722
f 2665/3841 3045/3344 1502/3458
f 2952/2401 307/2101 308/4216
f 2588/4183 1435/3798 3048/2733
f 2029/3453 2986/3176 3770/3454
f 1962/2832 3447/4158 2436/4090
f 1282/3035 3050/3037 1549/3372
f 4103/2380 3051/3301 1312/4003
f 2245/3088 1393/3298 3054/3086
f 2339/3083 3054/3086 1601/3084
f 2034/3488 1574/3657 3055/2295
f 2474/2543 1578/4182 3962/4185
f 3058/4113 3497/3180 2017/4112
f 2792/3987 3058/4113 2017/4112
f 2936/3506 2077/3265 1638/3264
f 1781/2645 1485/3228 3063/2677
f 3206/4039 1877/3668 2225/3670
f 3064/2443 3627/3779 1650/3717
f 1903/2181 3064/2443 1650/3717
f 3066/3283 3456/2362 1446/3241
f 4155/3239 3066/3283 1446/3241
f 2714/3323 2918/3289 3067/3321
f 2101/2886 3067/3321 3961/3959
f 4025/3783 1372/2367 3068/4080
f 1263/2373 3068/4080 1372/2367
f 3464/4177 3733/4208 3069/2412
f 3733/4208 3464/4177 3129/4209
f 2667/2533 3268/2761 3071/3799
f 3075/2975 1840/3369 1965/2841
f 1687/3834 3075/2975 2738/2840
f 2490/4129 3626/3297 3081/3896
f 2245/3088 3081/3896 3626/3297
f 1259/3920 1657/2518 3372/3011
f 4025/3783 3372/3011 1657/2518
f 2020/2890 1460/3355 3085/2891
f 1950/2750 3085/2891 1460/3355
f 1341/4119 2029/3453 3086/2089
f 1500/2090 3086/2089 2029/3453
f 2136/3666 1642/3774 2160/3665
f 1522/2507 1996/3602 3088/2616
f 1705/2345 3088/2616 1996/3602
f 2912/3179 1402/2668 3090/4191
f 3592/2669 3090/4191 1402/2668
f 269/2207 270/2203 3092/3637
f 2687/2205 3092/3637 3880/2202
f 1218/3002 1673/2244 3093/4217
f 1258/2243 3093/4217 1673/2244
f 1468/2474 1562/4130 3096/4218
f 2384/4027 3096/4218 1562/4130
f 2416/2146 285/4064 3097/2673
f 1920/2136 3097/2673 285/4064
f 2517/3443 2387/3403 3172/3441
f 1474/2429 3100/3985 3036/2427
f 2550/3921 2761/3008 3622/3007
f 3821/3528 3104/2776 3213/4206
f 297/2138 298/4135 3105/2929
f 2078/2126 3105/2929 298/4135
f 2392/2781 3788/2780 3106/3907
f 1797/2874 1603/3706 3107/2876
f 2295/2141 1622/2143 3109/3202
f 2357/3225 2557/2744 2394/4151
f 2571/3199 1762/3680 3113/3681
f 3826/4123 1547/3583 3117/4077
f 1936/2609 3117/4077 1547/3583
f 2985/4188 1694/3459 3120/3103
f 1815/3104 3120/3103 3244/3519
f 1479/3337 1633/3057 3122/3383
f 3122/3383 1633/3057 2773/3340
f 4162/2775 1772/3526 3123/4005
f 2249/3525 3123/4005 1772/3526
f 293/2219 294/4219 3125/2220
f 3125/2220 294/4219 3458/2450
f 2530/2251 200/2255 3126/2249
f 2852/2597 3202/3151 3127/3485
f 2788/4057 3710/3318 1339/2248
f 1905/2247 2788/4057 1339/2248
f 2376/3984 1413/3174 3129/4209
f 2027/3436 3129/4209 1413/3174
f 3130/4166 3051/3301 3590/3016
f 3131/2470 2927/2469 1755/3047
f 2516/3631 3131/2470 1755/3047
f 269/2207 3092/3637 3132/2208
f 3420/3790 3092/3637 3584/4051
f 2219/3755 2999/3903 2925/3756
f 2344/3828 1684/3036 3134/4174
f 1306/3802 3134/4174 1684/3036
f 1568/3574 3279/2246 3135/4021
f 2186/3308 3135/4021 1494/3307
f 2716/4030 1636/3365 3136/3565
f 1482/3066 3136/3565 1636/3365
f 2612/3407 3137/3572 3928/3573
f 1887/3764 3138/2880 1463/2879
f 2817/4171 1597/3696 3139/2683
f 1961/2831 3139/2683 1597/3696
f 2919/2484 4170/2306 3140/2487
f 1390/2602 3140/2487 4170/2306
f 3141/4076 1639/2480 3311/3529
f 2024/3388 3896/3879 3143/3389
f 2302/2944 3344/2156 3144/3776
f 251/2157 3144/3776 3344/2156
f 2692/3005 2137/2718 1680/2717
f 2590/2722 1878/2721 3145/4040
f 3679/2611 3673/3933 3147/2612
f 1758/2496 3147/2612 3553/3562
f 3152/2629 3043/2631 3422/3049
f 2690/3905 1785/4145 2447/2753
f 3120/3103 2609/3105 1396/3101
f 1216/2694 1844/2693 3156/3962
f 2767/3707 3156/3962 1844/2693
f 2132/3613 2173/3989 1642/3774
f 2432/2738 1721/3597 3158/2736
f 1491/3420 3158/2736 1721/3597
f 1500/2090 3816/2399 3161/2084
f 2791/2731 1583/2621 2137/2718
f 2499/4072 3164/2563 2269/3256
f 2900/4162 2583/3073 1480/4157
f 1437/2125 299/2127 3170/2418
f 300/4063 3170/2418 299/2127
f 3006/2692 1766/3930 2299/3663
f 2630/2816 3171/3950 1751/4193
f 2686/3405 2100/3948 3172/3441
f 1497/3885 3172/3441 2100/3948
f 2709/3013 3622/3007 3173/3837
f 2308/3006 3173/3837 3622/3007
f 2495/2758 1787/3857 3174/2756
f 1297/3858 3174/2756 1787/3857
f 2648/3193 2434/3194 3636/4011
f 1812/3068 1820/3067 3175/3871
f 2105/3981 3175/3871 1820/3067
f 3217/3754 1250/4202 3176/3686
f 2250/3684 3176/3686 1250/4202
f 3743/3785 1890/3286 3177/3021
f 2117/3654 3177/3021 3669/4050
f 1521/3517 1445/3516 3179/2610
f 2663/2806 3179/2610 1445/3516
f 2376/3984 3180/3045 1413/3174
f 3181/3467 1281/2923 3514/3468
f 3183/3708 3331/3914 1845/3411
f 1459/3964 3183/3708 1845/3411
f 3307/2665 1607/3943 3184/2672
f 1858/3470 3184/2672 1607/3943
f 3187/2737 3158/2736 3044/3242
f 1292/3797 3187/2737 3044/3242
f 2573/2868 1318/2867 2790/4018
f 2057/2224 2703/2223 1244/2215
f 1508/2289 1509/2834 3190/2290
f 242/2986 3190/2290 1509/2834
f 1600/3702 2092/4133 3191/3218
f 1733/3431 3191/3218 2092/4133
f 3673/3933 3679/2611 3192/3733
f 1765/2579 3192/3733 1249/2807
f 2594/2433 4167/2434 254/4192
f 1491/3420 1721/3597 3194/3421
f 2948/4213 1595/3694 3196/4122
f 2106/3693 3196/4122 1595/3694
f 1989/3102 1396/3101 3197/2539
f 2609/3105 3197/2539 1396/3101
f 3810/3382 1664/3622 3199/3874
f 1718/3374 3199/3874 1664/3622
f 3201/2930 3105/2929 1646/3247
f 1753/2931 3201/2930 1646/3247
f 1654/3153 1508/2289 3202/3151
f 3127/3485 3202/3151 1508/2289
f 2138/3071 1473/3358 1840/3369
f 3048/2733 1435/3798 3203/3245
f 1292/3797 3203/3245 1435/3798
f 2323/3299 1323/3533 3204/3784
f 2645/3998 2775/3997 1481/3878
f 2225/3670 1582/2506 3206/4039
f 2522/2508 3206/4039 1582/2506
f 1591/3688 1768/2591 3209/2710
f 1253/2483 3209/2710 4145/2590
f 2167/3740 1264/3867 3210/3090
f 3570/3091 3210/3090 3277/3983
f 2329/2618 4146/2574 3213/4206
f 3821/3528 3213/4206 3806/4081
f 1920/2136 1678/2420 3184/2672
f 2273/3386 1519/2973 2900/4162
f 2690/3905 2876/4083 1785/4145
f 3652/4212 3634/4190 1560/3312
f 3634/4190 3652/4212 1376/3615
f 2301/3542 1627/3544 3215/3751
f 1246/3350 3215/3751 1627/3544
f 1361/2258 1803/3968 3216/2335
f 2994/2970 3216/2335 1803/3968
f 3176/3686 1589/2700 3217/3754
f 1863/3078 1528/3077 3690/3898
f 1293/3030 3220/3786 2418/4107
f 2766/3787 3220/3786 1293/3030
f 2544/2952 4126/2951 1660/2164
f 1947/3894 1964/2836 3223/3895
f 2214/3509 3223/3895 3419/3268
f 2844/3952 3583/4205 2792/3987
f 2346/3137 2639/3979 1730/3135
f 2685/3201 1417/3200 3224/3974
f 1809/2687 3224/3974 1417/3200
f 2936/3506 2661/3505 1376/3615
f 2133/2382 1822/2520 3227/3163
f 2981/3303 3227/3163 1822/2520
f 1416/3186 1825/3692 3228/3182
f 2584/3691 3228/3182 1825/3692
f 1652/2271 3230/3781 217/3782
f 1392/3082 1450/3081 3231/3295
f 2826/3272 3231/3295 1714/3296
f 1629/2390 2074/3761 3232/2393
f 1570/2396 3232/2393 2074/3761
f 2242/3960 3234/4073 1440/3697
f 3141/4076 3235/3060 3756/4179
f 1506/3478 1745/3916 3236/4059
f 3236/4059 1745/3916 2287/4170
f 305/2097 306/2100 3238/2098
f 4126/2951 3222/2953 275/2178
f 3147/2612 1521/3517 3179/2610
f 3120/3103 1694/3459 3244/3519
f 1809/2687 1418/2686 3245/3038
f 2648/3193 3245/3038 1418/2686
f 1426/2688 2053/3608 3246/3208
f 1424/3609 3246/3208 2053/3608
f 2882/2859 3247/3882 2035/2857
f 3248/3198 2176/3197 2571/3199
f 290/2227 3249/2222 15/3643
f 3884/4088 2089/3888 3251/2779
f 3251/2779 2089/3888 1722/3448
f 3164/2563 2398/4180 3252/2588
f 2398/4180 3164/2563 1219/2562
f 3258/3123 1885/3723 3265/3725
f 2773/3340 2451/3554 2091/4140
f 3556/3188 1551/3191 3259/3039
f 3259/3039 1551/3191 1707/3190
f 4139/3815 3265/3725 1885/3723
f 2899/3435 1717/3434 2512/3346
f 1576/2535 1235/3032 3268/2761
f 1788/2759 3268/2761 1235/3032
f 1747/2301 3271/2989 4060/3917
f 1777/2685 3113/3681 1273/3196
f 2761/3008 1371/3822 3273/4004
f 3330/3821 3273/4004 1371/3822
f 3595/3482 3315/4169 3276/2798
f 3315/4169 3595/3482 1686/3481
f 2875/3419 3570/3091 3277/3983
f 1645/2541 4003/4220 3278/4175
f 2356/3111 3278/4175 4003/4220
f 3135/4021 3279/2246 1494/3307
f 2844/3952 2948/4213 3196/4122
f 1740/2142 1647/3746 3941/3908
f 2239/2389 2283/3496 2846/3495
f 2979/2901 2454/3336 3611/3287
f 1915/2378 1511/3759 3283/3862
f 2038/3899 3283/3862 2161/3532
f 1620/2270 2450/3738 3637/2273
f 2228/3820 3285/3739 2252/4161
f 2169/2344 3640/2341 1369/2846
f 1685/3134 3286/2790 3965/4127
f 1626/3305 1606/4134 3290/3306
f 1454/4115 3290/3306 1606/4134
f 2245/3088 1631/3087 2954/4110
f 3292/2546 2827/2545 1762/3680
f 2176/3197 3292/2546 1762/3680
f 2493/2199 263/2196 3293/2195
f 3293/2195 264/2194 3337/2190
f 3294/3890 3999/2231 1357/4221
f 1357/4221 3694/3889 3294/3890
f 2377/3810 3117/4077 2358/3809
f 3034/3966 3549/2112 3296/3465
f 2709/3013 3173/3837 1612/3836
f 2070/3971 2709/3013 1612/3836
f 3238/2098 306/2100 1897/2099
f 3290/3306 1454/4115 3301/3351
f 2019/3352 3301/3351 1454/4115
f 3980/2148 1870/3203 1299/2767
f 1630/3309 2014/3310 3685/2966
f 1310/3585 3685/2966 2014/3310
f 2803/2582 1303/3552 3305/2594
f 1563/2595 3305/2594 1303/3552
f 1981/2983 3306/3157 1865/2981
f 3184/2672 1678/2420 3307/2665
f 3307/2665 1678/2420 3676/4102
f 1937/2622 3068/4080 1263/2373
f 3310/2757 3174/2756 1702/3518
f 3310/2757 1702/3518 3244/3519
f 3141/4076 3311/3529 1933/3900
f 4158/2712 2696/2714 2641/4196
f 2287/4170 1745/3916 3315/4169
f 3276/2798 3315/4169 1745/3916
f 2273/3386 1874/4036 2306/3621
f 1951/4084 1586/3940 2794/4195
f 3276/2798 1506/3478 3413/2796
f 1834/2924 1281/2923 3319/2743
f 2394/4151 3319/2743 1281/2923
f 1517/2461 2440/2407 3320/2459
f 1722/3448 3320/2459 3564/2409
f 2790/4018 3321/2478 1387/3261
f 2034/3488 3322/3160 1255/2605
f 2056/3641 1928/4071 3323/3639
f 2928/2225 3323/3639 1928/4071
f 1619/4075 1247/2570 3324/3977
f 3324/3977 1247/2570 3651/3531
f 2927/2469 1664/3622 3325/3046
f 2575/3925 3325/3046 1875/3623
f 2358/3809 4016/3886 1720/3412
f 3919/3414 2358/3809 1720/3412
f 3329/3919 210/2343 211/2969
f 2994/2970 3329/3919 211/2969
f 9/4222 206/2351 2551/2352
f 1680/2717 1232/2716 3330/3821
f 2727/3689 3330/3821 1232/2716
f 2767/3707 4138/3915 3331/3914
f 1705/2345 1556/2465 1410/2812
f 1690/2355 1370/2872 2971/2353
f 2764/3742 2901/3741 2008/3391
f 3335/3222 3469/3221 1606/4134
f 1626/3305 3335/3222 1606/4134
f 3096/4218 1486/3748 3336/2472
f 1846/3210 3336/2472 1486/3748
f 1604/2526 1925/2525 3795/4070
f 1332/2883 3795/4070 1925/2525
f 3293/2195 3337/2190 1662/2189
f 3285/3739 2450/3738 1254/4150
f 2119/3094 3340/3020 1375/3022
f 3341/3766 3735/4046 1873/3620
f 1561/2910 3341/3766 1873/3620
f 2220/2452 1414/2213 2672/3934
f 1459/3964 3352/2878 3138/2880
f 3105/2929 2389/2139 297/2138
f 3158/2736 1491/3420 1926/3243
f 2623/3829 1859/3486 2843/4168
f 3552/3634 4123/4197 3356/3116
f 1352/4054 3356/3116 4123/4197
f 2197/3329 2795/3338 3358/3750
f 2178/3771 3358/3750 2795/3338
f 2683/3731 1225/3659 3360/3847
f 3360/3847 1225/3659 1609/3658
f 2404/3317 3361/4095 3381/2875
f 2256/2948 1352/4054 3362/2946
f 4123/4197 3362/2946 1352/4054
f 2093/3466 1709/3712 3181/3467
f 1448/2784 1843/4167 2604/2782
f 1339/2248 1494/3307 3279/2246
f 3390/2877 2923/4017 4010/4031
f 2778/4034 1555/3290 1842/3292
f 2497/3946 2778/4034 1842/3292
f 2306/3621 3185/3364 2022/3390
f 1566/2078 1340/2073 2780/2072
f 2560/3206 1212/3205 1742/3843
f 2786/3913 2560/3206 1742/3843
f 2633/2134 1572/2133 3367/3655
f 3370/2960 1526/2959 1928/4071
f 2056/3641 3370/2960 1928/4071
f 3594/3942 1419/3941 3371/3909
f 2049/3592 3371/3909 1419/3941
f 1523/3849 1773/3010 3815/3009
f 1259/3920 3372/3011 1773/3010
f 2956/2293 1365/2285 2608/2303
f 2407/2252 2953/4159 1980/2965
f 1561/2910 1532/4048 3374/2911
f 2619/3400 3374/2911 4011/3817
f 2683/3731 3360/3847 3375/4200
f 2079/3489 3375/4200 2801/3718
f 1974/2895 1438/3988 3376/2896
f 2132/3613 3376/2896 2173/3989
f 1795/2855 3171/3950 4029/2818
f 1227/2310 3377/3490 1748/2309
f 1485/3228 2880/3396 1833/3803
f 2413/3656 3323/3639 2872/3638
f 2574/2732 1313/2680 3379/4049
f 2866/3652 3379/4049 1313/2680
f 1805/2500 1666/3796 3380/2996
f 2600/3861 3380/2996 3529/4078
f 3361/4095 1925/2525 3381/2875
f 2751/3676 1268/2691 3385/3674
f 2299/3663 3385/3674 1268/2691
f 1721/3597 2051/3598 3386/3887
f 3386/3887 2051/3598 3960/3596
f 3389/4045 3539/3213 3706/4096
f 3391/3368 1840/3369 1473/3358
f 3894/3360 3391/3368 1473/3358
f 4088/4060 2656/2313 3471/3719
f 3336/2472 1468/2474 3096/4218
f 3395/3110 3771/3109 1605/2564
f 1930/2566 3395/3110 1605/2564
f 10/2328 2699/2327 226/2493
f 1623/2210 288/2209 3397/2216
f 3397/2216 288/2209 289/3642
f 2963/3353 1942/2241 3399/3842
f 1246/3350 3399/3842 1942/2241
f 1583/2621 1510/4186 3400/2619
f 2292/2873 3400/2619 1510/4186
f 1670/3148 3653/2592 3401/3667
f 1531/3537 2587/3540 3592/2669
f 2317/3806 2779/2584 2009/3996
f 2183/2760 1788/2759 2684/3955
f 2100/3948 2879/3944 1497/3885
f 1374/3557 4103/2380 3942/2379
f 3403/2381 4103/2380 1312/4003
f 4077/3507 1790/2808 3404/3956
f 3404/3956 1790/2808 3688/2799
f 1744/2905 1330/2904 3331/3914
f 1864/2440 1211/2940 2510/3471
f 1455/3999 3407/3762 2535/2861
f 3109/3202 2162/3743 3408/3865
f 2162/3743 3109/3202 1622/2143
f 2186/3308 1548/3233 3409/3584
f 1310/3585 3409/3584 1548/3233
f 1204/2639 1585/2654 3411/2640
f 4037/4201 1752/2364 2096/2363
f 2098/3932 3413/2796 1769/2696
f 1913/2358 196/4061 3414/3001
f 197/3647 3414/3001 196/4061
f 1716/3452 4057/3415 3415/3873
f 2019/3352 2035/2857 3418/3644
f 3418/3644 2035/2857 3247/3882
f 2964/2835 1308/3237 3419/3268
f 2214/3509 3419/3268 1308/3237
f 3310/2757 3244/3519 1694/3459
f 3420/3790 266/2955 267/3635
f 3132/2208 3420/3790 267/3635
f 3414/3001 3421/2613 3650/3000
f 3152/2629 3422/3049 1712/3868
f 2462/3255 1304/3827 2831/3132
f 1295/2463 4069/3215 3426/2464
f 1797/2874 3156/3962 1603/3706
f 1753/2931 2094/3922 3427/3923
f 2633/2134 3427/3923 2094/3922
f 1811/2854 1852/3402 2923/4017
f 3337/2190 265/2956 1661/2197
f 3356/3116 1352/4054 3433/3632
f 1390/2602 1770/3076 3434/2603
f 1520/2992 3434/2603 1770/3076
f 2485/3569 2379/2679 1634/2240
f 2085/2346 2143/2811 2063/3772
f 2620/4058 2558/4006 3123/4005
f 2821/3976 4117/3521 1208/3473
f 3017/2920 1434/2919 3436/3711
f 1999/4101 3436/3711 1434/2919
f 2819/3253 1441/3142 3520/3995
f 325/2104 2574/2732 324/2821
f 2419/4025 3439/3685 1405/3062
f 2040/3559 1538/2829 3440/3546
f 1205/2735 3440/3546 1538/2829
f 3442/3824 3203/3245 1315/2774
f 1332/2883 1971/2885 3443/4069
f 1333/2728 3443/4069 1971/2885
f 2703/2223 1356/4055 1526/2959
f 1259/3920 1773/3010 3446/3812
f 2590/2722 3446/3812 1773/3010
f 1962/2832 1929/2561 3447/4158
f 3234/4073 3447/4158 1929/2561
f 2963/3353 3399/3842 3301/3351
f 2194/3571 3215/3751 2485/3569
f 1228/2250 2222/3958 4024/2715
f 2004/3767 3191/3218 2789/2888
f 2700/3617 1460/3355 3449/2473
f 1468/2474 3449/2473 1460/3355
f 1218/3002 3421/2613 1673/2244
f 1630/3309 3455/4043 2012/3271
f 3456/2362 3573/3282 1446/3241
f 2208/2682 3456/2362 3066/3283
f 2575/3925 2922/4153 1477/3683
f 295/2451 3458/2450 294/4219
f 3125/2220 3458/2450 1876/2449
f 2948/4213 1301/4146 2584/3691
f 2364/3603 3484/4199 3460/3735
f 2777/4204 3460/3735 3484/4199
f 3023/3460 3461/3464 303/3461
f 2453/2404 2736/3993 1872/3830
f 3442/3824 2453/2404 1872/3830
f 2008/3391 1265/2630 3463/3869
f 3152/2629 3463/3869 1265/2630
f 316/2079 2203/2077 1737/2076
f 2183/2760 3071/3799 3268/2761
f 3069/2412 2026/2411 3464/4177
f 3220/3786 3464/4177 2026/2411
f 3465/3752 3577/3259 2025/3423
f 1317/2408 3465/3752 2025/3423
f 3466/2557 1400/2556 273/4223
f 274/2177 3466/2557 273/4223
f 1649/3472 2978/2162 3467/3777
f 1760/2684 2096/2363 2208/2682
f 4073/3223 1709/3712 3469/3221
f 2067/3715 3469/3221 1709/3712
f 2956/2293 3663/2987 3027/3891
f 3470/3187 3100/3985 1826/3371
f 2549/4032 3470/3187 1826/3371
f 1698/2490 4060/3917 3471/3719
f 1610/2329 3471/3719 4060/3917
f 3801/3543 4161/4104 3472/4103
f 2005/3226 3472/4103 4161/4104
f 3861/2173 2547/2175 3473/2170
f 2376/3984 3129/4209 3464/4177
f 3028/3377 3476/3169 2073/3379
f 2529/3070 3983/3729 4026/3866
f 1403/3095 3960/3596 3478/3814
f 1538/2829 3478/3814 3845/4033
f 3303/3106 3069/2412 1530/3107
f 238/2302 239/2988 2369/2300
f 3480/3524 3370/2960 2514/3640
f 1267/2637 3480/3524 2514/3640
f 2641/4196 1480/4157 3481/3387
f 2241/3877 3481/3387 1480/4157
f 2132/3613 2297/4114 1831/3252
f 3210/3090 1264/3867 3277/3983
f 2230/3763 1541/4092 3483/3567
f 3483/3567 1541/4092 2276/2837
f 2682/2516 2777/4204 3484/4199
f 2777/4204 2682/2516 3939/2357
f 2228/3820 2252/4161 2871/3846
f 1218/3002 3093/4217 3485/3556
f 1791/3563 3485/3556 1536/3957
f 2587/3540 1677/3539 3090/4191
f 3488/2724 2709/3013 1807/3972
f 1967/2853 3488/2724 1807/3972
f 3489/3349 2940/3108 3548/3463
f 347/2385 348/4132 3490/2532
f 2059/3650 3490/2532 348/4132
f 1759/2504 1838/2503 2964/2835
f 2596/3675 3385/3674 1782/3033
f 2080/2850 2848/4136 1938/4079
f 3493/2810 1539/2497 1791/3563
f 2222/3958 3493/2810 1791/3563
f 2336/3938 2443/4015 2515/3937
f 228/2324 229/3918 3496/2321
f 1749/2322 3496/2321 229/3918
f 1960/2828 2001/2827 3497/3180
f 3499/4085 1679/2578 1586/3940
f 1951/4084 3499/4085 1586/3940
f 3660/4089 1956/3990 3500/4053
f 1219/2562 3500/4053 1956/3990
f 2081/3687 3501/2789 3864/3361
f 3002/3139 3982/3550 3502/3819
f 3982/3550 3002/3139 1405/3062
f 3503/3813 2630/2816 1290/4164
f 2298/3811 3503/3813 1290/4164
f 1680/2717 3511/3823 4037/4201
f 1596/3184 1278/3185 1416/3186
f 3086/2089 2374/2914 1341/4119
f 2007/2468 1385/3053 3513/4120
f 2759/4163 3513/4120 1385/3053
f 3181/3467 3514/3468 3296/3465
f 252/3775 3515/2160 3144/3776
f 2180/2260 3517/2340 202/2615
f 3518/3056 1322/2804 1803/3968
f 1862/3510 3518/3056 1803/3968
f 3025/3258 3778/3254 3520/3995
f 3818/2849 3815/3009 2848/4136
f 1427/2887 3521/3541 1888/4047
f 3522/2568 3547/2567 1931/4008
f 1403/3095 3522/2568 1931/4008
f 2696/2714 1252/2713 3525/4037
f 4061/4065 2785/3048 1515/3450
f 3529/4078 3380/2996 1666/3796
f 2522/2508 3529/4078 3206/4039
f 1779/2667 1419/3941 3594/3942
f 3901/4028 1792/3052 3530/4029
f 2041/3051 3530/4029 1792/3052
f 2425/2763 1273/3196 3113/3681
f 1342/2094 2235/2106 320/2095
f 3535/2436 2793/2435 3742/3115
f 2943/3924 3535/2436 3742/3115
f 3573/3282 1433/2725 1446/3241
f 341/2361 3537/2517 3994/4165
f 1610/2329 1368/2492 3538/2330
f 1616/3732 3538/2330 1368/2492
f 201/2256 3517/2340 2064/2339
f 2570/3219 1335/3214 3539/3213
f 1828/3357 3539/3213 3905/3212
f 2996/3590 1490/4210 3540/3591
f 2875/3419 3540/3591 1490/4210
f 3064/2443 1351/2180 2594/2433
f 2020/2890 3389/4045 3706/4096
f 1860/3500 3541/3118 1242/3120
f 3311/3529 1639/2480 1757/2479
f 2672/3934 1677/3539 3542/4131
f 1677/3539 4095/3538 3542/4131
f 3545/4152 2214/3509 4066/3508
f 2052/2466 3545/4152 4066/3508
f 1220/3080 2954/4110 3483/3567
f 3546/2656 2827/2545 1276/3536
f 1939/2657 3546/2656 1276/3536
f 1294/2569 1848/2644 3547/2567
f 1469/3325 3547/2567 1848/2644
f 3489/3349 3548/3463 1813/3089
f 329/2122 1900/2124 3549/2112
f 3296/3465 3549/2112 1900/2124
f 2569/3175 1985/2740 3550/4138
f 1236/2739 3550/4138 1985/2740
f 2490/4129 3545/4152 2052/2466
f 2811/2149 3980/2148 2680/3986
f 3356/3116 2061/2949 3552/3634
f 1816/3138 3552/3634 2061/2949
f 1679/2578 1767/2577 3802/3931
f 3147/2612 3673/3933 3553/3562
f 1288/3136 3553/3562 3673/3933
f 3796/2939 2510/3471 1211/2940
f 2370/2544 1578/4182 2474/2543
f 3556/3188 3245/3038 1588/3041
f 1379/3189 3556/3188 1588/3041
f 2540/4086 1545/2115 3557/4087
f 2665/3841 3557/4087 3045/3344
f 1205/2735 1872/3830 3558/3545
f 3558/3545 1872/3830 2736/3993
f 201/2256 2064/2339 3126/2249
f 295/2451 3367/3655 1572/2133
f 2136/3666 1596/3184 3019/3183
f 1319/2281 2313/4023 244/4187
f 1498/3413 1856/3446 3561/4149
f 2186/3308 3561/4149 1856/3446
f 2454/3336 1338/2674 3562/3335
f 14/2206 3132/2208 268/3636
f 1932/2571 3761/2580 3563/2572
f 1943/2681 3563/2572 3761/2580
f 3320/2459 2440/2407 3564/2409
f 3478/3814 3522/2568 1403/3095
f 1746/2279 2843/4168 1859/3486
f 1842/3292 1409/3291 3567/3601
f 1812/3068 3567/3601 2498/3975
f 1291/3418 3989/3575 3570/3091
f 1752/2364 3573/3282 3456/2362
f 2909/3155 2607/2711 1994/2979
f 1735/3424 2025/3423 3577/3259
f 1628/3260 3577/3259 3465/3752
f 2143/2811 1957/2813 2884/2809
f 1632/2899 1887/3764 3579/3341
f 3341/3766 3579/3341 1887/3764
f 1431/3880 3696/4068 3580/3231
f 1222/3232 3580/3231 3696/4068
f 1932/2571 1619/4075 3581/3734
f 2346/3137 3581/3734 2639/3979
f 3570/3091 1394/4097 3582/3092
f 2155/2628 3582/3092 1394/4097
f 2844/3952 3196/4122 3583/4205
f 2041/3051 3583/4205 3196/4122
f 2687/2205 1891/2182 3584/4051
f 3584/4051 1891/2182 3729/2446
f 2885/3085 1452/4093 2339/3083
f 2453/2404 3442/3824 3585/2402
f 2596/3675 3411/2640 1585/2654
f 2100/3948 1871/3599 3586/3945
f 2778/4034 3586/3945 1871/3599
f 1558/3611 1834/2924 3319/2743
f 3501/2789 3829/4128 3588/2787
f 3137/3572 3588/2787 3829/4128
f 3489/3349 1813/3089 1552/3347
f 1688/2851 1529/3535 3590/3016
f 3130/4166 3590/3016 3740/3534
f 3177/3021 3340/3020 3743/3785
f 1939/2657 1276/3536 3592/2669
f 1531/3537 3592/2669 1276/3536
f 3217/3754 2483/3753 1250/4202
f 2325/3363 2461/4009 1221/3366
f 3371/3909 3941/3908 3594/3942
f 1858/3470 3594/3942 3941/3908
f 283/2426 1348/2933 2259/2424
f 2485/3569 1888/4047 3521/3541
f 3276/2798 1287/2797 3595/3482
f 2033/2708 3595/3482 1287/2797
f 1818/3978 3324/3977 3837/2356
f 3596/2596 2623/3829 1686/3481
f 1223/2707 3596/2596 1686/3481
f 2559/3716 1695/3967 3597/3845
f 3597/3845 1695/3967 2563/4189
f 1967/2853 3598/4215 1433/2725
f 302/2652 3461/3464 1504/2650
f 3599/3126 3962/4185 1587/3677
f 2065/3679 3599/3126 1587/3677
f 3909/4184 1777/2685 3600/3195
f 1761/2537 2724/3394 1484/2538
f 1628/3260 3778/3254 3025/3258
f 1416/3186 1300/2647 3601/3794
f 2099/2646 3601/3794 1300/2647
f 2201/4137 2115/3074 1362/2972
f 1738/2121 3461/3464 1503/2119
f 3483/3567 2276/2837 1700/2839
f 2403/3293 3607/3835 1451/3273
f 1507/2275 3855/2277 2287/4170
f 3236/4059 3855/2277 1909/3484
f 2105/3981 3879/3872 3610/3145
f 2317/3806 3610/3145 3879/3872
f 1694/3459 1270/2540 3310/2757
f 3562/3335 1708/3332 3611/3287
f 1462/3334 3611/3287 1708/3332
f 2402/2163 1349/3476 2870/2161
f 2371/3547 2907/3870 1713/3548
f 2140/3330 3616/3326 1386/3211
f 3595/3482 2033/2708 3619/3480
f 1573/2453 1876/2449 3620/2132
f 3620/2132 1876/2449 1572/2133
f 1285/3131 3784/2703 3621/3129
f 3621/3129 3784/2703 3843/2702
f 2709/3013 1324/2726 3622/3007
f 2550/3921 3622/3007 1324/2726
f 1309/3646 2087/4181 3623/2838
f 1714/3296 3623/2838 2087/4181
f 3048/2733 1554/2830 2588/4183
f 2811/2149 3371/3909 1238/2147
f 3625/2794 1804/3969 2599/2980
f 2052/2466 1996/3602 3626/3297
f 1522/2507 3626/3297 1996/3602
f 1827/3778 1650/3717 3627/3779
f 1921/2442 3627/3779 3064/2443
f 1983/3025 1969/3024 3628/4094
f 2277/3373 3628/4094 1969/3024
f 1420/2437 1380/3876 2793/2435
f 2074/3761 1233/3760 3633/3648
f 2059/3650 3633/3648 3490/2532
f 2576/3614 1810/3040 3634/4190
f 1560/3312 3634/4190 1810/3040
f 2048/3588 1560/3312 3636/4011
f 2362/3042 3636/4011 1560/3312
f 3285/3739 3477/2274 3637/2273
f 1430/2984 3637/2273 4090/2272
f 3638/3520 2865/3901 1703/3606
f 2359/2441 3638/3520 1703/3606
f 4024/2715 3093/4217 1258/2243
f 2384/4027 1486/3748 3096/4218
f 3640/2341 2482/2803 1750/2805
f 1369/2846 3640/2341 1750/2805
f 2419/4025 3002/3139 2972/4082
f 2792/3987 3644/2748 3666/3619
f 1224/2287 1995/3158 3647/2599
f 1527/2604 3647/2599 1995/3158
f 3564/2409 1513/3422 3648/3626
f 3788/2780 3648/3626 1513/3422
f 1425/3331 1562/4130 3649/3356
f 1828/3357 3649/3356 1562/4130
f 1499/3445 3135/4021 1856/3446
f 2282/3003 3650/3000 3421/2613
f 2282/3003 1818/3978 3650/3000
f 1913/2358 3650/3000 1818/3978
f 1866/3530 3460/3735 3651/3531
f 3324/3977 3651/3531 1754/3736
f 2436/4090 2955/3314 1442/2792
f 1560/3312 1492/3311 3652/4212
f 2936/3506 3652/4212 1492/3311
f 3401/3667 3653/2592 4046/2698
f 1915/2378 1412/2377 3654/3649
f 1916/2386 3654/3649 1412/2377
f 2308/3006 1312/4003 3655/3300
f 3051/3301 3655/3300 1312/4003
f 3672/2900 1691/3840 1336/2893
f 1691/3840 1333/2728 1336/2893
f 3386/3887 2023/4117 3194/3421
f 3962/4185 1578/4182 4110/4194
f 2931/3660 4110/4194 1578/4182
f 1597/3696 3104/2776 1944/2695
f 3500/4053 3134/4174 3660/4089
f 2956/2293 1366/2292 3663/2987
f 2369/2300 3663/2987 1366/2292
f 1483/4108 4009/3171 3665/3029
f 2766/3787 3665/3029 4009/3171
f 2700/3617 1756/3397 3666/3619
f 1217/3209 3666/3619 1756/3397
f 2943/3924 1525/2439 3667/3805
f 1397/3607 3667/3805 1525/2439
f 3669/4050 3177/3021 1890/3286
f 1975/2406 3669/4050 1890/3286
f 2760/3333 1708/3332 3562/3335
f 2764/3742 1483/4108 3671/4099
f 1984/3031 3671/4099 1483/4108
f 1692/2902 1493/4178 3672/2900
f 1691/3840 3672/2900 1493/4178
f 3674/2926 4008/3498 2418/4107
f 2026/2411 3674/2926 2418/4107
f 2002/3207 3676/4102 1678/2420
f 1214/2454 2990/4141 2220/2452
f 4043/3477 3294/3890 3677/3714
f 3294/3890 4043/3477 3933/2413
f 2718/4148 1511/3759 3678/3493
f 1998/3758 3678/3493 1511/3759
f 2678/3141 1909/3484 12/3483
f 1945/2701 2678/3141 12/3483
f 3679/2611 3179/2610 1249/2807
f 3192/3733 3679/2611 1249/2807
f 2003/2689 3063/2677 4143/3695
f 1315/2774 3585/2402 3442/3824
f 1624/3216 2073/3379 3426/2464
f 1540/3236 3136/3565 2908/3234
f 2569/3175 4003/4220 2027/3436
f 2109/2967 3685/2966 1310/3585
f 4019/3165 2044/4124 3686/3166
f 3404/3956 3688/2799 1257/3515
f 3689/3275 2505/3274 1840/3369
f 3922/2863 3689/3275 3391/3368
f 3247/3882 1719/3884 1328/3439
f 3434/2603 4059/3897 3690/3898
f 2158/3522 1275/4139 3691/2421
f 2086/2422 3691/2421 1275/4139
f 4085/3555 3737/3949 3692/2498
f 3694/3889 1357/4221 1968/2858
f 1467/3503 3694/3889 1968/2858
f 1911/2331 3538/2330 3695/2991
f 2079/3489 3695/2991 3375/4200
f 3696/4068 1431/3880 1908/2265
f 1924/2264 3696/4068 1908/2265
f 2162/3743 1622/2143 3699/3744
f 2680/3986 3699/3744 1622/2143
f 3015/3576 2616/4172 1465/3028
f 1280/3324 3085/2891 1950/2750
f 2259/2424 2295/2141 1272/2423
f 1977/2083 318/2088 3703/2081
f 1898/2108 3703/2081 319/2087
f 1549/3372 1849/3587 2193/3850
f 1544/4056 1873/3620 3735/4046
f 3539/3213 1828/3357 3706/4096
f 4110/4194 3708/4224 2794/4195
f 2109/2967 1360/2253 2693/2968
f 2016/3319 1339/2248 3710/3318
f 1223/2707 3619/3480 2033/2708
f 3037/3703 3145/4040 1878/2721
f 2685/3201 2049/3592 3248/3198
f 2494/3816 3713/2187 2808/2445
f 4108/3892 1612/3836 3714/3720
f 1820/3067 3780/3367 3717/4143
f 2651/4001 3717/4143 2849/4002
f 1771/2606 3322/3160 1528/3077
f 1598/2978 1615/3700 3719/3075
f 2071/3730 3719/3075 4067/3267
f 2486/3130 2398/4180 1285/3131
f 2563/4189 3222/2953 3721/3844
f 2544/2952 3721/3844 3222/2953
f 1984/3031 1483/4108 3665/3029
f 1743/2183 1860/3500 3723/2184
f 3723/2184 1860/3500 1516/3502
f 1237/2958 1578/4182 2370/2544
f 1302/3549 1834/2924 3724/3994
f 1558/3611 3724/3994 1834/2924
f 2291/2176 275/2178 3222/2953
f 2607/2711 1591/3688 3209/2710
f 3584/4051 3729/2446 1661/2197
f 2277/3373 3050/3037 1327/2793
f 1857/3345 1545/2115 3730/4022
f 3730/4022 1545/2115 3974/2114
f 2569/3175 3180/3045 1985/2740
f 2392/2781 1955/3262 3251/2779
f 2715/2448 3729/2446 1891/2182
f 2341/3791 1514/3499 2207/2957
f 2899/3435 1530/3107 3733/4208
f 3069/2412 3733/4208 1530/3107
f 3735/4046 2788/4057 1544/4056
f 2519/3430 1727/3709 2451/3554
f 3737/3949 4085/3555 1311/4067
f 4077/3507 3737/3949 1311/4067
f 335/2236 1382/2457 3738/2234
f 4038/2455 3738/2234 3787/2456
f 1529/3535 2038/3899 3740/3534
f 2161/3532 3740/3534 2038/3899
f 3204/3784 2718/4148 1658/3279
f 3303/3106 2940/3108 3489/3349
f 2569/3175 2356/3111 4003/4220
f 1894/3475 3433/3632 1352/4054
f 3743/3785 3340/3020 1234/2623
f 1693/3167 3743/3785 1234/2623
f 2910/3848 1609/3658 3745/2320
f 1910/2317 3745/2320 1609/3658
f 2107/3238 3455/4043 1443/2800
f 2545/3902 3747/3064 2925/3756
f 1791/3563 1758/2496 3553/3562
f 2828/2530 1289/3015 3750/2528
f 3558/3545 3001/2742 3440/3546
f 2912/3179 3090/4191 1677/3539
f 2672/3934 2912/3179 1677/3539
f 3408/3865 3691/2421 3109/3202
f 3686/3166 3989/3575 3317/3164
f 4169/2614 3421/2613 197/3647
f 1930/2566 1296/2565 3753/2921
f 2597/2648 3753/2921 1296/2565
f 1537/2720 3750/2528 3754/3558
f 2003/2689 3246/3208 3063/2677
f 2374/2914 2780/2072 1341/4119
f 2906/3578 1291/3418 2875/3419
f 1405/3062 3439/3685 3756/4179
f 2250/3684 3756/4179 3439/3685
f 2342/3551 3311/3529 1283/2783
f 1639/2480 1387/3261 3321/2478
f 1701/3833 2087/4181 3757/3854
f 1309/3646 3757/3854 2087/4181
f 3575/3727 3759/3726 4036/3951
f 272/2193 1400/2556 3760/2191
f 1765/2579 1772/3526 3761/2580
f 3821/3528 3761/2580 1772/3526
f 3762/2649 2597/2648 1776/2690
f 2003/2689 3762/2649 1776/2690
f 3567/3601 3175/3871 2437/3600
f 2047/3586 3561/4149 3409/3584
f 1819/2869 1865/2981 3306/3157
f 3376/2896 1831/3252 1543/2894
f 1458/2729 2015/3492 2380/2727
f 3397/2216 289/3642 2057/2224
f 3227/3163 1231/3162 2133/2382
f 1743/2183 3760/2191 3541/3118
f 2070/3971 1807/3972 2709/3013
f 1495/2997 2066/3432 3764/3963
f 1487/3401 3764/3963 2066/3432
f 3767/2481 1252/2713 1389/4016
f 2674/2795 3767/2481 1389/4016
f 3754/3558 3768/2620 1537/2720
f 2323/3299 3051/3301 3130/4166
f 3485/3556 3093/4217 1536/3957
f 3183/3708 3107/2876 1603/3706
f 1999/4101 2054/3416 3770/3454
f 1716/3452 3770/3454 2054/3416
f 2356/3111 3550/4138 3771/3109
f 2083/2752 3771/3109 3550/4138
f 2389/2139 3427/3923 3367/3655
f 2962/3710 2420/3178 3972/3177
f 3676/4102 4015/3863 2068/2666
f 3307/2665 3676/4102 2068/2666
f 2341/3791 2220/2452 2990/4141
f 3324/3977 2639/3979 1619/4075
f 258/2174 1241/2185 2547/2175
f 2870/2161 1902/2166 3773/2438
f 277/2937 3773/2438 1902/2166
f 3130/4166 3740/3534 1323/3533
f 3303/3106 3489/3349 2090/3348
f 2378/3427 1334/3839 3777/3426
f 273/4223 1400/2556 272/2193
f 1628/3260 1440/3697 3778/3254
f 2462/3255 3778/3254 1440/3697
f 3717/4143 3780/3367 2849/4002
f 3404/3956 3737/3949 4077/3507
f 2979/2901 3672/2900 1336/2893
f 3783/2934 4007/3860 1704/3804
f 3344/2156 3783/2934 1704/3804
f 1285/3131 1832/3991 3784/2703
f 1429/2768 3784/2703 1832/3991
f 2522/2508 1522/2507 3088/2616
f 3787/2456 4010/4031 2882/2859
f 2056/3641 2413/3656 4119/3936
f 1904/2221 2421/2229 291/2228
f 1513/3422 1735/3424 3788/2780
f 3106/3907 3788/2780 1735/3424
f 1683/2524 3900/4142 3791/2522
f 1760/2684 3791/2522 3900/4142
f 3793/2824 3956/2823 1792/3052
f 3793/2824 1792/3052 3901/4028
f 3127/3485 1542/2598 2852/2597
f 2261/3690 1954/2778 3795/4070
f 1604/2526 3795/4070 1954/2778
f 3554/2941 1731/3474 3796/2939
f 2402/2163 3796/2939 1731/3474
f 3258/3123 3265/3725 1990/3124
f 1259/3920 3537/2517 1657/2518
f 3144/3776 3515/2160 1648/2942
f 1205/2735 1554/2830 3048/2733
f 2817/4171 3213/4206 3104/2776
f 3472/4103 1627/3544 3801/3543
f 1802/2747 3801/3543 2301/3542
f 2802/3855 1987/4100 3757/3854
f 2364/3603 2914/4062 3484/4199
f 1204/2639 4068/3678 3802/3931
f 1679/2578 3802/3931 1586/3940
f 3803/2460 3320/2459 1565/3447
f 1383/3625 3803/2460 1565/3447
f 3213/4206 4146/2574 3806/4081
f 1943/2681 3806/4081 4146/2574
f 1592/3671 3750/2528 1537/2720
f 2700/3617 3644/2748 1950/2750
f 2975/4038 1875/3623 3810/3382
f 3811/3973 2030/3455 2088/3610
f 2088/3610 3415/3873 3811/3973
f 3714/3720 1612/3836 3655/3300
f 2308/3006 3655/3300 3173/3837
f 2848/4136 3815/3009 3372/3011
f 3341/3766 2187/2675 1847/3765
f 2952/2401 308/4216 3816/2399
f 309/2085 3816/2399 308/4216
f 3745/2320 1749/2322 2910/3848
f 2550/3921 3511/3823 1371/3822
f 1688/2851 1893/3014 3818/2849
f 1523/3849 3818/2849 1893/3014
f 1448/2784 1689/3838 2651/4001
f 1885/3723 3473/2170 2547/2175
f 3690/3898 2832/2601 3434/2603
f 1405/3062 3756/4179 3235/3060
f 3104/2776 3821/3528 4162/2775
f 3754/3558 3750/2528 1289/3015
f 2563/4189 3721/3844 1742/3843
f 3597/3845 2563/4189 1742/3843
f 3259/3039 3224/3974 1809/2687
f 2443/4015 3199/3874 2858/3875
f 3823/3801 2998/3800 1766/3930
f 2006/3229 3823/3801 1766/3930
f 3290/3306 3399/3842 2757/3304
f 2198/3276 1449/2862 3407/3762
f 2714/3323 3062/3288 2918/3289
f 2872/3638 1215/2226 3125/2220
f 3826/4123 2046/3581 3890/3566
f 2284/2589 1580/3664 3827/3595
f 2160/3665 3827/3595 1580/3664
f 3286/2790 1952/2771 3829/4128
f 3137/3572 3829/4128 1952/2771
f 1455/3999 2184/4126 2047/3586
f 3625/2794 2599/2980 1994/2979
f 230/2325 231/2308 3830/2307
f 3404/3956 2565/3561 3737/3949
f 2043/3251 1479/3337 2813/3384
f 1913/2358 1818/3978 3837/2356
f 1754/3736 3837/2356 3324/3977
f 1267/2637 1423/2636 3838/3523
f 1207/3747 3838/3523 1423/2636
f 3235/3060 3839/2581 1534/3061
f 3107/2876 1459/3964 2404/3317
f 1518/3054 3513/4120 2036/2844
f 1783/2704 1278/3185 3843/2702
f 1835/3249 3843/2702 1278/3185
f 192/3012 2914/4062 1914/2368
f 2588/4183 1554/2830 3845/4033
f 3768/2620 2727/3689 4004/3491
f 3490/2532 3654/3649 1916/2386
f 2403/3293 2826/3272 1714/3296
f 3145/4040 3503/3813 3446/3812
f 1662/2189 1892/3929 3850/2198
f 2808/2445 3850/2198 1892/3929
f 3582/3092 1621/2627 3210/3090
f 3660/4089 3134/4174 1306/3802
f 1317/2408 1513/3422 3564/2409
f 3403/2381 3273/4004 3330/3821
f 247/2276 1909/3484 3855/2277
f 2287/4170 3855/2277 3236/4059
f 3857/3579 2135/2130 1504/2650
f 3461/3464 3857/3579 1504/2650
f 2066/3432 2092/4133 3858/3881
f 1719/3884 3858/3881 3877/3438
f 2103/3633 2302/2944 1901/2943
f 2154/3266 1635/3230 3862/2475
f 1837/2257 3862/2475 1635/3230
f 1690/2355 3988/2354 3777/3426
f 2081/3687 3864/3361 1879/3143
f 3867/2749 3644/2748 2017/4112
f 2001/2827 3867/2749 3497/3180
f 2366/3704 3764/3963 3020/3705
f 1704/3804 2084/2154 3344/2156
f 2157/4012 1378/4013 3873/3954
f 2684/3955 3873/3954 1378/4013
f 1988/3079 1863/3078 3874/2291
f 3867/2749 2017/4112 3497/3180
f 1328/3439 1719/3884 3877/3438
f 2092/4133 3877/3438 3858/3881
f 2703/2223 2717/2670 1244/2215
f 3476/3169 3426/2464 2073/3379
f 1850/3682 3217/3754 1589/2700
f 1689/3838 1318/2867 3879/3872
f 1669/2585 3879/3872 1318/2867
f 271/2192 1213/2204 3880/2202
f 2687/2205 3880/2202 1213/2204
f 3554/2941 1211/2940 3881/3117
f 1763/2554 3881/3117 1211/2940
f 3251/2779 1955/3262 3884/4088
f 3884/4088 1955/3262 2506/3065
f 2384/4027 2911/3818 1867/3399
f 3887/3795 4044/4155 1256/3159
f 2034/3488 3887/3795 1256/3159
f 1654/3153 1993/3152 3889/4091
f 1224/2287 3889/4091 1993/3152
f 3826/4123 3890/3566 2042/3582
f 334/2235 4038/2455 3891/2962
f 1357/4221 3891/2962 4038/2455
f 2578/2909 1873/3620 2618/2907
f 3845/4033 3478/3814 3960/3596
f 1469/3325 2001/2827 3893/4007
f 1415/2826 3893/4007 2001/2827
f 2874/4125 3894/3360 1470/3359
f 3473/2170 257/2172 3861/2173
f 1804/3969 1389/4016 3896/3879
f 4158/2712 3896/3879 1389/4016
f 1936/2609 1359/3947 3898/2607
f 1535/3404 3898/2607 2686/3405
f 2732/3982 2622/3240 3598/4215
f 2777/4204 3939/2357 3837/2356
f 2692/3005 4037/4201 3900/4142
f 2096/2363 3900/4142 4037/4201
f 2313/4023 3127/3485 1508/2289
f 3530/4029 1868/3564 3901/4028
f 3793/2824 3901/4028 1384/3098
f 1543/2894 2043/3251 3928/3573
f 2813/3384 3928/3573 2043/3251
f 3904/3316 2662/3315 2617/2871
f 2104/2870 3904/3316 2617/2871
f 1302/3549 3608/2925 1834/2924
f 3265/3725 2993/3501 1608/3119
f 1335/3214 1462/3334 3905/3212
f 1708/3332 3905/3212 1462/3334
f 2268/2350 1230/3669 2131/2348
f 260/2444 3713/2187 259/2186
f 4155/3239 3450/2573 1260/2575
f 3907/3627 2975/4038 1564/3853
f 1383/3625 3907/3627 1564/3853
f 1941/2671 3838/3523 1207/3747
f 1962/2832 3908/2791 3500/4053
f 2898/2542 3278/4175 1345/4074
f 3787/2456 2882/2859 1968/2858
f 2684/3955 1378/4013 3909/4184
f 2434/3194 3909/4184 1378/4013
f 1831/3252 2043/3251 1543/2894
f 2192/4147 1782/3033 3911/3825
f 2299/3663 3911/3825 3385/3674
f 2119/3094 1613/2773 2748/3093
f 2199/4116 2716/4030 1388/3512
f 3009/3629 1284/2699 3917/3911
f 1945/2701 3917/3911 1284/2699
f 3621/3129 3843/2702 1835/3249
f 2989/4042 1406/3144 1879/3143
f 2158/3522 3408/3865 2865/3901
f 2166/3831 3919/3414 4165/3832
f 1893/3014 2828/2530 1523/3849
f 2166/3831 3922/2863 3894/3360
f 3923/3429 4106/3428 1882/3645
f 1535/3404 3923/3429 2970/3451
f 2769/2509 338/2511 2737/2512
f 2106/3693 3530/4029 3196/4122
f 2512/3346 1502/3458 3045/3344
f 3925/3393 2023/4117 1395/3395
f 1851/3099 3925/3393 1395/3395
f 2978/2162 278/2938 3926/3912
f 279/2151 3926/3912 278/2938
f 1543/2894 3928/3573 1974/2895
f 2604/2782 1843/4167 3929/2786
f 2325/3363 3929/2786 1843/4167
f 3034/3966 3608/2925 3931/4211
f 1302/3549 3931/4211 3608/2925
f 2661/3505 2892/3616 1376/3615
f 331/2414 332/2232 3933/2413
f 3933/2413 332/2232 3999/2231
f 1421/2662 1778/3370 3934/2663
f 2028/3444 3934/2663 1778/3370
f 3085/2891 3937/2963 2676/2889
f 3418/3644 3247/3882 1328/3439
f 2882/2859 1869/3883 3247/3882
f 2682/2516 194/2515 3939/2357
f 195/3980 3939/2357 194/2515
f 1367/2316 3377/3490 2079/3489
f 3017/2920 1593/2632 2255/2918
f 1647/3746 1723/3469 3941/3908
f 1858/3470 3941/3908 1723/3469
f 3403/2381 3330/3821 3942/2379
f 2727/3689 3942/2379 3330/3821
f 2419/4025 3176/3686 3439/3685
f 3695/2991 3538/2330 3375/4200
f 3034/3966 3931/4211 3944/2113
f 2634/2118 3944/2113 3931/4211
f 2484/3322 3067/3321 1715/3425
f 2793/2435 1274/2660 3742/3115
f 2176/3197 1779/2667 3946/3864
f 2068/2666 3946/3864 1779/2667
f 1685/3134 2081/3687 3948/3257
f 1441/3142 3948/3257 2081/3687
f 2156/3961 2885/3085 1601/3084
f 3724/3994 2736/3993 1447/4176
f 1624/3216 2053/3608 3952/3378
f 1476/2755 3952/3378 2053/3608
f 3028/3377 2073/3379 2216/3375
f 1253/2483 1407/3149 3767/2481
f 2344/3828 3908/2791 1327/2793
f 2608/2303 1365/2285 3953/2600
f 1224/2287 3953/2600 1365/2285
f 2737/2512 3171/3950 1784/2723
f 2649/4118 1569/3408 3955/2263
f 2058/3409 3955/2263 1569/3408
f 4104/3181 1960/2828 3956/2823
f 1314/3050 3956/2823 1960/2828
f 1779/2667 1607/3943 3307/2665
f 1404/2549 1274/2660 3959/2550
f 2731/2471 3959/2550 1274/2660
f 3386/3887 3960/3596 4084/3097
f 3961/3959 3067/3321 2918/3289
f 1471/2788 3588/2787 1428/4020
f 1428/4020 4017/4019 1471/2788
f 2636/3939 1587/3677 3962/4185
f 2234/2766 1855/2765 3964/3745
f 1397/3607 3964/3745 1855/2765
f 3501/2789 2081/3687 3965/4127
f 1685/3134 3965/4127 2081/3687
f 3251/2779 3648/3626 3788/2780
f 1653/2706 1307/2267 2601/2266
f 3811/3973 3415/3873 1808/3027
f 2955/3314 1456/4098 3628/4094
f 1514/3499 1978/2416 2930/3662
f 1563/2595 2055/3807 3968/2593
f 1670/3148 3968/2593 2055/3807
f 3898/2607 2970/3451 1432/2608
f 1651/2558 1242/3120 3541/3118
f 3180/3045 1824/3173 3971/3044
f 1436/3172 3971/3044 1824/3173
f 2986/3176 1341/4119 3972/3177
f 2780/2072 3972/3177 1341/4119
f 1207/3747 4015/3863 3676/4102
f 3974/2114 3857/3579 1738/2121
f 3730/4022 3974/2114 1738/2121
f 2101/2886 2789/2888 1793/3217
f 2680/3986 3018/4198 3699/3744
f 2578/2909 1337/3553 1532/4048
f 1561/2910 2578/2909 1532/4048
f 3686/3166 2044/4124 3977/2625
f 1976/2916 3977/2625 2044/4124
f 1407/3149 3525/4037 1252/2713
f 3839/2581 1933/3900 2342/3551
f 3018/4198 3980/2148 1421/2662
f 1749/2322 3830/2307 1367/2316
f 2011/3146 2681/4109 2989/4042
f 1534/3061 2032/3479 3982/3550
f 3502/3819 3982/3550 2032/3479
f 2515/3937 3934/2663 2028/3444
f 1540/3236 3983/3729 2716/4030
f 3663/2987 240/2298 2734/2297
f 3616/3326 1559/3328 3759/3726
f 1301/4146 3759/3726 1559/3328
f 3520/3995 1441/3142 1406/3144
f 1948/2741 1712/3868 3985/3927
f 3422/3049 3985/3927 1712/3868
f 3987/3568 3858/3881 1719/3884
f 1869/3883 3987/3568 1719/3884
f 2971/2353 1510/4186 3988/2354
f 2015/3492 3988/2354 1510/4186
f 1469/3325 1949/2746 3937/2963
f 3596/2596 1457/2976 1671/3808
f 2098/3932 3653/2592 1768/2591
f 3977/2625 1394/4097 3989/3575
f 3989/3575 1394/4097 3570/3091
f 3411/2640 1576/2535 4042/2534
f 1467/3503 1454/4115 3677/3714
f 2067/3715 3677/3714 1454/4115
f 3537/2517 1259/3920 3994/4165
f 2298/3811 3994/4165 1259/3920
f 3259/3039 3245/3038 3556/3188
f 260/2444 1922/3780 2808/2445
f 3246/3208 1424/3609 3996/2678
f 2099/2646 3996/2678 1424/3609
f 2866/3652 2907/3870 2415/3653
f 2791/2731 1261/2777 2491/2730
f 3891/2962 1357/4221 3999/2231
f 3933/2413 3999/2231 3294/3890
f 2871/3846 2252/4161 4087/2977
f 3660/4089 4027/4105 1832/3991
f 1298/2131 1919/2419 2328/2129
f 1332/2883 3361/4095 1970/2884
f 4001/3122 3597/3845 1212/3205
f 1422/3204 4001/3122 1212/3205
f 1645/2541 1717/3434 4003/4220
f 2027/3436 4003/4220 1717/3434
f 4004/3491 2727/3689 1232/2716
f 2137/2718 4004/3491 1232/2716
f 3525/4037 2055/3807 4006/4035
f 1563/2595 4006/4035 2055/3807
f 4007/3860 3783/2934 1979/2936
f 1404/2549 4007/3860 1979/2936
f 1550/3168 4008/3498 2996/3590
f 2497/3946 4013/4041 1590/3362
f 2879/3944 2497/3946 1590/3362
f 4101/3392 2008/3391 3463/3869
f 1436/3172 4009/3171 4101/3392
f 1626/3305 2357/3225 3335/3222
f 1356/4055 2928/2225 1928/4071
f 3787/2456 1382/2457 4010/4031
f 3390/2877 4010/4031 1382/2457
f 4011/3817 3374/2911 1532/4048
f 1889/3339 4011/3817 1532/4048
f 2198/3276 1444/3926 2505/3274
f 2243/2074 2962/3710 3972/3177
f 2760/3333 2911/3818 1425/3331
f 3575/3727 4036/3951 1830/3618
f 1217/3209 3575/3727 1830/3618
f 2061/2949 3881/3117 1763/2554
f 2497/3946 1305/4000 4013/4041
f 2989/4042 4013/4041 1305/4000
f 2597/2648 1679/2578 3499/4085
f 2818/3113 2068/2666 4015/3863
f 2358/3809 1432/2608 4016/3886
f 1499/3445 4016/3886 2970/3451
f 4017/4019 1428/4020 1854/3442
f 1497/3885 4017/4019 1854/3442
f 2440/2407 4018/3263 2010/3699
f 3575/3727 1386/3211 3616/3326
f 2906/3578 4134/3577 3317/3164
f 2483/3753 1850/3682 2922/4153
f 1456/4098 4018/3263 2077/3265
f 1715/3425 1806/2999 2566/3970
f 232/2494 1748/2309 231/2308
f 1304/3827 2499/4072 1992/3133
f 1297/3858 1951/4084 3708/4224
f 3465/3752 2508/3698 1628/3260
f 3001/2742 2750/4121 3440/3546
f 2222/3958 1536/3957 4024/2715
f 3093/4217 4024/2715 1536/3957
f 2215/4024 3803/2460 1515/3450
f 3068/4080 1938/4079 4025/3783
f 2848/4136 4025/3783 1938/4079
f 4026/3866 1710/3235 1470/3359
f 1429/2768 1832/3991 4027/4105
f 1306/3802 4027/4105 3660/4089
f 3037/3703 1602/3769 4029/2818
f 3175/3871 2105/3981 2603/3147
f 2371/3547 3724/3994 1447/4176
f 1512/3278 3714/3720 3204/3784
f 1689/3838 3321/2478 1318/2867
f 3999/2231 333/2233 3891/2962
f 2908/3234 2042/3582 3890/3566
f 3194/3421 1637/3768 3043/2631
f 1887/3764 3735/4046 3341/3766
f 4036/3951 3759/3726 2948/4213
f 2844/3952 4036/3951 2948/4213
f 3511/3823 1752/2364 4037/4201
f 3787/2456 1968/2858 4038/2455
f 1357/4221 4038/2455 1968/2858
f 2394/4151 2557/2744 3319/2743
f 3132/2208 3092/3637 3420/3790
f 3884/4088 2506/3065 3747/3064
f 4042/2534 1618/3128 2065/3679
f 3411/2640 4042/2534 2065/3679
f 3677/3714 1346/3713 4043/3477
f 1739/2128 4043/3477 1346/3713
f 3690/3898 4044/4155 2832/2601
f 1935/2697 1726/2583 4046/2698
f 3401/3667 4046/2698 1726/2583
f 3034/3966 3514/3468 3608/2925
f 2998/3800 2889/3826 3911/3825
f 2949/2764 3934/2663 2515/3937
f 1306/3802 3823/3801 4027/4105
f 1939/2657 1667/2559 4051/2655
f 3071/3799 4051/2655 1667/2559
f 3100/3985 1379/3189 4054/4207
f 2576/3614 4054/4207 1379/3189
f 3401/3667 3968/2593 1670/3148
f 3122/3383 2773/3340 2091/4140
f 2391/4160 1639/2480 3141/4076
f 2173/3989 1934/2770 3827/3595
f 4137/3417 1465/3028 4057/3415
f 3415/3873 4057/3415 1465/3028
f 4058/3437 3418/3644 1328/3439
f 1600/3702 4058/3437 3877/3438
f 2794/4195 3708/4224 1951/4084
f 4059/3897 3434/2603 1520/2992
f 1391/2993 4059/3897 1520/2992
f 3271/2989 1391/2993 4060/3917
f 1883/2491 4060/3917 1391/2993
f 3190/2290 243/3487 2513/2288
f 1935/2697 3839/2581 1726/2583
f 2710/3449 4061/4065 1515/3450
f 1771/2606 3953/2600 3647/2599
f 2935/2431 1741/3910 248/4214
f 12/3483 248/4214 1741/3910
f 3929/2786 3185/3364 2669/2785
f 1472/3385 2142/3513 1519/2973
f 2040/3559 2746/3246 1294/2569
f 4077/3507 1311/4067 4066/3508
f 1923/2467 4066/3508 1311/4067
f 184/2391 3232/2393 183/2397
f 2154/3266 2071/3730 4067/3267
f 1615/3700 4067/3267 3719/3075
f 1204/2639 1271/2638 4068/3678
f 1295/2463 1663/3793 4069/3215
f 2099/2646 4069/3215 1663/3793
f 2011/3146 2989/4042 1305/4000
f 1377/2928 2996/3590 4008/3498
f 2394/4151 1281/2923 4073/3223
f 3181/3467 4073/3223 1281/2923
f 2633/2134 1214/2454 3620/2132
f 1802/2747 2301/3542 1358/2745
f 2917/3285 2634/2118 3931/4211
f 1789/2801 1257/3515 3688/2799
f 2214/3509 1308/3237 4077/3507
f 1790/2808 4077/3507 1308/3237
f 2344/3828 3050/3037 1684/3036
f 1254/4150 2617/2871 2662/3315
f 235/2311 4088/4060 4079/2312
f 1656/2990 4079/2312 4088/4060
f 1372/2367 1657/2518 4080/2365
f 342/2371 4080/2365 3537/2517
f 3741/3017 3051/3301 4103/2380
f 1761/2537 2097/3928 3422/3049
f 1817/3096 1395/3395 4084/3097
f 2023/4117 4084/3097 1395/3395
f 3692/2498 1539/2497 4085/3555
f 1957/2813 4085/3555 2884/2809
f 1223/2707 1946/2709 4087/2977
f 2871/3846 4087/2977 1946/2709
f 235/2311 236/2314 4088/4060
f 2656/2313 4088/4060 236/2314
f 2041/3051 3058/4113 3583/4205
f 278/2938 2978/2162 3773/2438
f 3477/2274 1653/2706 4090/2272
f 3230/3781 4090/2272 2601/2266
f 4091/2432 248/4214 249/2155
f 2084/2154 4091/2432 249/2155
f 4093/2217 3125/2220 1215/2226
f 1904/2221 4093/2217 1215/2226
f 2377/3810 3919/3414 2166/3831
f 3597/3845 1990/3124 2559/3716
f 244/4187 245/2280 1319/2281
f 2587/3540 2039/3114 4095/3538
f 2514/3640 4095/3538 2039/3114
f 4061/4065 1478/3851 4099/2428
f 2336/3938 4099/2428 1478/3851
f 3463/3869 1712/3868 4101/3392
f 1436/3172 4101/3392 1712/3868
f 1279/2576 4143/3695 4102/2641
f 1248/3227 4102/2641 4143/3695
f 1374/3557 1893/3014 4103/2380
f 3741/3017 4103/2380 1893/3014
f 1415/2826 1960/2828 4104/3181
f 1851/3099 1269/2825 3793/2824
f 2694/4156 1905/2247 4106/3428
f 1568/3574 4106/3428 1905/2247
f 1516/3502 2993/3501 4139/3815
f 1663/3793 1295/2463 4107/3792
f 2106/3693 4107/3792 1295/2463
f 2640/3494 1231/3162 4108/3892
f 2070/3971 4108/3892 1231/3162
f 2931/3660 1524/3859 4110/4194
f 1297/3858 4110/4194 1524/3859
f 1382/2457 335/2236 4112/2819
f 336/3043 4112/2819 335/2236
f 1864/2440 2943/3924 1240/2552
f 3558/3545 2736/3993 1558/3611
f 4115/2587 3827/3595 1934/2770
f 1553/2769 4115/2587 1934/2770
f 2223/4014 1239/3112 4116/4154
f 2926/2555 4116/4154 1239/3112
f 2821/3976 1275/4139 4117/3521
f 2158/3522 4117/3521 1275/4139
f 4119/3936 2672/3934 3542/4131
f 2056/3641 4119/3936 3542/4131
f 2570/3219 1625/3570 3521/3541
f 289/3642 3249/2222 2057/2224
f 3466/2557 1801/2950 4121/2954
f 1353/3121 4121/2954 1801/2950
f 3552/3634 2103/3633 4123/4197
f 1350/2167 4123/4197 2103/3633
f 275/2178 276/2165 4126/2951
f 1660/2164 4126/2951 276/2165
f 4110/4194 1297/3858 3708/4224
f 1434/2919 4019/3165 4134/3577
f 3317/3164 4134/3577 4019/3165
f 4137/3417 2054/3416 4134/3577
f 3015/3576 4137/3417 4134/3577
f 2558/4006 1906/2254 4138/3915
f 1744/2905 4138/3915 1906/2254
f 1676/4052 1516/3502 4139/3815
f 2899/3435 2512/3346 1857/3345
f 205/2501 9/4222 4142/2499
f 2551/2352 4142/2499 9/4222
f 3063/2677 1485/3228 4143/3695
f 1248/3227 4143/3695 1485/3228
f 3653/2592 1670/3148 4145/2590
f 1253/2483 4145/2590 1670/3148
f 3450/2573 1866/3530 4146/2574
f 1943/2681 4146/2574 1866/3530
f 2786/3913 1505/3789 4147/3904
f 2698/3788 4147/3904 1505/3789
f 2180/2260 1229/2262 2600/3861
f 2462/3255 1440/3697 3234/4073
f 1617/3593 1501/2400 4154/3457
f 2030/3455 4154/3457 1501/2400
f 1433/2725 3598/4215 4155/3239
f 2622/3240 4155/3239 3598/4215
f 3956/2823 1269/2825 4104/3181
f 2641/4196 3481/3387 4158/2712
f 3143/3389 4158/2712 3481/3387
f 4013/4041 3864/3361 1590/3362
f 3801/3543 1802/2747 4161/4104
f 2783/2643 4161/4104 1802/2747
f 3123/4005 1844/2693 4162/2775
f 1944/2695 4162/2775 1844/2693
f 1917/2392 185/3281 4164/2814
f 186/3018 4164/2814 185/3281
f 3919/3414 1498/3413 4165/3832
f 2184/4126 4165/3832 1498/3413
f 2874/4125 3826/4123 3117/4077
f 3874/2291 1391/2993 3271/2989
f 2847/2159 253/2158 4167/2434
f 254/4192 4167/2434 253/2158
f 197/3647 198/2245 4169/2614
f 1673/2244 4169/2614 198/2245
f 223/2305 1655/2488 4170/2306
f 2072/3514 4170/2306 1655/2488
